name,mass,mass_error,star_luminosity,star_luminosity_error,temp_eq,temp_eq_error,semi_major_axis,semi_major_axis_error,star_mass,star_mass_error,star_radius,star_radius_error,star_teff,star_teff_error,radius,radius_error
109 Psc b,1825.2885390732174,206.58846428653857,2.827144587169372,0.5607738045942722,252.61281284756896,13.529464436937085,2.051,0.08299999999999999,1.13,0.03,1.79,0.17,5600.0,80.0,12.912745802041359,1.1769429767485615
51 Peg b,149.37935109949714,15.89142032973374,1.3639270281093658,0.15805410200633874,1320.4122113030705,122.9099420455022,0.052,0.0092,1.03,0.126,1.176,0.051,5758.0,110.623,21.297063388783492,3.3626942192816043
55 Cnc Ae,8.59090183025406,0.429068348902811,0.6320910453390182,0.1114538604858112,1999.5797904850854,88.15011830015686,0.015439,1.5e-05,0.9,0.115,0.963,0.0654,5250.0,147.574,1.9469999529640487,0.037998444677882125
AF Lep b,1191.8565247300305,158.9142032973374,1.9794829895974888,0.20522624973966783,110.28584771658863,2.9444597053353134,8.98,0.11499999999999999,1.2,0.06,1.25,0.06,6130.0,60.0,14.571674950220284,1.6813471096408021
BD-14 3065 Ab,3931.5373895761268,286.0455659352073,11.46070769881429,0.9812328333037982,2002.7578095616368,62.72890155742677,0.0656,0.003,1.41,0.05,2.35,0.08,6935.0,90.0,21.633332810711654,1.0088082657844812
BD+20 594 b,22.247988461627237,9.534852197840243,1.1567404246435298,0.15109708931587187,588.587849262069,30.12894358378014,0.241,0.019,1.67,0.4,1.08,0.06,5766.0,99.0,2.5780655681158966,0.11208980730938681
CoRoT-10 b,874.0281181353557,44.495976923254474,0.37143961361477806,0.05189192933895878,697.8434381163298,25.85994451358742,0.1055,0.0021,0.89,0.05,0.79,0.05,5075.0,75.0,10.87271130901052,0.560449036546934
CoRoT-11 b,740.5401873655923,85.8136697805622,2.6862505183179097,0.527832853361423,1710.0268194305888,84.29998039948336,0.04351,0.00036,1.27,0.05,1.36,0.13,6343.0,72.0,16.02884244524231,0.3698963641209765
CoRoT-12 b,291.4486488473168,21.453417445140552,1.1589953742713828,0.20195535692873665,1443.4477508492898,65.02636858661202,0.04016,0.00092,1.078,0.072,1.116,0.092,5675.0,80.0,16.1409322525517,1.4571674950220286
CoRoT-13 b,415.7195558258346,20.976674835248538,1.143246902419899,0.0969806616807333,1275.7358371548687,47.27857442504183,0.051,0.0031,1.09,0.02,1.01,0.03,5945.0,90.0,9.919947946880733,0.15692573023314152
CoRoT-14 b,2415.495890119528,190.69704395680486,1.7424875683289325,0.2577361612805689,1948.1454357862074,101.9594780799596,0.027,0.002,1.13,0.09,1.21,0.08,6035.0,100.0,12.217788996723163,0.7846286511657077
CoRoT-15 b,20150.32097810238,1366.6621483571016,3.1094992951414513,0.6958034933106071,1744.123340917577,252.18876807464588,0.045,0.012,1.32,0.12,1.46,0.135,6350.0,200.0,12.554058418651323,2.5220206644612033
CoRoT-16 b,170.03819752815102,27.01541456054736,1.2947250897445335,0.3181323198638603,1212.8865590934615,76.77161421155539,0.0618,0.0015,1.098,0.078,1.19,0.14,5650.0,100.0,13.114507455198256,1.5692573023314154
CoRoT-17 b,772.3230280250598,50.85254505514797,2.4622472904094472,0.2566037750557375,1625.5236394836845,44.63796036822858,0.0461,0.0008,1.04,0.1,1.59,0.07,5740.0,80.0,11.433160345557454,0.7846286511657077
CoRoT-18 b,1102.8645708835215,120.77479450597642,0.7857519161320436,0.21230803670975532,1528.515129062783,111.36222434369054,0.0295,0.0016,0.95,0.15,1.0,0.13,5440.0,100.0,14.683764757529673,2.0176165315689625
CoRoT-19 b,352.78953132008905,19.069704395680485,3.3599043104472712,0.22450261406400315,1657.8595482667868,30.5222637015197,0.0518,0.0008,1.21,0.06,1.65,0.04,6090.0,70.0,14.459585142910898,0.560449036546934
CoRoT-1 b,327.36325879251507,38.13940879136097,1.7391876096404275,0.17281390105779196,2007.6157088081927,52.31695647046744,0.0254,0.0004,0.95,0.15,1.11,0.05,6298.0,66.0,16.701381289098634,0.8967184584750945
CoRoT-20 b,1347.5924439614212,73.1005335167752,0.9077678740236095,0.20501775626986762,949.5260331731573,54.79842278102009,0.0902,0.0021,1.14,0.08,0.92,0.1,5880.0,90.0,9.415543813988492,0.44835922923754723
CoRoT-21 b,718.292198903965,98.52680604434919,5.041106013742097,1.133440458353621,2044.4395107305054,118.03899574912609,0.0417,0.0011,1.29,0.09,1.95,0.21,6200.0,100.0,14.571674950220284,1.5692573023314154
CoRoT-22 b,19.069704395680485,18.35459048084247,1.4404553927476222,0.1829398336277592,1007.0816889579663,33.04919336646321,0.092,0.0014,1.099,0.049,1.136,0.064,5939.0,87.0,4.8803902102507015,0.280224518273467
CoRoT-23 b,889.9195384650893,79.4571016486687,2.818056191442961,0.6584516674287366,1658.2381351014633,117.2463622325554,0.0477,0.0038,1.14,0.08,1.61,0.18,5900.0,100.0,12.105699189413777,1.4571674950220286
CoRoT-24 b,5.720911318704146,2.8588665173190995,0.39838919233097747,0.09635736031122102,935.3921241014941,58.975102328006784,0.056,0.002,0.91,0.09,0.86,0.09,4950.0,150.0,3.698963641209765,0.44835922923754723
CoRoT-24 c,27.96889978033138,11.123994230813619,0.39838919233097747,0.09635736031122102,707.0899824860057,44.10403976319041,0.098,0.003,0.91,0.09,0.86,0.09,4950.0,150.0,4.931951521613019,0.44835922923754723
CoRoT-26 b,165.2707714292309,15.89142032973374,2.8070047236725255,0.4686303439214847,1572.456894809942,67.31114817030146,0.0526,0.001,1.09,0.06,1.79,0.135,5590.0,100.0,14.123315720982738,1.1208980730938682
CoRoT-27 b,3302.2371445186714,174.80562362707116,1.268076363450125,0.3000856664710739,1355.8871926373502,123.57712059289048,0.0476,0.0066,1.05,0.11,1.08,0.12,5900.0,120.0,11.287443596055251,0.49319515216130194
CoRoT-29 b,270.15414560547356,63.56568131893496,0.5563112537332406,0.15426386537882641,1219.4787879379292,90.16010838239056,0.039,0.002,0.976,0.14,0.9,0.12,5260.0,100.0,10.088082657844813,1.793436916950189
CoRoT-2 Ab,1052.0120258283737,50.85254505514797,0.737703572237587,0.1590988552805044,1540.3809782555109,86.63860926305819,0.0281,0.0009,0.972,0.118,0.938,0.0946,5529.0,105.517,16.421156770825167,0.32506044119722177
CoRoT-30 b,921.7023791245568,69.92224945082846,0.762497386339218,0.10409643563360503,896.1936491624542,31.24368516158925,0.0844,0.0012,0.98,0.04,0.91,0.06,5660.0,50.0,11.309861557517127,0.8518825355513397
CoRoT-31 b,266.9758615395268,108.06165824218944,3.4487674632612935,1.8830401209162597,1568.5549027943464,218.8948767826074,0.0586,0.0034,1.25,0.22,2.15,0.5800000000000001,5370.0,112.5,16.365111867170473,3.3626942192816043
CoRoT-33 b,18815.441670404747,572.0911318704146,0.5908683619465726,0.09982060819257074,1015.8062877931657,91.39800481271465,0.0579,0.0092,0.86,0.004,0.94,0.07400000000000001,5225.0,80.0,12.32987880403255,5.940759787397501
CoRoT-35 b,349.6112472541423,117.59651044002968,4.072500731879283,0.5945658481296288,1910.9418954573407,72.69465296329699,0.0429,0.00092,1.01,0.07,1.65,0.1,6390.0,130.0,18.831087627976984,1.2329878804032548
CoRoT-36 b,216.12331648437888,182.751333791938,4.252431071271,0.9108357557336797,1557.3928920760056,117.36994030895107,0.066,0.007,1.32,0.09,1.52,0.15000000000000002,6730.0,140.0,15.804662830623538,1.5692573023314154
CoRoT-3 b,6884.163286840656,317.8284065946748,3.8593590699380624,0.5084562416014827,1635.6945406349528,68.95841803857866,0.057,0.003,1.36,0.223,1.525,0.088,6558.0,104.178,13.338687069817029,1.120898073093868
CoRoT-4 b,228.83645274816584,25.426272527573985,1.7419999040678036,0.11323537671568398,1066.9685351770506,18.324289377853027,0.09,0.001,1.1,0.02,1.15,0.03,6190.0,60.0,13.338687069817029,0.560449036546934
CoRoT-5 b,148.42586587971314,11.282908434110954,1.7473446236922408,0.139423512151936,1441.7037758532085,29.097199531624888,0.04947,0.00029,1.0,0.02,1.186,0.04,6100.0,65.0,14.907944372148446,0.526822094354118
CoRoT-6 b,940.7720835202374,108.06165824218944,1.2966021914283432,0.08877315197698453,1018.063967030447,19.62291451608531,0.0855,0.0015,1.055,0.055,1.025,0.026,6090.0,70.0,13.069671532274501,0.39231432558285384
CoRoT-7 Ab,6.060987713760448,0.6515482335190834,0.541112565226753,0.05796750944616163,1825.3911042573936,51.39908563434519,0.0172,0.00029,0.93,0.03,0.87,0.04,5313.0,73.0,1.5244213794076606,1.1769429767485615
CoRoT-8 b,68.58737014313081,10.806165824218944,0.3542632882828881,0.028925349171474605,856.3910067370681,18.755767813989003,0.063,0.001,0.88,0.04,0.77,0.02,5080.0,80.0,6.380151832050298,0.21969602232639812
CoRoT-9 Ab,266.9758615395268,22.247988461627237,0.7936621411231635,0.0812465157929944,413.1344594378094,10.887352332677839,0.407,0.005,0.99,0.04,0.94,0.04,5625.0,80.0,10.53644188708236,0.44835922923754723
G 9-40 b,4.131769285730772,0.6293002450574561,0.010833156942551263,0.0008124145406614471,439.65442966189937,8.903482137107952,0.0418,0.00064,0.29,0.02,0.31,0.01,3348.0,32.0,1.905526724259576,0.06501208823944435
GJ 1132 b,1.6590642824242023,0.22883645274816586,0.004395634278861769,0.0010141038437914687,578.1038515141057,43.63985551497399,0.0154,0.0015,0.181,0.019,0.207,0.016,3270.0,140.0,1.1601295056521534,0.10984801116319906
GJ 1214 b,8.171368333549088,0.429068348902811,0.003509724659011212,0.0007977292698251161,576.3346989035267,33.87172602593762,0.01411,0.00032,0.15,0.011,0.216,0.012,3026.0,150.0,2.7420529562095295,0.05301847885733996
GJ 1245 Ab,10647.251620921605,6515.4823351908335,0.0016278167660841582,0.0003571043258903606,40.88413397781146,2.303956462621651,1.93,0.05,0.135,0.02,0.1641,0.00536,2865.0,150.0,9.751813235916652,0.44835922923754723
GJ 143 b,22.69294823085978,2.0499932225356523,0.22161925592784262,0.020046731324370775,436.8804276672897,10.017167238921584,0.1932,0.0002,0.76,0.007,0.73,0.01,4640.0,100.0,2.610571612235619,0.16533246578134553
GJ 3090 b,3.340376553310032,0.7214704829699118,0.03819761634849079,0.0038285246437794193,695.2180853610845,18.091842071453996,0.03165,0.00027,0.519,0.013,0.516,0.016,3556.0,70.0,2.1297063388783495,0.10984801116319906
GJ 3470 b,13.889101368187289,0.5085254505514797,0.036770149884505915,0.006450717839405972,646.9375416028054,29.795360470127694,0.03557,0.001,0.51,0.06,0.48,0.04,3652.0,50.0,4.351998858594252,0.030264247973534438
GJ 3473 Ab,1.8592961785788475,0.2860455659352073,0.014918167075061021,0.001376367228340367,772.463119105527,23.335718814604427,0.01589,0.00062,0.36,0.016,0.364,0.012,3347.0,54.0,1.264036757027955,0.005044041328922406
GJ 357 b,2.0868613177006345,0.32100669066062154,0.015378066723481949,0.0016355957822850225,540.2556940344158,16.537232432940648,0.033,0.001,0.342,0.011,0.337,0.015,3505.0,51.0,1.166966983898026,0.03698963641209765
GJ 436 b,18.54846580886522,0.4131769285730772,0.035579865103266724,0.0027130134171072075,715.501072810074,18.107941821973633,0.02887,0.00095,0.452,0.012,0.464,0.011,3684.0,55.0,3.645048443893949,0.020176165315689623
GJ 486 b,2.819137966494765,0.12077479450597643,0.012012223514688782,0.001119208223093492,700.6934001419842,17.210271841342756,0.01734,0.00027,0.323,0.15,0.328,0.011,3340.0,54.0,1.3050616265031907,0.06501208823944435
GJ 777 Ad,11.505388318727228,1.6050334533031076,1.1604713815856906,0.14169968985459305,464.0886792497766,14.43485647338373,0.3886,0.0046,0.98,0.1197,1.168,0.0536,5549.0,111.723,2.0176165315689625,0.875981844122858
GJ 7 b,3.1687492137489075,0.6515482335190834,0.030829512740196907,0.0037783390602569027,450.6465165340091,30.091194491507263,0.0675,0.008,0.467,0.023,0.44,0.02,3650.0,75.0,1.359649362662862,0.1300241764788887
GJ 9827 b,4.869131189030417,0.36868095164982273,0.12463788901982843,0.02802839002565467,1211.9020966449475,68.44154877341361,0.01866,0.0002,0.659,0.06,0.651,0.065,4255.0,110.0,1.5290170615073455,0.05795043037895298
GJ 9827 d,3.4198336549587007,0.6197653928596158,0.12463788901982843,0.02802839002565467,702.711182966414,39.67063088270047,0.0555,0.00057,0.659,0.06,0.651,0.065,4255.0,110.0,1.9549583292830155,0.07498808108997977
Gliese 12 b,0.7087573467061249,0.12077479450597643,0.007269937263549768,0.000613863175526539,317.70889488499427,8.357841303035638,0.066,0.002,0.241,0.006,0.269,0.0068,3253.0,55.0,0.9040042959502046,0.035476424013420924
GPX-1 b,6261.219609915093,508.5254505514797,5.242412696189813,0.9003800597726822,2293.164906280329,98.9868186142796,0.0338,0.0003,1.68,0.1,1.56,0.1,7000.0,200.0,16.47720167447986,1.793436916950189
HAT-P-10 Ab,146.2010670335504,8.899195384650895,0.3620572586271453,0.024982464618133315,1031.5086872456918,20.698370469410584,0.0439,0.0009,0.82,0.03,0.81,0.02,4980.0,60.0,11.713384863830921,0.3698963641209765
HAT-P-11 b,23.392170725368064,1.4937935109949716,0.21849567449906165,0.010804428331750644,834.9998133452129,12.09418282763329,0.053,0.0008,0.809,0.025,0.683,0.009,4780.0,50.0,4.3602935043351465,0.060528495947068876
HAT-P-12 b,66.89966460414915,4.189978993900376,0.20554065754995063,0.012125537116669576,957.3476124732213,14.606139088259559,0.0384,0.0003,0.73,0.02,0.7,0.01,4650.0,60.0,10.637322713660808,0.6837478245872595
HAT-P-13 b,286.0455659352073,9.534852197840243,2.206171819419426,0.26654105620474,1600.7568138820268,57.02545033849278,0.045,0.0017,1.22,0.1,1.56,0.08,5638.0,90.0,16.1409322525517,0.44835922923754723
HAT-P-14 Ab,776.7726257173852,19.069704395680485,3.6687464917364636,0.33599940565521147,1568.1807259800955,45.82168274928573,0.0606,0.0022,1.386,0.045,1.468,0.054,6600.0,90.0,11.321070538248067,0.4259412677756699
HAT-P-15 b,618.4940792332371,20.976674835248538,1.0058524251395744,0.10317305028334386,902.8214891205928,24.07636896458089,0.0964,0.0014,1.013,0.043,1.08,0.043,5568.0,90.0,12.016027343566266,0.4819861714303632
HAT-P-16 Ab,1332.6545088514713,29.87587021989943,1.974185635086261,0.20058193090928456,1625.373623326,42.02910288645293,0.0413,0.0004,1.218,0.039,1.237,0.054,6158.0,80.0,14.448376162179958,0.739792728241953
HAT-P-17 b,181.4800201655593,5.720911318704146,0.4760514704577239,0.12611105369097855,817.2055240364258,56.78325614267688,0.0828,0.0024,0.857,0.039,0.837,0.1,5246.0,150.0,10.984801116319908,0.3362694219281604
HAT-P-18 Ab,58.16259840682549,10.488337417624269,0.25944422382651133,0.021623319195023222,842.2273730188438,18.51334020264121,0.0559,0.0007,0.77,0.031,0.717,0.026,4870.0,50.0,10.61490475219893,0.49319515216130194
HAT-P-19 b,92.80589472564503,5.720911318704146,0.3740414545863185,0.05862498314010712,1009.9318144940162,40.5173294278519,0.0466,0.0008,0.842,0.042,0.82,0.048,4990.0,130.0,12.688566187422586,0.8070466126275849
HAT-P-1 Bb,166.85991346220428,6.038739725298821,1.5813601110023985,0.09601108620526952,1325.6727367025906,22.687286736295352,0.05561,0.00083,1.151,0.052,1.174,0.03,5980.0,49.0,14.78464558410812,0.21297063388783494
HAT-P-20 Ab,2302.984634185014,59.43391203320419,0.19264194470395882,0.11735382173423078,971.5321205937297,148.11262987136234,0.0361,0.0005,0.756,0.028,0.694,0.21,4595.0,80.0,9.718186293723836,0.3698963641209765
HAT-P-21 b,1291.3368159941635,51.17037346174264,1.0681690636867192,0.17173046054302576,1282.9372098009749,52.37428870866537,0.0494,0.0007,0.947,0.042,1.105,0.083,5588.0,80.0,11.47799626848121,1.0312262272463586
HAT-P-22 Ab,682.3775889587668,19.38753280227516,0.7668588291653208,0.07970330565681064,1281.4551757237089,34.18433896943258,0.0414,0.0005,0.916,0.035,1.04,0.044,5302.0,80.0,12.105699189413777,0.6501208823944435
HAT-P-23 Ab,664.2613697828702,34.96112472541423,1.8387787238156001,0.1473271858775558,2133.1069448277494,43.777761005943375,0.0232,0.0002,1.13,0.05,1.29,0.05,5924.0,30.0,15.333885639924116,1.0088082657844812
HAT-P-24 Ab,217.71245851735225,10.488337417624269,2.5670662314714003,0.2947645739062554,1636.3939660799128,48.15120424479303,0.0465,0.0006,1.191,0.042,1.317,0.068,6373.0,80.0,13.921554067825841,0.7510017089728916
HAT-P-25 b,180.20870653918058,141.51309803627896,0.7550536690539349,0.07296867115743105,1203.2834702030334,122.2940860845515,0.0466,0.0092,1.01,0.032,0.959,0.037,5500.0,80.0,13.338687069817029,1.1769429767485615
HAT-P-26 b,18.592961785788475,2.278829675283818,0.3707277848865564,0.04792877626967083,995.2863788753572,32.82067720453055,0.0479,0.0006,0.816,0.033,0.788,0.043,5079.0,88.0,6.389119016635047,0.11208980730938681
HAT-P-27 Ab,209.76674835248537,10.488337417624269,0.5708815423638808,0.06294819309108102,1207.3303064627416,34.13202130018043,0.0403,0.0005,0.945,0.035,0.898,0.039,5300.0,90.0,11.825474671140308,0.40352330631379246
HAT-P-28 b,198.96058252826643,11.759651044002966,1.136146193293909,0.15934588995494328,1381.2297022673704,49.6976864293846,0.0434,0.0007,1.025,0.047,1.103,0.069,5680.0,90.0,13.58528464589768,1.0928756212665214
HAT-P-29 b,247.270500330657,18.43404758249114,1.8452953722719496,0.25005187707225185,1258.7994782266749,43.33050786200716,0.0667,0.0008,1.207,0.046,1.224,0.075,6087.0,88.0,12.408341669149118,1.2217788996723162
HAT-P-2 b,2777.820273637458,82.63538571461545,3.6011989430716147,0.5727942787577516,1537.0349358216754,61.81924358033401,0.0674,0.00081,1.34,0.09,1.54,0.12,6414.0,51.0,10.659740675122684,0.59407597873975
HAT-P-30 Ab,229.78993796794987,5.403082912109472,2.4216601837047773,0.18962021548523794,1712.6044562814961,81.99063414818502,0.0412,0.0036,1.18,0.03,1.33,0.03,6250.0,100.0,15.804662830623538,0.40352330631379246
HAT-P-31 b,690.0054707170389,28.922385000115405,2.245385364218971,0.6125372374900465,1465.5906125729798,223.454790965466,0.055,0.015,1.218,0.063,1.36,0.18,6065.0,100.0,11.993609382104388,2.241796146187736
HAT-P-32 Ab,238.3713049460061,41.317692857307726,2.238397845741684,0.252992353275246,1841.3795007788945,53.18500452317062,0.03427,0.00041,1.176,0.07,1.387,0.067,6001.0,88.0,20.0528665276493,0.280224518273467
HAT-P-33 Ab,242.50307423173686,37.18592357157695,4.756155162178845,1.5214934698804667,1839.6837026027247,148.6043799059576,0.0503,0.0011,1.403,0.096,1.777,0.28,6401.0,88.0,20.47880779542497,3.2506044119722173
HAT-P-34 b,1156.8954000046162,67.06179379147638,3.3859687112659094,0.524579184911756,1323.337200475669,69.58360925680589,0.0861,0.006,1.36,0.01,1.45,0.11,6509.0,51.0,12.800655994731972,1.0088082657844812
HAT-P-35 Ab,334.99114055078724,10.488337417624269,2.5513702397824183,0.3330525933918227,1578.0598674338455,52.36982942061012,0.0498,0.0006,1.236,0.048,1.435,0.084,6096.0,88.0,14.930362333610324,1.0984801116319907
HAT-P-36 b,582.2616408814442,31.465012252872807,1.044835100549812,0.1304221727632801,1826.838637724331,59.04708719615677,0.0238,0.0004,1.022,0.049,1.096,0.056,5580.0,100.0,14.168151643906493,0.7958376318966462
HAT-P-37 b,371.5414073091748,32.7363258792515,0.6314512025645673,0.07825356512982637,1276.3186275603807,40.81872952618339,0.0379,0.0006,0.929,0.043,0.877,0.044,5500.0,100.0,13.204179301045764,0.8630915162822784
HAT-P-38 b,84.86018456077818,6.356568131893496,0.6168819857607056,0.10081616746331634,1080.3258177483306,45.115274211006074,0.0523,0.0009,0.886,0.044,0.923,0.067,5330.0,100.0,9.247409103024411,0.7061657860491369
HAT-P-3 Ab,187.83658829745278,5.720911318704146,0.42657567008903435,0.04735065722116823,1145.193649132304,32.35461129143358,0.03866,0.00041,0.917,0.03,0.799,0.039,5224.0,69.0,9.269827064486288,0.6164939402016274
HAT-P-42 b,309.88269642980794,40.04637923092903,2.278724509658561,0.41332638589707654,1427.5780734151144,66.15981449394297,0.0575,0.0011,1.179,0.067,1.528,0.136,5743.0,50.0,14.313868393408693,1.6701381289098634
HAT-P-43 b,209.76674835248537,26.37975774735801,1.1104110676004262,0.08242188065457354,1358.876279478131,26.356428843425274,0.0443,0.0005,1.048,0.036500000000000005,1.104,0.028999999999999998,5645.0,74.0,14.381122277794326,0.51000862325771
HAT-P-44 Bb,124.58873538511253,9.852680604434918,0.675957033503031,0.12484588595119615,1122.7130824496533,52.43589209076806,0.0507,0.0007,0.939,0.041,0.979,0.0825,5295.0,100.0,14.347495335601511,1.2273833900377855
HAT-P-45 Ab,283.5029386824499,37.50375197817163,2.506076252336353,0.45945036690498625,1649.3798612375165,76.67896741732508,0.0452,0.0007,1.259,0.058,1.319,0.11349999999999999,6330.0,100.0,15.984006522318557,1.468376475752967
HAT-P-46 b,156.68940445117468,21.29450324184321,5.785202982715644,1.3356150028816391,1802.312772378223,105.77874122945218,0.0577,0.00115,1.763,0.3205,1.395,0.053,7587.0,413.5,14.392331258525266,2.2642141076496136
HAT-P-47 b,65.472651758503,12.395307857192316,4.157114564255468,0.25213738676602804,1604.2471475039508,25.552996481953862,0.0615,0.0006,1.387,0.038,1.515,0.04,6703.0,50.0,14.717391699722487,0.5044041328922406
HAT-P-48 b,53.39517230790537,7.627881758272195,1.6774221887425378,0.13822369517638003,1360.7286108599596,29.371947465735598,0.0543,0.0007,1.099,0.041,1.223,0.046,5946.0,50.0,12.677357206691648,0.6052849594706887
HAT-P-49 b,549.8431434087873,65.15482335190833,6.521571776886421,0.7869343902797052,2193.5639339811705,84.9321707964734,0.0412,0.002,1.543,0.051,1.833,0.10700000000000001,6820.0,52.0,16.23060409839921,0.6837478245872595
HAT-P-4 b,216.12331648437888,12.713136263786993,2.7298908178677914,0.27056489169282605,1695.8198926790049,47.81279867974953,0.0446,0.0012,1.26,0.14,1.59,0.07,5890.0,67.0,14.235405528292125,0.560449036546934
HAT-P-50 b,432.24663296875775,23.837130494600608,4.023498064369113,0.3591450308298373,1857.1005398697368,46.24849693865911,0.0453,0.00099,1.273,0.082,1.698,0.071,6280.0,49.0,14.437167181449022,0.7173747667800756
HAT-P-51 Ab,98.20897763775451,5.720911318704146,0.8571533771964945,0.06350774982040483,1193.0040174650965,22.952369353182462,0.05069,0.00049,0.976,0.028,1.041,0.0335,5449.0,50.0,14.493212085103714,0.6052849594706887
HAT-P-52 b,260.30146500103865,9.534852197840243,0.4959076711061372,0.05566478204106367,1216.8376776979255,34.71746161768804,0.03694,0.00038,0.887,0.027,0.893,0.047,5131.0,50.0,11.309861557517127,0.8070466126275849
HAT-P-53 b,472.61084060628144,18.592961785788475,1.6502935717784861,0.2029099204951415,1780.7787150099364,56.8126145274622,0.03159,0.00052,1.093,0.043,1.209,0.07150000000000001,5956.0,50.0,14.773436603377181,1.0200172465154198
HAT-P-54 b,241.54958901195283,10.170509011029594,0.12685811649756037,0.007872634155488164,820.0645869918741,13.436296792273469,0.04117,0.00043,0.645,0.02,0.617,0.013,4390.0,50.0,10.581277810006114,0.31385146046628304
HAT-P-55 b,184.97613263810072,17.79839076930179,1.0435147494084014,0.0825471867020066,1315.6093955920996,27.412426632991817,0.04604,0.00056,1.013,0.037,1.011,0.036,5808.0,50.0,13.24901522396952,0.6164939402016274
HAT-P-56 b,734.1836192336988,139.84449890165692,3.6035290960029545,0.5503602772541163,1881.0982802381304,73.91423738418845,0.0423,0.00039,1.42,0.33,1.47,0.11,6566.0,50.0,16.925560903717408,1.2329878804032548
HAT-P-57 Ab,587.9825522001483,293.9912761000742,6.387301573346721,0.9521627007196418,2198.250466304266,87.16845135748487,0.0406,0.0011,1.47,0.12,1.5,0.05,7500.0,250.0,15.838289772816356,0.6052849594706887
HAT-P-58 b,118.23216725321902,9.534852197840243,2.598869113496204,0.14498855304771047,1584.0640441116925,23.193503904590223,0.04994,0.00044,1.031,0.028,1.53,0.034,5931.0,50.0,14.930362333610324,0.4819861714303632
HAT-P-59 b,489.4557461557992,21.294503241843213,1.1283836196888841,0.0191835789583197,1276.2244488416234,7.154068769978475,0.05064,0.00037,1.0,0.022,1.1,0.007,5678.0,16.0,12.587685360844139,0.14571674950220284
HAT-P-5 b,336.8981109903553,34.96112472541423,1.463510417990887,0.09986154948047336,1517.3401063458346,29.491980937591308,0.04079,0.00076,1.163,0.065,1.137,0.007,5960.0,100.0,14.033643875135228,0.560449036546934
HAT-P-60 b,182.43350538534332,12.077479450597641,6.4487531353689045,0.17518068282873855,1786.51760174499,19.35709780957064,0.06277,0.00017,1.435,0.012,2.197,0.0235,6212.0,26.0,18.281847572160988,0.2690155375425283
HAT-P-62 b,241.86741741854752,27.96889978033138,1.2330666962392511,0.05391019317823022,1513.6213188731035,17.336238975494975,0.03772,0.00024,1.023,0.02,1.17,0.016,5629.0,48.0,12.027236324297204,0.32506044119722177
HAT-P-63 b,195.14664164913032,7.627881758272195,0.7120476434773401,0.028471672358926624,1235.8511196626162,13.361776941598604,0.04294,0.00035,0.925,0.023,0.9661,0.0095,5400.0,47.0,12.542849437920383,0.3698963641209765
HAT-P-65 b,167.49557027539362,26.37975774735801,3.5981493010273953,0.1316117514199132,1953.4258991336862,32.870684571241725,0.03951,0.00054,1.212,0.05,1.86,0.01,5835.0,51.0,21.184973581474104,1.4571674950220286
HAT-P-66 b,248.85964236363037,18.116219175896465,4.119565433672308,0.5559760880913104,1900.3389950774538,67.20745442215208,0.04363,0.000925,1.255,0.0562,1.881,0.123,6002.0,50.0,17.822279362192504,1.4571674950220284
HAT-P-67 Ab,143.02278296760366,47.674260989201215,10.667286726450817,1.2460452965457227,1988.938100945992,65.79040126315259,0.06505,0.0017599999999999998,1.292,0.20850000000000002,2.648,0.11699999999999999,6417.0,122.55,23.987218764208777,0.280224518273467
HAT-P-68 b,230.10776637454455,13.666621483571015,0.16633172244245825,0.00659997494675879,1028.1939283253134,11.24036325299128,0.02996,0.000275,0.6785,0.01895,0.67,0.0036500000000000005,4508.0,43.0,12.016027343566266,0.13450776877126416
HAT-P-69 b,1137.8256956089358,184.34047582491135,10.97686618757468,1.7759851025390572,1980.8157466991513,80.51246692730051,0.06555,0.000525,1.698,0.025,1.854,0.0325,7724.0,305.0,18.78625170505323,0.4707771906994246
HAT-P-6 b,352.78953132008905,12.713136263786993,3.563338168357865,0.3404393723262947,1722.3111803636318,53.924082637079536,0.0494,0.002,1.29,0.06,1.46,0.06,6570.0,80.0,14.291450431946817,0.560449036546934
HAT-P-70 b,2154.876596711895,1075.849156322974,15.790944425235715,4.931427018123016,2551.3468690840737,200.0446149995829,0.04739,0.000685,1.89,0.013,1.858,0.105,8450.0,615.0,20.960793966855334,1.401122591367335
HAT-P-7 Ab,568.9128478044679,10.806165824218944,6.488589789221877,0.6829547267998136,2251.728950141284,60.98408667480274,0.039,0.0005,1.347,0.217,1.993,0.08099999999999999,6532.23,109.2,16.925560903717408,0.11208980730938681
HAT-P-8 Ab,429.068348902811,9.534852197840243,3.085850005754487,0.3255556902328331,1697.946367002467,57.39469633155343,0.0473,0.002,1.285,0.197,1.431,0.0598,6401.79,103.038,15.916752637932925,0.560449036546934
HAT-P-9 b,212.94503241843213,25.426272527573985,2.541748720141896,0.3610434841876937,1528.1150532470772,61.44947469935997,0.053,0.002,1.28,0.13,1.32,0.07,6350.0,150.0,15.692573023314152,0.6725388438563208
HATS-10 b,167.17774186879893,25.74410093416866,1.3095549012047234,0.15525391168415784,1458.0953819820022,75.51848647155227,0.0449,0.00074,1.1,0.054,1.105,0.0475,5880.0,120.0,10.861502328279581,0.59407597873975
HATS-11 b,270.15414560547356,38.13940879136097,2.278415448906882,0.36470980615353515,1543.7749625044705,69.18524069934205,0.0507,0.0012,1.06,0.136,1.462,0.1,5871.0,122.0,18.03524999608034,0.7173747667800756
HATS-12 b,756.431607695326,27.651071373736706,2.005720526941022,0.2660642554099552,1580.3482190842617,53.18900506462946,0.0441,0.0005,1.16,0.04,1.17,0.07,6357.0,91.0,7.7566146658095665,0.47077719069942464
HATS-13 b,172.58082478090842,22.883645274816583,0.6568062284631647,0.043232816489517316,1250.4192894305243,22.151913588118976,0.04057,0.00041,0.962,0.029,0.887,0.019,5523.0,69.0,13.58528464589768,0.39231432558285384
HATS-14 b,340.39422346289666,22.247988461627237,0.6379240200379387,0.038668158694901394,1278.0905654467049,20.36328794887376,0.03815,0.00032,0.967,0.024,0.933,0.019,5346.0,60.0,11.646130979445289,0.03026424797353444
HATS-15 b,689.6876423104443,47.674260989201215,0.6068158244833078,0.0500150962381746,1493.2420703719524,31.413845947836727,0.02712,0.00023,0.871,0.023,0.922,0.027,5311.0,77.0,12.385923707687242,0.44835922923754723
HATS-16 b,1039.2988895645865,60.38739725298821,1.490641867248841,0.28192865999229866,1591.0588516052037,75.83539301483597,0.03744,0.00045,0.97,0.035,1.238,0.112,5738.0,79.0,14.571674950220284,1.6813471096408021
HATS-17 b,425.2544080236749,20.658846428653863,1.2473105486258285,0.14838923825357772,814.2284753970915,24.50333270313019,0.1308,0.0012,1.131,0.03,1.091,0.058,5846.0,78.0,8.709378027939355,0.6277029209325661
HATS-18 b,629.3002450574561,24.472787307789957,0.9179991974317326,0.11164255388977846,2062.332365998068,65.0764705842405,0.01761,0.00027,1.037,0.047,1.02,0.044,5600.0,120.0,14.986407237265016,0.8350690644549317
HATS-19 b,135.71272961592612,22.56581686822191,3.282602122231607,0.9587364725223085,1563.6068896720776,116.18263667133311,0.0589,0.0013,1.303,0.83,1.74,0.25,5896.0,77.0,18.606908013358208,2.6901553754252836
HATS-1 Ab,589.5716942331218,0.0012713136263786992,1.1477226752947407,0.183370879963144,1371.0901281118656,56.27141533541459,0.0444,0.0008,0.986,0.054,1.038,0.075,5870.0,100.0,14.594092911682162,0.6501208823944435
HATS-20 b,86.76715500034622,11.123994230813619,0.609710570158699,0.06989060367392014,1187.5041261794765,60.31815871134944,0.04619,0.00044,0.91,0.026,0.892,0.0485,5406.0,49.0,8.698169047208417,0.6164939402016274
HATS-21 b,105.51903098943204,11.123994230813619,0.9838213608972765,0.1290396792200974,1283.224509569686,42.39930577588181,0.04676,0.00038,1.08,0.026,1.021,0.0625,5695.0,67.0,12.587685360844139,1.1265025634593373
HATS-22 b,870.849834069409,34.96112472541423,0.22666196023101035,0.018351818254022653,858.2767104766639,17.74467210171518,0.05025,0.00042,0.759,0.019,0.689,0.023,4803.0,55.0,10.682158636584562,0.4315457581411392
HATS-23 b,467.2077576941719,22.883645274816583,1.4395924816064016,0.20823203446676533,1658.5672679422557,61.125106457762044,0.03397,0.00047,1.121,0.046,1.199,0.07100000000000001,5780.0,120.0,20.848704159545946,3.9231432558285384
HATS-24 b,775.5013120910064,57.20911318704146,1.9986895619346772,0.15192616161448583,2091.237168744413,43.860145612724104,0.02547,0.00023,1.212,0.033,1.172,0.033,6346.0,81.0,16.66775434690582,0.739792728241953
HATS-25 b,194.82881324253563,13.348793076976342,1.1728704124677385,0.15801565450892782,1277.30412219425,43.72796321042696,0.05163,0.0006,0.994,0.035,1.107,0.069,5715.0,73.0,14.123315720982738,1.120898073093868
HATS-26 b,206.58846428653862,24.154958901195283,5.07213864498621,0.700835703697669,1925.1416994812764,69.94753678610608,0.04735,0.001005,1.299,0.0845,2.04,0.13,6071.0,81.0,19.615716279142692,2.353885953497123
HATS-27 b,168.44905549517765,41.317692857307726,4.666510377185256,0.7475109610786834,1674.9709600319502,77.87536139564632,0.0611,0.00068,1.415,0.048,1.74,0.135,6438.0,64.0,16.813471096408023,1.7373920132954954
HATS-28 b,213.58068923162148,27.651071373736706,0.6969002721273906,0.07396171648062727,1254.1010169927347,34.38518312883334,0.04131,0.00053,0.929,0.036,0.922,0.04,5498.0,84.0,13.383522992740785,0.7846286511657077
HATS-29 b,207.54194950632265,20.023189615464513,1.0676318699705607,0.112171432193857,1211.3343188452075,33.32766273321433,0.05475,0.00088,1.032,0.049,1.073,0.038,5670.0,110.0,14.022434894404288,0.6837478245872595
HATS-2 b,427.4792068698376,47.674260989201215,0.540073071701401,0.045429985832693046,1574.9256212131547,34.67610246661596,0.023,0.0003,0.882,0.037,0.898,0.019,5227.0,95.0,13.092089493736378,0.3362694219281604
HATS-30 Ab,224.38685505584039,12.395307857192316,1.2599216501704964,0.11001279914244495,1415.069364431553,31.645525012322373,0.04354,0.00042,1.093,0.031,1.061,0.039,5943.0,70.0,13.17055235885295,0.5828669980088114
HATS-31 b,279.68899780331384,38.13940879136097,4.203340396700878,0.8752243907720835,1837.4931230059328,99.27232073508539,0.0478,0.0012,1.275,0.096,1.87,0.18,6050.0,120.0,18.382728398739435,2.4659757608065096
HATS-32 b,292.4021340671008,31.78284065946748,1.1397314377958434,0.18899757642268852,1480.8086347356686,81.53745859415056,0.04024,0.00053,1.099,0.044,1.097,0.0805,5700.0,110.0,14.000016932942414,1.3450776877126416
HATS-33 b,378.85146066085235,16.84490554951776,0.9610598126179642,0.10013672049654258,1430.1029266938372,37.93986386275367,0.03727,0.00037,1.062,0.032,1.022,0.0435,5659.0,85.0,13.787046299054577,1.0648531694391745
HATS-34 b,299.07653060558897,22.883645274816583,0.7218901300489601,0.07955910121887784,1443.3549835705912,40.5159928715376,0.03166,0.00034,0.955,0.031,0.98,0.047,5380.0,73.0,16.02884244524231,2.1297063388783495
HATS-35 b,388.3863128586926,24.790615714384632,2.902314212613825,0.2649570105016746,2033.245512387794,47.574847466710764,0.03199,0.00033,1.317,0.4,1.433,0.047,6300.0,100.0,16.40994779009423,0.6333074112980355
HATS-36 b,886.7412543991427,127.13136263786993,1.360639527002558,0.10617051180029698,1330.7711878904036,31.303310110091644,0.0523,0.0006,1.1,0.04,1.1,0.03,5950.0,83.0,12.923954782772299,0.38110534485191516
HATS-37 Ab,31.465012252872807,13.348793076976342,0.5552565433147055,0.02686814203692563,1102.4031017341263,23.115653157051792,0.04913,0.00028,0.843,0.0145,0.877,0.0155,5326.0,44.0,6.79264232294884,0.1793436916950189
HATS-38 b,23.519302088005933,3.4961124725414225,1.1826034262601353,0.0399817862557859,1297.154887154837,11.740992198761095,0.05036,0.000265,0.89,0.014,1.105,0.016,5732.0,25.0,6.882314168796349,0.19055267242595758
HATS-39 b,200.2318961546451,41.317692857307726,4.397907580952313,0.6750152626350365,1663.4728265562742,66.54527297087132,0.06,0.00058,1.379,0.136,1.621,0.1,6572.0,150.0,17.59809974757373,1.3450776877126416
HATS-40 b,505.34716648553297,76.27881758272194,7.980623087630577,1.2088776779052812,2121.9007998634374,86.72877624173505,0.04997,0.00074,1.56,0.07,2.26,0.145,6460.0,130.0,17.710189554883115,1.5692573023314154
HATS-41 b,3082.9355439683454,508.5254505514797,4.4679077734960275,1.5879967841817026,1710.6799328861805,154.52507377208343,0.0583,0.00125,1.496,0.095,1.71,0.3,6424.0,91.0,14.907944372148446,2.746200279079977
HATS-42 b,597.5174043979886,47.674260989201215,2.650353341966596,0.6102915348441414,1863.40248129538,109.2823565009227,0.03689,0.00065,1.273,0.067,1.48,0.16,6060.0,120.0,15.692573023314152,2.1857512425330428
HATS-43 b,82.95321412121012,17.16273395611244,0.39989130051180477,0.03687270780472783,1000.2456081403706,23.854721990572024,0.04944,0.00046,0.837,0.023,0.812,0.032,5099.0,61.0,13.226597262507642,0.560449036546934
HATS-44 b,177.9839076930179,34.96112472541423,0.42865857882229463,0.0496689637778442,1192.2053254437687,37.08040912518651,0.03649,0.0003,0.86,0.021,0.847,0.036,5080.0,100.0,11.959982439911572,1.0984801116319907
HATS-45 b,222.47988461627233,47.674260989201215,2.6852221079643597,0.3191726340492752,1530.5984658062473,47.92952527704922,0.05511,0.00069,1.272,0.048,1.315,0.064,6450.0,110.0,14.414749219987144,1.0424352079772974
HATS-46 b,54.98431434087873,19.705361208869835,0.595194212141747,0.05726617705063459,1107.0038325309795,68.51529819875653,0.05367,0.00053,0.917,0.027,0.853,0.035,5495.0,69.0,10.12170960003763,0.5772625076433421
HATS-47 Ab,117.27868203343499,8.263538571461545,0.16021506806684824,0.00380676003715759,853.9759318780035,5.902511503413225,0.04269,0.00029,0.674,0.014,0.6564,0.0055,4512.0,19.0,12.520431476458507,0.15692573023314152
HATS-48 Ab,77.23230280250597,8.263538571461543,0.19600294062009152,0.004103366604376425,958.091848206756,6.125182283067066,0.03769,0.00011,0.7279,0.0066,0.7152,0.0038,4546.0,20.5,8.967184584750944,0.1681347109640802
HATS-49 b,112.19342752792019,10.32942321432693,0.16444131721160196,0.0034261381666038787,835.5242257425288,4.627307042311996,0.04515,0.00016,0.7133,0.0075,0.6977,0.0055,4405.0,15.0,8.57487025916809,0.14571674950220284
HATS-4 b,420.48698192475473,8.899195384650895,0.6542039855359032,0.03943115255714293,1317.0250085463042,20.17624887855924,0.0362,0.0002,1.001,0.02,0.925,0.022,5403.0,50.0,11.433160345557454,0.41473228704473114
HATS-50 b,123.95307857192317,31.78284065946748,1.4411310843509455,0.1875524903845566,1412.602639180115,79.2993212372124,0.05046,0.0006,1.168,0.042,1.117,0.06,5990.0,110.0,12.666148225960708,0.8406735548204011
HATS-51 b,244.09221626471023,14.302278296760365,2.045038442812877,0.5178569834220037,1569.3984259647482,103.03132378108782,0.04639,0.00077,1.187,0.06,1.44,0.18,5758.0,58.0,15.804662830623538,2.1297063388783495
HATS-52 b,711.9356307720716,47.674260989201215,1.2807109037313764,0.19110190718065545,1890.0192240135252,73.82914994209668,0.02498,0.0004,1.111,0.054,1.046,0.058,6010.0,150.0,15.490811370157255,0.9639723428607264
HATS-53 b,189.1079019238315,28.286728186926055,1.1015982583303985,0.09175822168667648,1328.2870326388875,35.52261018865136,0.04753,0.00066,0.964,0.04,1.1,0.0275,5644.0,94.0,15.020034179457832,0.6277029209325661
HATS-54 b,239.32479016579012,18.116219175896465,1.3550471715425378,0.08061023461357156,1565.911987999309,31.62461059324359,0.037,0.001,1.05,0.05,1.23,0.02,5621.0,70.0,11.37711544190276,0.2690155375425283
HATS-55 Ab,292.7199624736955,241.54958901195283,1.6961006737700735,0.051410345814998946,1368.2211112501009,16.123553836591608,0.05412,0.0009699999999999999,1.1955,0.0105,1.126,0.011,6214.0,36.0,14.022434894404288,0.2914334990044057
HATS-56 b,191.3327007699942,11.123994230813619,7.9319160520090675,0.2999515030200846,1902.1671033212772,18.31348448182326,0.06043,0.00022,1.573,0.017,2.201,0.036,6536.0,31.0,18.920759473824493,0.526822094354118
HATS-57 Ab,1000.2059955534415,23.201473681411258,0.8056510946002754,0.02147049450294567,1412.507851141495,10.731502874385127,0.03493,0.000255,1.026,0.0225,0.96,0.011,5587.0,19.0,12.666148225960708,0.31385146046628304
HATS-59 b,256.1696957153079,21.930160055032562,0.995271564871486,0.14371630905611132,1128.0167524846925,81.11711092973832,0.06112,0.0076,1.038,0.039,1.036,0.067,5670.0,91.0,12.621312303036953,0.8630915162822784
HATS-5 b,75.32533236293793,3.8139408791360974,0.5386916224152339,0.034957082658598856,1025.3351562518617,17.575911231897816,0.0542,0.0006,0.936,0.028,0.871,0.023,5304.0,50.0,10.222590426616078,0.280224518273467
HATS-60 b,210.4024051656747,17.480562362707115,2.0046780129498245,0.7422272718445938,1535.045417970453,142.3060571251134,0.04708,0.00019,1.1,0.013000000000000001,1.46,0.27,5690.0,24.0,12.923954782772299,0.59407597873975
HATS-61 b,1080.6165824218942,44.495976923254474,2.3502477753142568,0.07070817793355505,1228.0536965611266,9.67459856051864,0.07908,0.00033,1.075,0.014,1.667,0.022,5541.0,20.0,13.394731973471725,0.7510017089728916
HATS-62 Ab,56.89128478044678,28.44564239022339,0.6669471878466228,0.019786136842337917,1248.472600952331,9.733200974403777,0.04163,0.0002,0.911,0.009,0.923,0.011,5435.0,24.0,11.825474671140308,0.280224518273467
HATS-63 b,305.11527033088777,38.13940879136097,1.0290970106563508,0.023312108315897324,1401.8499161259374,9.884117699561372,0.04026,0.00028,0.931,0.019,1.07,0.01,5626.0,18.0,13.529239742242988,0.43715024850660855
HATS-64 b,305.11527033088777,63.56568131893496,7.4182967396453945,0.48417420358433727,1800.2005745189467,30.314994400756103,0.06562,0.00039,1.562,0.026,2.113,0.066,6560.0,31.0,18.819878647246046,0.9079274392060331
HATS-65 Ab,260.93712181422796,26.37975774735801,2.3379304785398003,0.10066758887099156,1625.422885974743,18.50212283755731,0.04497,0.00033,1.269,0.031,1.296,0.025,6276.0,30.0,16.824680077138957,0.560449036546934
HATS-66 b,1694.0254071496167,216.12331648437888,5.854057244270109,0.5133175919940028,1997.1151346312693,44.11072965408915,0.04714,0.00025,1.406,0.0365,1.851,0.07150000000000001,6606.0,68.5,15.815871811354478,0.9415543813988493
HATS-67 b,460.8511895622784,38.13940879136097,3.5408385261748743,0.15481768542912713,2195.83363081174,24.62552316295929,0.03032,0.00015,1.44,0.02,1.44,0.028,6605.0,33.0,18.88713253163168,0.526822094354118
HATS-68 b,409.9986445071305,18.81544167040475,3.9438357260859256,0.1719308843287897,1743.8701167712707,19.258366685368877,0.05071,0.00018,1.337,0.0705,1.769,0.035,6122.0,28.0,13.810585158589548,0.3850284881077437
HATS-69 b,183.38699060512735,91.69349530256368,0.48218272225871767,0.010369891363124906,1347.5060923623353,62.6142800076512,0.03211,0.000165,0.892,0.0135,0.8785,0.0077,5137.0,16.0,10.592486790737052,0.24659757608065097
HATS-70 b,4099.986445071305,540.3082912109471,12.540021981257276,4.661064481813373,2762.4886820543866,258.77837735540663,0.03632,0.0008049999999999999,1.78,0.12,1.88,0.0625,7930.0,725.0,15.513229331619133,0.857487025916809
HATS-72 b,39.855682186972224,1.2395307857192317,0.2194478461292782,0.002108931171274301,739.4120337850044,1.8382821768988138,0.066517,8.5e-05,0.7311,0.0028,0.7214,0.0021,4656.1,8.9,8.097367680030104,0.03586873833900378
HATS-74 Ab,464.02947362822516,44.495976923254474,0.06053061914376254,0.0013069347929723304,895.2754797255503,5.1890494104875176,0.02384,0.0001,0.6,0.008,0.5758,0.0055,3776.9,9.5,11.567668114328718,0.23538859534971232
HATS-75 b,156.0537476379853,12.395307857192316,0.06333514240680276,0.0006799285955294293,772.8447062851706,2.5232697795709287,0.032742,0.000117,0.6017,0.00645,0.5848,0.0026,3790.4,5.7,9.908738966149794,0.14571674950220284
HATS-76 b,835.5708809374,28.286728186926055,0.09145623799554477,0.0028039499216166706,940.2552366821787,8.467359812175063,0.02658,0.00025,0.662,0.018500000000000003,0.626,0.008,4016.0,17.0,12.094490208682837,0.3474784026590991
HATS-77 b,436.6962306610832,27.651071373736706,0.10188639717360211,0.0024634331387197606,829.0426202201144,5.780192965898201,0.03607,0.00025,0.655,0.014,0.643,0.0066,4071.0,13.0,13.058462551543563,0.23538859534971232
HATS-7 b,38.13940879136097,3.8139408791360974,0.36801516736252365,0.04070279323034886,1083.419885842488,30.51423630720789,0.04012,0.00043,0.849,0.027,0.815,0.042,4985.0,50.0,6.310656151518477,0.44835922923754723
HATS-8 b,43.860320110065125,6.038739725298821,1.1006189225418077,0.21433392434785709,1346.9991811232303,71.90996241215147,0.04667,0.00055,1.056,0.037,1.086,0.104,5679.0,50.0,9.785440178109468,1.120898073093868
HATS-9 b,266.65803313293213,9.85268060443492,2.1457588709727307,0.17054923102767208,1913.1091787171026,40.64255242673871,0.0312,0.00045,1.1,0.05,1.56,0.04,5599.0,85.0,13.854300183440209,0.3474784026590991
HD 106315 b,10.488337417624269,3.114718384627813,2.429785255968018,0.23609709595469006,1156.3005541614314,28.903960117231936,0.0907,0.001,1.09,0.04,1.3,0.06,6327.0,48.0,2.3987218764208778,0.20176165315689623
HD 106315 c,12.077479450597641,3.8139408791360974,2.429785255968018,0.23609709595469006,893.1006314333902,23.559675381352122,0.1536,0.0017,1.09,0.04,1.3,0.06,6327.0,48.0,4.380469669650836,0.08967184584750945
HD 114082 b,2542.6272527573983,317.8284065946748,3.897715876802657,0.2741560817616016,559.4409216885269,11.095869063002013,0.5109,0.008199999999999999,1.47,0.07,1.49,0.05,6651.0,35.0,11.20898073093868,0.3362694219281604
HD 118203 b,689.6876423104443,25.426272527573985,4.236904108833253,0.28232993789062527,1521.1778205265603,27.644070062833464,0.07082,0.001025,1.353,0.006,1.993,0.065,5872.0,20.0,12.778238033270094,0.3362694219281604
HD 1397 b,131.89878873679004,6.356568131893496,4.5407536361262935,0.2640741815676568,1238.0041926230429,19.298825208804615,0.1097,0.0012000000000000001,1.322,0.0455,2.328,0.053000000000000005,5528.0,50.0,11.500414229943086,0.2914334990044057
HD 149026 b,88.99195384650895,9.534852197840243,2.8706900442204137,0.28063196824733894,1791.1198955370344,61.84344486876266,0.041,0.002,1.3,0.1,1.497,0.069,6147.0,50.0,8.294645740894623,0.22417961461877361
HD 152843 b,9.82089776377545,0.16368162939625752,2.9085689386984623,0.20153065292108535,1123.7195181668096,25.24752194904768,0.1049,0.003,1.15,0.04,1.43,0.02,6310.0,100.0,3.049963656888415,0.10984801116319906
HD 17156 b,1015.4617590699859,10.806165824218944,2.7862565765155494,0.1659331776237912,964.6344656820443,15.576940335859467,0.1623,0.002,1.275,0.018,1.508,0.021,6079.0,80.0,12.273833900377856,0.22417961461877361
HD 189733 Ab,361.68872670473985,7.94571016486687,0.3283825650171233,0.01745380082999123,1197.9122638994052,178.46598686140797,0.031,0.0092,0.8,0.4,0.805,0.016,4875.0,43.0,12.755820071808218,0.8630915162822784
HD 190622 b,7.69144743959113,0.9534852197840243,1.7896269815602412,0.3454523926808715,916.9733124094238,44.871667921906536,0.1236,0.002,1.044,0.136,1.205,0.1,6088.0,150.0,3.087065383107822,0.05548445461814647
HD 191939 b,9.852680604434918,0.6992224945082846,0.6950127204160781,0.040127193252244356,910.8811658190328,26.802233953014756,0.078,0.004,0.81,0.04,0.945,0.021,5427.0,50.0,3.39632116147442,0.7958376318966462
HD 191939 c,7.2147048296991185,1.398444989016569,0.6950127204160781,0.040127193252244356,616.9991460715778,9.616912899693501,0.17,0.002,0.81,0.04,0.945,0.021,5427.0,50.0,3.080227904861949,0.6949568053181981
HD 191939 d,5.784477000023082,2.892238500011541,0.6950127204160781,0.040127193252244356,559.1442342549708,9.030650188903488,0.207,0.003,0.81,0.04,0.945,0.021,5427.0,50.0,3.03987557423057,0.06949568053181981
HD 202772 Ab,320.3710338474322,24.31387310449262,9.235346686321314,0.891748827239282,2132.605423746377,55.249992783011955,0.0519,0.000975,1.703,0.0975,2.614,0.095,6230.0,99.0,17.50842790172622,0.6837478245872595
HD 20329 b,7.421293293985656,1.0901514346197345,1.1234598601315717,0.23248257425683314,2138.030876629065,112.03387277635728,0.018,0.0003,0.9,0.136,1.13,0.1,5596.0,150.0,1.7194576441259937,0.06949568053181981
HD 207496 Ab,6.102305406617756,1.589142032973374,0.286134506435874,0.02954305671624643,818.0476318085856,22.227856161852912,0.0629,0.001,0.8,0.04,0.769,0.026,4819.0,94.0,2.249642432699393,0.11993609382104388
HD 207897 b,15.89142032973374,1.589142032973374,0.36003042862434237,0.024273175478494852,632.7602649998727,11.627489078457812,0.1164,0.0017,0.801,0.028499999999999998,0.779,0.019,5071.0,59.0,2.5049830137501763,0.07958376318966463
HD 209458 b,219.3016005503256,5.403082912109472,1.7883836193376779,0.21799506581515654,1478.8360899029526,45.87278210830283,0.04747,0.00055,1.148,0.022,1.203,0.061,6092.0,103.0,15.468393408695379,0.20176165315689623
HD 213885 Ab,8.829273135200065,0.6610830857169235,1.388954856816392,0.050415378296905004,2132.401011311088,20.630222305448957,0.02012,0.000135,1.068,0.02,1.101,0.00775,5978.0,50.0,1.745014120192534,0.05200967059155548
HD 214823 Ab,5914.786646726898,827.9429991791278,4.62644686002617,0.4631249635037629,233.60014017952187,7.70874306790647,3.08,0.1325,1.31,0.13,2.04,0.1,5933.0,30.0,12.128117150875653,1.1769429767485615
HD 21520 b,7.9139273242074015,3.0988269642980795,1.1618208573977946,0.07361955589119257,696.2660698707258,18.075908707744436,0.1726,0.0071,1.09,0.07,1.044,0.024,5871.0,64.0,2.696992853671156,0.08967184584750945
HD 219134 b,4.268435500566482,0.340076395056302,0.26477124894629195,0.0049584656968725185,1039.0290242358392,129.26814453200365,0.037,0.0092,0.794,0.136,0.778,0.005,4699.0,16.0,1.5020034179457833,0.05705371192047788
HD 219134 c,3.960141946169648,0.340076395056302,0.26477124894629195,0.0049584656968725185,802.6619883596784,59.67079183380265,0.062,0.0092,0.794,0.136,0.778,0.005,4699.0,16.0,1.415021727473699,0.04898324579420203
HD 219666 b,16.590642824242025,1.3030964670381668,0.8882232923161444,0.06650577896811682,1072.8757533635005,30.059031569054596,0.06356,0.00265,0.92,0.03,1.03,0.03,5527.0,65.0,4.710013703140434,0.17037650711026794
HD 221416 b,60.514528615626084,5.689128478044679,5.175177182285169,0.43030762946890555,1201.2010149843193,27.933382183458363,0.1228,0.00255,1.212,0.074,2.943,0.064,5080.0,90.0,9.370707891064736,0.33066493156269106
HD 22946 b,2.60937121814228,0.2701541456054736,1.7861707311393555,0.2054608455697002,1348.6422406216302,40.283309220262076,0.05727,0.00085,1.104,0.012,1.157,0.025,6210.0,165.5,1.3620032486163591,0.040352330631379246
HD 22946 c,6.610830857169235,0.16844905549517764,1.7861707311393555,0.2054608455697002,1013.3020974467842,30.602264032900038,0.1017,0.0015,1.104,0.012,1.157,0.025,6210.0,165.5,2.327993208008655,0.040352330631379246
HD 260655 b,2.1389851763821612,0.340076395056302,0.03616797485544434,0.0006237556154839976,709.6079705070119,4.223948493383313,0.02933,0.00024,0.439,0.011,0.439,0.003,3803.0,10.0,1.2397132688418182,0.33963211614744204
HD 260655 c,3.089292112100239,0.47992089395795895,0.03616797485544434,0.0006237556154839976,557.6596802244017,3.3238387425643636,0.04749,0.00039,0.439,0.011,0.439,0.003,3803.0,10.0,1.5330522945704834,0.04847884166130979
HD 2685 b,375.03751978171624,28.60455659352073,4.731297469411792,0.16708116055124617,1724.1765378081889,15.687697149402153,0.0568,0.00025,1.44,0.02,1.57,0.01,6801.0,56.0,16.1409322525517,0.11208980730938681
HD 3167 c,9.789114923115983,1.2697244843457258,0.6341624056724634,0.07575343289431763,584.8560550674661,18.858163857307545,0.1841,0.00275,0.94,0.04,0.87,0.01,5528.0,162.0,2.8582900863893634,0.22417961461877361
HD 332231 b,77.55013120910064,6.674396538488171,2.011201298383941,0.17380375819100335,875.6955015310015,21.35785054007586,0.1436,0.0032500000000000003,1.127,0.077,1.277,0.0375,6089.0,96.5,9.718186293723836,0.2914334990044057
HD 33632 Ab,16431.728620944687,810.4624368164207,1.4776595012299736,0.15644146665247893,62.63793335879749,3.534031706920742,24.1,2.4,1.1,0.1,1.1,0.044,6074.0,105.3,10.87271130901052,1.1769429767485615
HD 4113 Ac,10742.600142900006,5148.820186833731,1.07849238474635,0.12362795201941879,42.79555801371603,1.4342378264178584,50.438,1.74,1.0,0.12,1.084,0.0469,5655.45,106.298,16.253022059861088,0.560449036546934
HD 5278 Ab,7.786795961569533,1.398444989016569,1.893675795718008,0.09495057766613485,944.2677809234726,17.04808394539797,0.12,0.0031,1.126,0.036,1.194,0.017,6203.0,64.0,2.4502831877831954,0.05044041328922406
HD 60779 b,14.715455225333443,1.0329423214326932,1.5637875365675602,0.07145678718751321,711.3074609649153,9.496651381241387,0.192,0.00265,1.05,0.044,1.129,0.013,6081.0,60.0,3.2494835138991234,0.0994236590834261
HD 63935 b,10.488337417624269,1.589142032973374,0.773897927336899,0.08788662585761146,907.0739819222403,27.975579095875116,0.083,0.002,0.933,0.054,0.959,0.042,5534.0,100.0,2.9905560590144398,0.1401122591367335
HD 63935 c,11.09221139015415,2.4154958901195283,0.773897927336899,0.08788662585761146,679.2832387020175,20.477477483705364,0.148,0.003,0.933,0.054,0.959,0.042,5534.0,100.0,2.9031260093131186,0.1300241764788887
HD 73583 Ab,10.20229185168906,3.257741167595417,0.1872827836447549,0.02109563939036185,746.8246874681898,26.51290857746242,0.0604,0.0026,0.66,0.02,0.71,0.02,4511.0,110.0,2.7899153039306377,0.10088082657844812
HD 73583 Ac,9.598417879159179,1.8116219175896464,0.1872827836447549,0.02109563939036185,522.5469652359832,15.102201305777971,0.1233,0.0015,0.66,0.02,0.71,0.02,4511.0,110.0,2.7305077060566627,0.11993609382104388
HD 80606 b,1323.4692679008854,1.4937935109949716,0.8749793154368248,0.12807294387455417,511.73429067142547,18.76273866445671,0.4603,0.0021,0.98,0.1,0.98,0.07,5645.0,45.0,11.567668114328718,0.1681347109640802
HD 83342 b,127.51275672578353,6.610830857169235,3.6726675578387256,0.49102022559857095,773.9026749245583,29.53960824951423,0.2652,0.0092,1.24,0.1898,1.61,0.0796,6303.91,141.811,9.740604255185714,0.21969602232639812
HD 88986   b,17.194516796771907,3.9728550824334343,2.5108350188509445,0.043725425517454126,463.95084832873346,16.192807882553968,0.58,0.04,1.25,0.05,1.54,0.01,5861.0,17.0,2.489514620341481,0.18046458976811275
HD 89345 b,34.10298802760861,3.4007639505630203,2.4382409832401395,0.12090336193767358,1080.1146308495736,15.07096875970337,0.105,0.0013,1.12,0.025,1.657,0.012,5609.0,66.5,7.196165629262633,0.28526855960238945
HD 95338 b,39.42979212213535,5.083665363481823,0.48967099577073986,0.02442768162277719,487.38760266036496,9.58535741060863,0.231,0.006999999999999999,0.76,0.13,0.86,0.02,5212.0,23.5,3.9803090575563256,0.08967184584750945
HD 97334 C,15160.414994565988,603.873972529882,1.1980971168418504,0.1675368976875572,172.91187906313453,6.154998941228524,2.85,0.03,1.07,0.14,1.048,0.055,5905.0,136.4,11.62371301798341,1.1769429767485615
HD 97658 b,7.80904395003116,0.4942231722547193,0.3415841751636183,0.022035051886327005,753.1633138228095,47.93141893948861,0.08,0.00985,0.85,0.02,0.73,0.02,5170.0,44.0,2.2470643671312773,0.09650932409338203
HD 984 b,19387.532802275164,1271.3136263786992,2.23428982245187,0.22100856459799598,71.69703694857607,7.438339325680197,28.0,5.5,1.2,0.06,1.247,0.053,6326.0,80.0,17.93436916950189,1.1769429767485615
HIP 113103 b,5.91160836266095,1.9069704395680487,0.29180003364633933,0.03695582613348813,782.4941564827469,25.345141561654,0.06899,0.00026000000000000003,0.761,0.038,0.742,0.013,4930.0,150.0,1.8289693858672647,0.0814892899139242
HIP 116454 Ab,11.8232167253219,1.3317010236316875,0.3084932728743195,0.023972859747828538,666.8681105296901,16.692193439268664,0.098,0.003,0.775,0.027,0.716,0.024,5089.0,50.0,2.533229645192142,0.1793436916950189
HIP 41378 f,12.077479450597641,2.860455659352073,2.2597622494940364,0.08070341871934669,291.85497964374895,3.365760831811636,1.37,0.02,1.245,0.039999999999999994,1.306,0.01,6199.0,50.0,9.202573180100655,0.10088082657844812
HIP 65 Ab,1021.1826703886901,24.790615714384632,0.2088611346858234,0.01017746961654167,1410.9817410229962,19.093782183274893,0.01782,0.00021,0.781,0.027,0.7242,0.0085,4590.0,49.0,22.75423088380552,6.164939402016275
HIP 94235 Ab,11.187559912132553,1.398444989016569,1.3481388970051194,0.2536794963944603,1084.7303048050321,54.62690929717344,0.0787,0.000365,1.094,0.0155,1.08,0.1,5991.0,50.0,3.2080102851946504,1.1769429767485615
HIP 97166 b,20.023189615464513,1.4937935109949716,0.4577701873728673,0.052870230478093354,770.7003371548751,22.690205190832554,0.089,0.001,0.898,0.054,0.836,0.036,5198.0,100.0,2.7394748906414135,0.1300241764788887
K2-106 b,7.786795961569533,0.6992224945082846,0.8577479659628373,0.0631283590989391,2339.1230951510734,52.613169615450495,0.01314,0.00034,0.97,0.04,0.98,0.02,5617.0,86.0,1.6759667988899514,0.03698963641209765
K2-106 c,5.720911318704146,3.082935543968346,0.8577479659628373,0.0631283590989391,815.1291077359886,16.92967143106025,0.1091,0.00145,0.97,0.04,0.98,0.02,5617.0,86.0,2.840355717219862,0.10088082657844812
K2-108 b,59.43391203320419,4.449597692325447,2.7312223367542443,0.2103081982232544,1492.1072843590628,31.09822775380231,0.0581,0.0009,1.17,0.06,1.76,0.04,5599.0,87.0,5.335474827926812,0.21297063388783494
K2-110 b,16.685991346220426,3.178284065946748,0.27153595437269573,0.014848243365865627,628.0906305940111,9.263031325156835,0.1027,0.0011,0.75,0.02,0.71,0.01,4950.0,58.0,2.5556476066540195,0.06725388438563208
K2-111 b,5.288664685735388,0.7643773178601929,1.55925745893904,0.08178456338920702,1306.8572545650638,22.48292628453418,0.057,0.0012,0.84,0.02,1.25,0.02,5775.0,60.0,1.8158548784120663,0.10088082657844813
K2-113 b,406.82036044118377,38.13940879136097,1.4157903408225838,0.1107724130257067,1199.4801286330523,24.922971059371648,0.0642,0.0009,1.04,0.04,1.24,0.03,5660.0,87.0,12.139326131606591,0.3474784026590991
K2-114 b,587.9825522001483,71.51139148380183,0.40977808985925734,0.029479905423747677,721.7284603075457,13.631080675431077,0.0954,0.0011,0.89,0.03,0.84,0.02,5044.0,68.0,10.670949655853624,0.3586873833900378
K2-115 b,266.9758615395268,60.38739725298821,0.7115409662901269,0.034246017827286486,693.753437132932,8.977549197372504,0.1367,0.0010999999999999998,0.95,0.02,0.88,0.01,5657.0,60.0,12.498013514996629,0.6613298631253821
K2-124 b,10.488337417624269,2.6061929340763337,0.02216623475917252,0.002373844438893068,486.05378518117226,16.43287209990633,0.049,0.002,0.39,0.025,0.39,0.015,3570.0,66.5,2.9031260093131186,0.10088082657844812
K2-132 b,155.73591923139065,19.069704395680485,8.581054842977013,0.5349803295751694,1593.0054460161948,26.112503540196677,0.0916,0.0006,1.19,0.04,4.11,0.05,4878.0,70.0,14.571674950220284,0.7846286511657077
K2-138 b,3.114718384627813,1.1123994230813619,0.5550983596971175,0.10620354305574807,1337.414325991873,71.87108562583884,0.0338,0.00024,0.93,0.06,0.86,0.08,5378.0,60.0,1.5692573023314154,0.22417961461877361
K2-138 c,6.293002450574561,1.2077479450597641,0.5550983596971175,0.10620354305574807,1152.672699962487,56.993739763736016,0.04454,0.00032,0.93,0.06,0.86,0.08,5378.0,60.0,2.5220206644612033,0.24659757608065097
K2-138 d,7.9139273242074015,1.398444989016569,0.5550983596971175,0.10620354305574807,1007.6546448642481,51.352878713168785,0.05883,0.00042,0.93,0.06,0.86,0.08,5378.0,60.0,2.656528433232467,0.28582900863893634
K2-138 e,12.999181829722199,1.9069704395680487,0.5550983596971175,0.10620354305574807,872.0355521493614,43.516756629682135,0.07807,0.00056,0.93,0.06,0.86,0.08,5378.0,60.0,3.295440334895972,0.263411047177059
K2-138 g,4.29068348902811,4.084095024741571,0.5550983596971175,0.10620354305574807,500.5951451595885,24.021941199416425,0.231,0.0017499999999999998,0.93,0.06,0.86,0.08,5378.0,60.0,3.0129740204763173,0.27630137501763846
K2-139 Ab,121.0926229125711,14.302278296760365,0.5211166811387865,0.08374255445734397,558.5877573789862,22.561930055909727,0.1796,0.0015,0.882,0.11000000000000001,0.893,0.0545,5195.0,135.75,9.112901334253147,0.1681347109640802
K2-140 b,295.58041813304754,12.713136263786993,0.9314999462650013,0.03712520530801743,1046.20210255422,11.215851705453932,0.0687,0.0005,1.0,0.02,0.99,0.01,5705.0,49.0,12.251415938915978,0.1681347109640802
K2-146 b,5.771763863759294,0.07627881758272195,0.012827807137457152,0.0013154189805718356,571.844629259264,18.088130124514354,0.027,0.001,0.33,0.01,0.33,0.01,3385.0,70.0,2.0512434737617786,0.056044903654693404
K2-146 c,7.4943938275024315,0.09852680604434919,0.012827807137457152,0.0013154189805718356,508.8803808982831,15.040517427307302,0.034,0.001,0.33,0.01,0.33,0.01,3385.0,70.0,2.1857512425330428,0.06725388438563208
K2-182 b,20.023189615464513,5.085254505514797,0.40864964631431866,0.018835186319779214,971.4997061094887,11.581708092554194,0.0526,0.0003,0.88,0.02,0.8,0.01,5165.0,50.0,2.690155375425283,0.06949568053181981
K2-18 b,8.921443373112522,1.6495294302263621,0.021540465360961814,0.004313954366780066,283.80796992841,15.551011722589571,0.1429,0.00625,0.36,0.05,0.41,0.04,3457.0,39.0,2.3650949342280616,0.22417961461877361
K2-199 b,6.896876423104443,1.8116219175896464,0.19362978039758913,0.010368965885978404,945.6793616564796,13.59462924451936,0.0382,0.0004,0.73,0.02,0.68,0.01,4648.0,52.0,1.7295457267838383,0.05044041328922406
K2-199 c,12.395307857192316,2.2883645274816584,0.19362978039758913,0.010368965885978404,718.4122994231659,10.34351266269413,0.0662,0.0007,0.73,0.02,0.68,0.01,4648.0,52.0,2.8504437998777066,0.10088082657844812
K2-19 b,32.386714631997364,1.6844905549517764,0.5768807813912202,0.05941275099045479,893.7418486276056,24.193047255216594,0.074,0.0012,0.93,0.05,0.86,0.04,5430.0,60.0,7.7454056850786275,0.39231432558285384
K2-19 c,12.49065637917072,0.5085254505514797,0.5768807813912202,0.05941275099045479,780.2222636607994,21.137168787167134,0.0971,0.0016,0.93,0.05,0.86,0.04,5430.0,60.0,4.864697637227388,0.526822094354118
K2-216 b,7.999740993987965,1.598676885171214,0.19123290864280168,0.03565143339050555,1101.0891351894757,119.70155992709557,0.028,0.0055,0.7,0.03,0.72,0.05,4503.0,140.0,1.7486009940264342,0.13450776877126416
K2-21 b,1.980070973084824,0.38139408791360974,0.120452041880634,0.01485153601273606,596.1467511292943,20.902166083922864,0.076,0.0025,0.68,0.07,0.65,0.03,4222.06,86.28,1.8382728398739436,0.10088082657844812
K2-21 c,4.961301426942874,0.38139408791360974,0.120452041880634,0.01485153601273606,504.62751908419557,18.381324704927675,0.107,0.0035,0.68,0.07,0.65,0.03,4222.06,86.28,2.488393722268387,0.1793436916950189
K2-222 b,5.689128478044679,2.6061929340763337,1.435687508853595,0.09946781293441195,879.2483961941366,16.72011405043467,0.1211,0.00165,1.0,0.04,1.09,0.02,6058.0,89.0,2.4099308571518163,0.12498013514996628
K2-229 b,2.5903015137465992,0.429068348902811,0.44684521118428805,0.01584706545301438,1990.2813089743786,17.64599764291774,0.0131,0.0,0.87,0.01,0.79,0.01,5315.0,33.0,1.1433160345557454,0.044835922923754726
K2-229 c,21.294503241843213,10.647251620921606,0.44684521118428805,0.01584706545301438,821.4609865704903,7.4573183792256375,0.0769,0.0003,0.87,0.01,0.79,0.01,5315.0,33.0,2.028825512299901,0.08967184584750945
K2-229 d,25.108444120979307,12.554222060489654,0.44684521118428805,0.01584706545301438,545.0939212697907,19.83252232877379,0.182,0.0042,0.87,0.01,0.79,0.01,5315.0,33.0,2.649803044793904,0.23987218764208776
K2-232 Ab,126.49570582468057,11.759651044002966,1.7315530276521953,0.09014034316948405,1001.7588668139238,13.695420680011862,0.10356,0.0007899999999999999,1.19,0.03,1.16,0.02,6154.0,60.0,11.20898073093868,0.24659757608065097
K2-233 b,3.3054154285846176,2.5267358324276645,0.29496744418664583,0.033765833882318456,1127.4093204273704,33.138949544391934,0.03317,0.000445,0.8,0.03,0.74,0.03,4950.0,100.0,1.401122591367335,0.06164939402016274
K2-233 d,8.295321412121012,4.958123142876927,0.29496744418664583,0.033765833882318456,525.4541641323718,15.445700291611145,0.1527,0.0020499999999999997,0.8,0.03,0.74,0.03,4950.0,100.0,2.6453194525015284,0.11208980730938681
K2-236 b,27.01541456054736,13.285227395657406,2.351732930246685,0.1550489726386957,892.9516242567602,15.386389600387519,0.1493,0.0015,1.17,0.04,1.39,0.02,6069.0,90.0,5.761416095702482,0.30264247973534436
K2-237 Ab,392.83591055101806,13.98444989016569,1.9993125486009893,0.23239543240348334,1763.3708432272208,59.36443498396336,0.0353,0.0012,1.256,0.059,1.236,0.03949999999999999,6180.0,150.0,18.40514636020131,0.560449036546934
K2-238 b,273.3324296714203,39.72855082433435,2.2788601708457654,0.4757079851212056,1596.1045623409213,140.19594252842617,0.046,0.006500000000000001,1.19,0.08,1.59,0.16,5630.0,78.0,14.571674950220284,1.6253022059861086
K2-24 b,18.99978214622966,2.150109170612975,1.3543531600574112,0.06643874798076338,735.176525418684,13.381410404481052,0.1673,0.0045,1.091,0.056,1.185,0.011,5726.0,65.0,5.638005217854848,0.0629944717078754
K2-24 c,16.39994578028522,0.7468967554974859,1.3543531600574112,0.06643874798076338,587.2680301367365,15.752178377865317,0.262,0.0125,1.091,0.056,1.185,0.011,5726.0,65.0,7.930353867139117,0.12498013514996628
K2-260 Ab,451.3163373644382,100.11594807732257,4.211168884082607,0.6780930441471757,1985.7328364374462,87.52011101169386,0.0404,0.00145,1.39,0.06,1.69,0.03,6367.0,250.0,17.396338094416834,0.5884714883742808
K2-261 b,70.87573467061247,9.852680604434918,2.2959151426819813,0.16204638885278974,1100.2342627242008,107.02903121849108,0.102,0.0195,1.1,0.015,1.65,0.04,5537.0,71.0,9.527633621297879,0.2690155375425283
K2-265 Ab,6.540908607718407,0.8390669934099414,0.7753770904789338,0.08058387908149427,1424.2042031537321,37.343963041619034,0.03376,0.00021,0.92,0.02,0.98,0.05,5477.0,27.0,1.714974051833618,0.11208980730938681
K2-266 Ac,0.2892238500011541,0.1398444989016569,0.17485156874199517,0.0358069218320897,691.5748288867462,35.847382853739816,0.0679,0.0011,0.68,0.08095,0.7337,0.0625,4362.0,123.91,0.7061657860491369,0.09527633621297879
K2-266 Ad,8.899195384650895,4.749945536557415,0.17485156874199517,0.0358069218320897,560.180640657983,29.025681921493085,0.1035,0.00165,0.68,0.08095,0.7337,0.0625,4362.0,123.91,2.9255439707749957,0.12890327840579482
K2-266 Ae,14.299100012694419,5.700252472275492,0.17485156874199517,0.0358069218320897,509.91462544305796,26.4080225492565,0.1249,0.00195,0.68,0.08095,0.7337,0.0625,4362.0,123.91,2.734991298349038,0.12329878804032549
K2-27 Bb,30.899277689134284,4.598977043424944,0.5351126030301179,0.08883673503910937,928.0097253729593,39.21156933362818,0.06702,0.00071,0.89,0.1096,0.8925,0.05739999999999999,5231.0,137.2575,4.483592292375472,0.23538859534971232
K2-280 b,37.09057504959855,5.593779956066276,1.597947629825142,0.20145341427441527,825.4563533796519,26.889439347525077,0.1488,0.00195,1.11,0.04,1.28,0.07,5742.0,90.0,7.666942819962058,0.25780655681158965
K2-285 b,9.681053264873794,1.2903833307743797,0.3430175754410275,0.03143412728623134,1091.387181376142,28.35249848952862,0.03817,0.0009350000000000001,0.83,0.023,0.79,0.02,4975.0,95.0,2.589274548846835,0.056044903654693404
K2-285 c,15.678475297315307,2.2041399997340694,0.3430175754410275,0.03143412728623134,742.8075728887353,18.852761802744283,0.0824,0.0018,0.83,0.023,0.79,0.02,4975.0,95.0,3.5308289302456846,0.07846286511657076
K2-287 b,100.11594807732256,8.58136697805622,1.080518778608374,0.04842988953488495,844.942477987923,10.443709835809413,0.1206,0.0008,1.06,0.02,1.07,0.01,5695.0,58.0,9.33708094887192,0.14571674950220284
K2-290 Ac,245.9991867042783,14.937935109949715,3.2266907189667418,0.3871681832072118,676.1612070203163,27.685574155315532,0.305,0.017,1.19,0.07500000000000001,1.51,0.07,6302.0,120.0,11.276234615324313,0.560449036546934
K2-291 b,6.4900560626632595,1.160073684070563,0.674731801393277,0.06012213186281568,1398.3575476676092,32.54743617848509,0.03261,0.00044,0.93,0.04,0.9,0.035,5520.0,60.0,1.5916752637932925,0.07846286511657077
K2-292 b,24.501391864383482,4.398745147270299,1.145103678788508,0.08171705941491529,799.5346505385648,33.900437577719885,0.13,0.01,1.0,0.03,1.09,0.03,5725.0,65.0,2.63411047177059,0.10648531694391747
K2-295 b,106.47251620921607,19.705361208869835,0.17146762444488753,0.014584931756093626,844.2442222934417,20.24609015799017,0.0451,0.001,0.74,0.04,0.7,0.02,4444.0,70.0,10.054455715651997,0.08967184584750945
K2-29 Ab,232.01473681411258,12.713136263786993,0.5043606707995915,0.09929227534815639,1144.0139707837288,56.40039669406478,0.04217,0.00024,0.935,0.12079000000000001,0.817,0.0678,5387.06,142.5905,13.338687069817029,0.22417961461877361
K2-30 b,184.0226474183167,8.740281181353557,0.5483367986415904,0.0423743489373804,1089.9206283489334,22.72974878368831,0.04839,0.00076,0.9,0.04,0.84,0.03,5425.0,40.0,11.646130979445289,0.5660535269124034
K2-310 b,9.239271779707195,2.6411540588017473,0.17896213224373633,0.022942696194417,581.8408107720105,22.923200760294527,0.098,0.004,0.69,0.038,0.673,0.024,4581.0,122.0,2.589274548846835,0.12329878804032549
K2-314 b,8.749816033551397,1.0901514346197345,2.2807694603381115,0.17827038236364395,1580.0762263603806,105.48582864987961,0.047,0.006,1.05,0.05,1.71,0.04,5430.0,85.0,1.9503626471833302,0.08967184584750945
K2-314 c,14.670959248410188,1.8910790192383151,2.2807694603381115,0.17827038236364395,950.2243728090274,57.88998937271268,0.13,0.015,1.05,0.05,1.71,0.04,5430.0,85.0,3.6698202913093243,0.15524438312350072
K2-314 d,10.180043863227434,2.439333020614129,2.2807694603381115,0.17827038236364395,732.0744441941871,52.117693380692124,0.22,0.03,1.05,0.05,1.71,0.04,5430.0,85.0,3.939956726924946,0.1300241764788887
K2-31 Ab,563.827593298953,25.108444120979307,0.7724771247800144,0.10207882344618122,1761.0468173611619,92.60065743194731,0.022,0.0018,0.922,0.11365,1.029,0.0567,5340.0,97.348,11.881519574795002,3.923143255828538
K2-329 Ab,82.63538571461545,6.992224945082845,0.4718751125188533,0.03309674677597584,724.9117218977289,14.41437321499854,0.1016,0.0019,0.901,0.049,0.822,0.026,5282.0,40.0,8.675751085746539,0.2914334990044057
K2-32 Ab,14.937935109949715,1.8116219175896464,0.5051978545291357,0.05324816248456296,828.7664263001354,22.31526683208377,0.08035,0.00089,0.86,0.03,0.84,0.04,5315.0,60.0,4.965578463805835,0.297037989369875
K2-32 Ac,8.104624368164206,2.4154958901195283,0.5051978545291357,0.05324816248456296,628.1998839406184,16.938511188127613,0.1399,0.0016,0.86,0.03,0.84,0.04,5315.0,60.0,2.734991298349038,0.17934369169501888
K2-32 Ad,6.706179379147638,2.510844412097931,0.5051978545291357,0.05324816248456296,544.5305602645445,14.673386228130997,0.1862,0.0021,0.86,0.03,0.84,0.04,5315.0,60.0,3.2730223734340944,0.21297063388783494
K2-32 Ae,2.0976674835248534,1.3030964670381668,0.5051978545291357,0.05324816248456296,1055.9180547276617,28.438496257415046,0.04951,0.00055,0.86,0.03,0.84,0.04,5315.0,60.0,1.0088082657844812,0.09527633621297879
K2-34 b,565.7345637385212,41.317692857307726,2.5272939961176966,0.18316169664131077,1702.0408421297823,32.41549225742486,0.0426,0.0005,1.15,0.04,1.44,0.03,6071.0,90.0,13.95518101001866,0.32506044119722177
K2-36 Bb,3.8997545489166594,1.0996862868175747,0.26459172019196436,0.03919672357811842,1338.1428141261094,50.99069733821435,0.0223,0.0004,0.769,0.0897,0.754,0.045,4772.39,104.68,1.4347495335601512,0.07846286511657076
K2-36 Bc,7.799509097833319,2.3010776637454455,0.26459172019196436,0.03919672357811842,859.9199366181408,32.82746510248133,0.054,0.001,0.769,0.0897,0.754,0.045,4772.39,104.68,3.119459337420235,0.21969602232639812
K2-370 b,11.09221139015415,1.398444989016569,0.707112404144895,0.11472950250203807,1444.1602424593798,59.588523711800455,0.0321,0.0004,0.984,0.3655,0.971,0.061,5377.0,138.0,2.5197788683150155,0.060528495947068876
K2-38 b,19.069704395680485,9.534852197840243,1.2373248459783963,0.2664850422890079,1321.4668950993782,71.57571155040625,0.04994,0.00049,1.054,0.0665,1.141,0.12,5705.0,66.0,1.905526724259576,0.3362694219281604
K2-38 c,9.90035486542412,4.598977043424944,1.2373248459783963,0.2664850422890079,949.5524950429541,51.84295491162439,0.0964,0.0016,1.054,0.0665,1.141,0.12,5705.0,66.0,2.421139837882755,0.2914334990044057
K2-39 b,28.60455659352073,15.89142032973374,4.491981709497656,2.3303390170278733,1629.0127572043066,255.96781398348085,0.062,0.011,0.66,0.56,2.97,0.77,4881.0,20.0,6.277029209325661,1.6813471096408021
K2-3 b,6.480521210465419,0.9598417879159178,0.06482487631379147,0.02051515614344352,505.00468631600364,41.9266014306509,0.0775,0.0039,0.6,0.09,0.56,0.07,3896.0,189.0,2.174542261802104,0.3362694219281604
K2-3 c,2.1389851763821612,1.0599577359932404,0.06482487631379147,0.02051515614344352,375.06634595147204,30.992610956906027,0.1405,0.0067,0.6,0.09,0.56,0.07,3896.0,189.0,1.8494818206048824,0.2690155375425283
K2-415 b,2.860455659352073,2.701541456054736,0.0035115208206147313,0.00031307685344278646,412.81136509456206,70.93179041401606,0.027,0.0092,0.1635,0.0041,0.1965,0.0058,3173.0,53.0,1.0149732051864977,0.051000862325771
K2-418 b,10.392988895645866,1.589142032973374,1.063776202656665,0.04671895412723932,809.0271212535328,12.384513601960876,0.124,0.002,0.97,0.04,1.0,0.008,5868.0,60.0,2.3303470939621516,0.08462780451858704
K2-419 Ab,196.10012686891434,14.937935109949715,0.04980216210486414,0.005666691850204307,378.7784513439033,11.082153106810637,0.1208,0.00165,0.562,0.024,0.541,0.017,3711.0,88.0,10.547650867813298,0.38110534485191516
K2-55 b,43.860320110065125,5.307734390131069,0.1403950117497732,0.029060615156916346,915.2215997242682,48.480932365754875,0.03486,0.00078,0.7,0.05,0.63,0.05,4456.0,148.0,3.8222624292500904,0.32506044119722177
K2-60 b,135.39490120933146,11.759651044002966,1.0298563550418636,0.11859543802176169,1323.118499779962,58.276360374579546,0.045,0.003,0.97,0.07,1.12,0.05,5500.0,100.0,7.65573383923112,0.41473228704473114
K2-66 b,21.300859809975105,3.6009958467176655,3.0053768412466946,0.4420070411258457,1499.7748542400477,55.87727730233174,0.05983,0.00072,1.11,0.04,1.67,0.12,5887.0,46.0,2.488393722268387,0.28582900863893634
K2-99 b,276.51071373736704,6.356568131893496,9.27096232947374,0.6782500212925133,1250.6607483869118,23.247640774283617,0.153,0.001,1.63,0.04,2.63,0.07,6217.0,78.0,11.724593844561861,0.41473228704473114
kappa And b,5403.082912109471,572.0911318704146,78.38393356260991,4.49319748880576,103.05967597864378,15.52779449751968,78.9,23.0,2.8,0.15000000000000002,2.29,0.06,11361.0,66.0,15.916752637932925,0.6725388438563208
KELT-11 Ab,61.976539285961586,6.038739725298821,5.519818539792831,0.7991523917272041,1711.129466414812,62.949556146910886,0.06229,0.00082,1.438,0.056499999999999995,2.72,0.19,5370.0,51.0,14.571674950220284,1.681347109640802
KELT-12 b,301.936986264941,44.495976923254474,2.4008065902846454,0.17427067369966756,1396.231870287662,28.457543134427844,0.0617,0.001145,1.239,0.028,1.291,0.0135,6330.0,110.0,20.06407550838024,1.9615716279142692
KELT-18 Ab,373.76620615533756,11.441822637408292,6.464723079998351,0.5333869985561533,2077.531972904136,47.09554173614965,0.04573,0.00086,1.524,0.069,1.908,0.038500000000000006,6670.0,120.0,17.57568178611185,0.32506044119722177
KELT-1 Ab,8654.467511572995,155.73591923139065,3.499769950902588,0.23860470625625282,2423.828599644529,45.52251696075565,0.02472,0.00039,1.335,0.063,1.471,0.045,6516.0,49.0,12.890327840579483,1.4571674950220284
KELT-22 Ab,1172.7868203343498,57.20911318704146,1.1669042732007644,0.1616764999147481,1838.839407886462,67.46603159794589,0.0248,0.0006,1.05,0.08,1.11,0.05,5700.0,150.0,13.450776877126417,0.6725388438563208
KELT-2 Ab,472.29301219968676,27.96889978033138,4.349151506925192,0.36281515378778456,1723.4556295005902,37.07884480591196,0.05498,0.0004,1.31,0.03,1.842,0.071,6148.0,49.0,14.638928834605917,0.7510017089728916
KELT-3 Ab,467.2077576941719,22.247988461627237,4.197580431202474,0.5362304044914731,1965.4869221028762,64.77687405502414,0.04117,0.00067,1.34,0.219,1.61,0.0827,6518.0,123.728,15.132123986767219,0.7846286511657077
KELT-4 Ab,286.0455659352073,19.069704395680485,3.4519824857060786,0.35577517031243544,1827.1942849718791,50.09832759532543,0.04321,0.00081,1.204,0.0675,1.61,0.07300000000000001,6207.0,76.0,19.055267242595757,0.560449036546934
KELT-6 b,139.84449890165692,6.356568131893496,3.245854286492916,0.6076657332874549,1368.4485183994996,93.92259007063852,0.0747,0.0075,1.126,0.058,1.529,0.14,6272.0,61.0,12.666148225960708,1.120898073093868
KELT-8 b,277.7820273637458,21.453417445140552,2.7428510406106437,0.4716850664351217,1677.344706391721,73.98130052052007,0.04571,0.0009,1.211,0.07200000000000001,1.67,0.14,5754.0,55.0,20.848704159545946,2.0176165315689625
Kepler-101 b,50.85254505514797,4.767426098920122,2.25191449953196,0.582857717865905,1569.1434062159035,102.64861001564545,0.0474,0.0009,1.17,0.060000000000000005,1.56,0.2,5667.0,50.0,5.716580172778727,0.8406735548204011
Kepler-102 e,8.899195384650895,1.9069704395680487,0.30094640719377014,0.05634180860376008,603.309543359184,29.27740336448251,0.117,0.003,0.81,0.065,0.76,0.07,4909.0,41.0,2.219378184725859,0.06725388438563208
Kepler-103 b,9.852680604434918,8.58136697805622,2.1714653120911915,0.17791655189061048,930.8190108007537,22.93192609309178,0.133,0.00275,1.09,0.07,1.44,0.04,5845.0,88.0,3.373903200012543,0.08967184584750945
Kepler-103 c,36.23243835179293,25.108444120979307,2.1714653120911915,0.17791655189061048,414.37060391295967,9.501573082850689,0.6679,0.0135,1.09,0.07,1.44,0.04,5845.0,88.0,5.144922155500854,0.13450776877126416
Kepler-104 Ab,9.952478724105648,2.8121457415496827,2.009729610580977,0.6707589649957392,1088.6315171360172,105.63634861011066,0.09286,0.0092,1.08,0.1375,1.35,0.22,5921.0,106.385,2.379666609178282,0.060528495947068876
Kepler-104 Ac,7.144305837638397,3.8930801523781713,2.009729610580977,0.6707589649957392,854.0423471825892,75.86841187606494,0.15088,0.0092,1.08,0.1375,1.35,0.22,5921.0,106.385,2.359490443862592,0.07700569762154874
Kepler-107 b,3.5088256088052097,1.5192197835225456,2.215321318512837,0.09726111582322688,1594.5966805292571,18.54836727102733,0.04544,0.00035,1.24,0.03,1.45,0.01,5854.0,61.0,1.5356303601385994,0.022417961461877363
Kepler-107 c,9.388651130806693,1.7703042247323386,2.215321318512837,0.09726111582322688,1380.3538176778568,16.067335442856656,0.06064,0.00047,1.24,0.03,1.45,0.01,5854.0,61.0,1.5916752637932925,0.022417961461877363
Kepler-107 e,8.6004366824519,3.6009958467176655,2.215321318512837,0.09726111582322688,956.1227680303275,11.1424317065296,0.12639,0.00099,1.24,0.03,1.45,0.01,5854.0,61.0,2.9031260093131186,0.03362694219281604
Kepler-10 b,3.238671463199736,0.32100669066062154,1.070132215288229,0.029130507042910585,2184.0673544053893,17.463779894330983,0.01685,0.00013,0.91,0.021,1.06,0.01,5708.0,28.0,1.469497373826061,0.025220206644612032
Kepler-10 c,17.2,1.9,1.070132215288229,0.029130507042910585,578.595650226477,4.659452446892497,0.241,0.0019,0.91,0.021,1.06,0.01,5708.0,28.0,2.355006851570217,0.021969602232639815
Kepler-117 b,29.87587021989943,10.488337417624269,3.326917757755959,0.3152071925376439,990.1922712808016,25.676693274911333,0.1445,0.00305,1.13,0.075,1.61,0.05,6150.0,110.0,8.059257145544912,0.2690155375425283
Kepler-117 c,584.8042681342016,57.20911318704146,3.326917757755959,0.3152071925376439,710.7044151103058,18.471506879585657,0.2804,0.006,1.13,0.075,1.61,0.05,6150.0,110.0,12.341087784763488,0.39231432558285384
Kepler-11 b,1.9069704395680487,1.1123994230813619,1.036782903290898,0.05910707593767407,932.2279894678758,20.322250444394793,0.091,0.003,0.96,0.03,1.06,0.02,5663.0,60.5,1.8046458976811277,0.03923143255828539
Kepler-11 d,7.31005335167752,1.2713136263786993,1.036782903290898,0.05910707593767407,714.1144344539691,10.435364069206766,0.155,0.001,0.96,0.03,1.06,0.02,5663.0,60.5,3.1160966432009536,0.06164939402016274
Kepler-11 e,7.94571016486687,1.906970439568049,1.036782903290898,0.05910707593767407,636.6830737316872,9.643870611899905,0.195,0.002,0.96,0.03,1.06,0.02,5663.0,60.5,4.192158793371067,0.07846286511657077
Kepler-12 b,137.30187164889952,16.527077142923087,2.4581310619152106,0.19304627002770902,1483.5594603675145,32.656513246086526,0.0553,0.0010999999999999998,1.17,0.05,1.48,0.03,5947.0,100.0,19.660552202066444,0.37550085448644577
Kepler-138 b,0.06674396538488171,0.04926340302217459,0.037807018656069356,0.003941435308679771,449.8156170080096,30.112456531721023,0.0746,0.0092,0.52,0.06,0.44,0.02,3841.0,49.0,0.526822094354118,0.03362694219281604
Kepler-13 Ab,2949.4476131985816,50.85254505514797,9.30323705131239,1.289139007027169,2550.1107374226053,93.44756686812107,0.03641,0.00087,1.72,0.1,1.74,0.04,7650.0,250.0,16.947978865179284,0.39231432558285384
Kepler-1513 Ab,48.309917802390565,26.220843544060667,0.7361101995849927,0.11548482939734284,355.0131053767956,14.528416216138393,0.5416,0.0092,0.943,0.037,0.95,0.066,5491.0,100.0,8.594037616217996,0.028975215189476492
Kepler-1514 b,1678.133986819883,69.92224945082846,2.1289076347673155,0.15870593233238628,396.4326653518703,8.283011757696645,0.753,0.014,1.2,0.065,1.29,0.03,6145.0,89.5,12.41955064988006,0.280224518273467
Kepler-15 b,209.76674835248537,28.60455659352073,0.8134714330350101,0.13014207052831187,1107.4447764422018,45.27461071424055,0.05714,0.00093,1.02,0.045,0.99,0.065,5515.0,126.0,10.760621501701133,0.7846286511657077
Kepler-1647 (AB)b,483.09917802390567,206.58846428653862,4.275257845517092,0.27686639995384776,243.00242604833332,3.954157440135696,2.7205,0.007,2.1885,0.01,1.79,0.006,6210.0,100.0,11.881519574795002,0.11208980730938681
Kepler-1654 b,158.9142032973374,141.51309803627896,1.2259565892142323,0.09737258821317381,207.78280498050748,5.079535224514397,2.026,0.036000000000000004,1.01,0.055,1.18,0.025,5597.0,94.0,9.18015521863878,2.0176165315689625
Kepler-1655 b,4.999440835734235,2.949447613198582,1.35987733253195,0.08206753672592872,937.4911068511279,14.858322318133165,0.103,0.001,1.03,0.04,1.03,0.02,6148.0,71.0,2.2081692039949203,0.07846286511657076
Kepler-1656 b,47.80139235183909,4.751534678590388,1.171107747607397,0.2811182964842301,759.0212057279962,49.90201606514807,0.1974,0.0026,1.03,0.04,1.1,0.13,5731.0,60.0,5.021623367460529,0.526822094354118
Kepler-1657 b,613.4088247277223,63.565681318934956,0.9552268802570936,0.42105366415302936,390.4780036975405,43.754564775941574,0.534,0.020999999999999998,1.01,0.055,0.96,0.209,5830.0,100.0,11.096890923629294,0.7285837475110142
Kepler-1659 b,9.00090047476119,0.2987587021989943,0.7019892495797839,0.2730565850666689,761.0692303156052,80.30861840749077,0.112293,0.0092,1.02,0.136,0.97,0.1,5370.0,442.8,1.905526724259576,0.20176165315689623
Kepler-1659 c,4.598977043424944,0.2987587021989943,0.7019892495797839,0.2730565850666689,664.5569498615545,67.87649858940412,0.14728,0.0092,1.02,0.136,0.97,0.1,5370.0,442.8,1.905526724259576,0.30264247973534436
Kepler-16 (AB)b,105.83685939602671,5.085254505514797,0.14864715693086913,0.02004231329404977,206.07228501346614,6.9477950373956325,0.7048,0.001,0.8499,0.017,0.65,0.0,4450.0,150.0,8.449329674981577,0.025780655681158966
Kepler-1704 b,1322.1661714338472,90.58109587948232,2.816540634512523,0.25911721543953076,320.4159039736228,9.887669049308863,2.027,0.027,1.132,0.045,1.697,0.058499999999999996,5746.0,87.5,11.948773459180634,0.48198617143036326
Kepler-1705 b,4.468667396721127,0.454494621430385,0.5885999817352066,0.3065819755526462,862.9389132710389,122.83705172145127,0.08,0.0092,0.838,0.09,0.768,0.194,5775.0,183.0,2.0299464103729954,0.1300241764788887
Kepler-1705 c,5.418974332439205,0.5895716942331217,0.5885999817352066,0.3065819755526462,1196.6352959474686,204.4240615912524,0.0416,0.0092,0.838,0.09,0.768,0.194,5775.0,183.0,2.0501225756886847,0.15020034179457833
Kepler-1708 b,1462.0106703355038,731.0053351677519,1.6086916610036175,0.29185550779941843,250.4218405455791,14.928102925394153,1.64,0.1,1.088,0.072,1.117,0.064,6157.0,216.5,9.960300277512111,0.6052849594706887
Kepler-17 b,778.6795961569533,4.449597692325447,1.1047915035142475,0.09059503700535058,1774.613493229054,38.52387353820713,0.02591,0.00037,1.16,0.06,1.05,0.03,5781.0,85.0,14.683764757529673,0.22417961461877361
Kepler-18 b,6.992224945082845,3.4961124725414225,0.902249490986409,0.10566992377600304,1284.3658074226855,38.58095678693749,0.0447,0.0006,0.97,0.04,1.11,0.05,5345.0,100.0,1.9951985701070851,0.10088082657844812
Kepler-18 c,17.16273395611244,1.9069704395680487,0.902249490986409,0.10566992377600304,990.2242927020073,29.884200935237843,0.0752,0.0011,0.97,0.04,1.11,0.05,5345.0,100.0,5.492400558159954,0.25780655681158965
Kepler-18 d,16.527077142923087,1.2713136263786993,0.902249490986409,0.10566992377600304,793.1926677040669,23.9262080196252,0.1172,0.0017,0.97,0.04,1.11,0.05,5345.0,100.0,6.983194995374798,0.32506044119722177
Kepler-1973 Ab,17.28986531875031,2.860455659352073,0.4719112330187065,0.06131445242454681,1030.5001492799574,34.03585710925068,0.0504,0.0006,0.928,0.031,0.818,0.026,5295.0,150.0,4.304248600680453,0.05044041328922406
Kepler-197 Ac,5.403082912109472,3.0352612829791443,1.6597416746906273,0.2872980728045113,1065.0969974956051,72.19994762235547,0.0883,0.0092,1.093,0.153,1.2094,0.07725,5963.52,174.14,1.3079759614932347,0.04102486947523557
Kepler-19 b,8.400204786297254,1.5494134821490397,0.6268731069475566,0.03052786331448863,851.8903434219534,11.641376511771567,0.085,0.00105,0.94,0.04,0.86,0.02,5544.0,20.0,2.219378184725859,0.044835922923754726
Kepler-20 Ab,9.52309254679624,1.4694796378904789,0.6869589689139869,0.08358752823771383,1184.5841570572018,124.16009665240772,0.045862,0.0092,0.929,0.053,0.9164,0.0532,5495.0,50.0,2.0069679998745706,0.18304265533622865
Kepler-20 Ac,11.09221139015415,2.0976674835248534,0.6869589689139869,0.08358752823771383,830.0178813587513,47.8561405716862,0.094,0.0092,0.929,0.053,0.9164,0.0532,5495.0,50.0,2.879587149778147,0.13394731973471724
Kepler-20 Ad,12.946104485820888,4.21186204419263,0.6869589689139869,0.08358752823771383,429.36913420571074,14.210172283630454,0.349,0.0091,0.929,0.053,0.9164,0.0532,5495.0,50.0,2.4919805961022874,0.06904732130258227
Kepler-21 Ab,6.680753106620064,1.398444989016569,5.129218958250322,0.18170732768604145,2012.148130580569,69499.2941253613,0.0434281,3.0,1.408,0.025500000000000002,1.902,0.015,6305.0,50.0,1.6499619635941738,0.020176165315689623
Kepler-223 b,7.399045305524028,1.1998022348948973,3.0642413235548926,0.5628773966770683,1365.404834721833,106.46439418245704,0.073,0.0092,1.12,0.08,1.72,0.10500000000000001,5829.0,200.0,2.992797855160628,0.22417961461877361
Kepler-223 c,5.10114592584453,1.4000341310495426,3.0642413235548926,0.5628773966770683,1246.1939679193367,86.72622469223442,0.088,0.0092,1.12,0.08,1.72,0.10500000000000001,5829.0,200.0,3.4411570843981747,0.2522020664461203
Kepler-25 Ab,10.810297593504673,3.0945362808090513,2.9145843514106717,0.4269406692098886,1381.4990576346459,104.56954393697214,0.06944,0.0092,1.19,0.17,1.477,0.08785,6212.0,132.75,2.7040545115316474,0.05895923864473746
Kepler-25 Ac,24.09298236190932,4.035626192735883,2.9145843514106717,0.4269406692098886,1089.7450758638322,60.08516953470842,0.1116,0.0092,1.19,0.17,1.477,0.08785,6212.0,132.75,4.627067245731487,0.102001724651542
Kepler-289 b,7.31005335167752,6.674396538488171,1.1550403059984864,0.054714326313959095,630.3499911291585,16.762561724132127,0.21,0.01,1.08,0.02,1.0,0.02,5990.0,38.0,2.1521243003402266,0.10088082657844812
Kepler-289 c,133.4879307697634,15.89142032973374,1.1550403059984864,0.054714326313959095,404.46617882479575,12.825441323740874,0.51,0.03,1.08,0.02,1.0,0.02,5990.0,38.0,11.590086075790596,0.19055267242595758
Kepler-289 d,4.131769285730772,0.9534852197840243,1.1550403059984864,0.054714326313959095,502.8098089846741,16.358860361230764,0.33,0.02,1.08,0.02,1.0,0.02,5990.0,38.0,2.6789463946943446,0.1681347109640802
Kepler-297 c,41.953349670497076,11.600736840705629,0.7948453401192966,0.19079524850198734,458.51292256533117,28.25151833178849,0.3292,0.0092,1.04,0.136,0.89,0.1,5783.0,122.0,6.389119016635047,0.6389119016635048
Kepler-29 b,4.999440835734235,1.4000341310495426,0.39996202796456726,0.03740658948067853,738.5744352326559,41.51177732624864,0.09,0.0092,0.76,0.025,0.73,0.03,5378.0,60.0,2.5444386259230805,0.12329878804032549
Kepler-29 c,4.500450237380595,1.0996862868175747,0.39996202796456726,0.03740658948067853,668.0657131132813,32.007580486721565,0.11,0.0092,0.76,0.025,0.73,0.03,5378.0,60.0,2.342676972766184,0.11769429767485615
Kepler-30 b,11.441822637408292,1.2713136263786993,0.739870995801556,0.18916142150908083,609.1993480862819,41.93519601505334,0.18,0.0092,0.99,0.08,0.95,0.12,5498.0,54.0,3.9007252943666604,0.20176165315689623
Kepler-30 c,638.8350972552962,50.85254505514797,0.739870995801556,0.18916142150908083,471.78692166743076,31.010786649045425,0.3,0.0092,0.99,0.08,0.95,0.12,5498.0,54.0,12.296251861839732,0.40352330631379246
Kepler-30 d,23.201473681411258,2.5426272527573985,0.739870995801556,0.18916142150908083,365.46106458626247,23.59992170666858,0.5,0.0092,0.99,0.08,0.95,0.12,5498.0,54.0,8.799049873786865,0.5044041328922406
Kepler-324 d,2.231155414294617,0.6737962219807105,0.4607403026639498,0.08459148818257595,519.9588404714613,26.83630282943801,0.1949,0.0092,0.86,0.136,0.84,0.07,5194.0,100.0,1.129865257678619,0.05044041328922406
Kepler-338 b,30.60687555506718,22.64527396987058,3.3431454905862013,0.35316677208911895,1101.650033998736,52.205341947247945,0.117,0.0092,1.1,0.136,1.74,0.08,5923.0,77.0,2.4435577993446325,0.13450776877126416
Kepler-34 (AB)b,69.92224945082846,3.4961124725414225,1.3271094334932028,0.11670842303677752,287.6952056638647,6.332018165875083,1.0896,0.0009,2.0687,0.0033,1.1,0.0,5913.0,130.0,8.56029858421787,0.15020034179457833
Kepler-35 (AB)b,40.300641956204764,6.3883509725529635,0.8861397608397744,0.09484192945127803,348.06022387219923,9.317810579138623,0.60347,0.00103,1.6971,0.007,1.0,0.0,5606.0,150.0,8.160137972123358,0.15020034179457833
Kepler-36 b,3.8298322994658314,0.10488337417624269,3.0463463090176046,0.19315088181854193,1084.0292475414456,18.573540927775085,0.1153,0.0015,1.03,0.02,1.63,0.04,5979.0,60.0,1.5020034179457833,0.050440413289224065
Kepler-36 c,7.128891159918555,0.1811621917589646,3.0463463090176046,0.19315088181854193,1027.6431347784307,17.504208530341966,0.1283,0.0016,1.03,0.02,1.63,0.04,5979.0,60.0,3.6765456797478873,0.09527633621297879
Kepler-37 d,5.403082912109472,1.398444989016569,0.4821468956922701,0.04532022960917844,506.8427226841325,12.431411492238595,0.2109,0.0029,0.87,0.15,0.79,0.03,5417.0,75.0,1.9391536664523916,0.056044903654693404
Kepler-39 b,6388.350972552964,413.17692857307725,2.859175557551719,0.44639936504819533,896.0544434564025,35.95153793873101,0.164,0.003,1.29,0.065,1.4,0.1,6350.0,100.0,13.899136106363963,1.0648531694391745
Kepler-407 Ab,1.6689169630286371,0.8219042594538291,0.9013502477261012,0.09465586343240188,2194.7674745736945,662.3757757616958,0.0153,0.0092,0.96,0.1235,1.057,0.04735,5476.0,75.0,1.1610262241106286,0.03900725294366661
Kepler-40 b,699.2224945082846,127.13136263786993,7.310936488428825,0.6094589884909838,1619.7914215961266,45.40895781195216,0.08,0.003,1.48,0.06,2.13,0.06,6510.0,100.0,13.114507455198256,0.44835922923754723
Kepler-411 Ab,25.58518673087132,2.6061929340763337,0.3302340906948938,0.04111053380977213,1082.006636110999,35.51951121773235,0.03831,0.0008,0.87,0.04,0.82,0.02,4837.0,138.5,1.8659590222793623,0.060976855176306424
Kepler-411 Ac,26.411540588017473,5.91160836266095,0.3302340906948938,0.04111053380977213,785.1357497407828,55.43647077028965,0.07258,0.0092,0.87,0.04,0.82,0.02,4837.0,138.5,3.2380503535535663,0.10805457424624887
Kepler-411 Ad,15.198554403357349,5.10114592584453,0.3302340906948938,0.04111053380977213,403.0832302530617,12.88120136419494,0.2757,0.004,0.87,0.04,0.82,0.02,4837.0,138.5,3.3760329063514214,0.12094490208682836
Kepler-412 b,299.07653060558897,22.883645274816583,1.6320770179635626,0.14382452651827543,1850.2164333144776,50.33933011165786,0.02897,0.000925,1.17,0.09,1.29,0.04,5750.0,90.0,15.03124316018877,0.5044041328922406
Kepler-416 b,58.16259840682549,46.402947362822516,1.0616328013080891,0.2176090714950265,1102.53267862486,95.56602723469634,0.0658,0.0092,1.0,0.136,1.089,0.1,5620.27,127.9,2.710331540740973,0.34019256518398894
Kepler-419 b,794.571016486687,95.34852197840243,4.643358742424966,0.4377820507828537,779.6203483833475,20.78725829509549,0.37,0.006500000000000001,1.39,0.07500000000000001,1.74,0.07,6430.0,79.0,10.760621501701133,1.3450776877126416
Kepler-41 b,177.9839076930179,25.426272527573985,1.6320770179635626,0.12430385601124345,1788.3195098114966,35.951292922699906,0.03101,0.0004,1.15,0.04,1.29,0.02,5750.0,100.0,14.459585142910898,0.22417961461877361
Kepler-420 Ab,460.8511895622784,111.23994230813616,1.0636605397519447,0.27067880457091603,512.7198072041273,34.66547705703081,0.382,0.006,0.99,0.05,1.13,0.14,5520.0,80.0,10.53644188708236,1.3450776877126416
Kepler-423 b,189.1079019238315,25.74410093416866,0.7738133658192256,0.07892847281182358,1380.2091847070358,38.65216395873033,0.03585,0.00083,0.85,0.04,0.95,0.04,5560.0,80.0,13.361105031278907,0.5828669980088114
Kepler-425 b,79.4571016486687,25.426272527573985,0.47407704250518307,0.03766857673411094,1088.8630758334111,28.855064967268795,0.0464,0.0008,0.93,0.05,0.86,0.025,5170.0,70.0,10.96238315485803,0.24659757608065097
Kepler-426 b,108.06165824218944,25.426272527573985,0.8157695090704429,0.06780141160784478,1306.7441047213565,31.878146934716433,0.0414,0.001,0.91,0.06,0.92,0.025,5725.0,90.0,12.217788996723163,0.3362694219281604
Kepler-427 b,92.17023791245568,28.60455659352073,1.85041594126264,0.5555010728007311,1131.452863714847,125.33384243079105,0.091,0.01,0.96,0.06,1.35,0.2,5800.0,70.0,13.787046299054577,2.353885953497123
Kepler-428 b,403.64207637523697,60.38739725298821,0.4039231458742871,0.03731124881317744,1074.0753954126371,28.043761353799937,0.0433,0.0009,0.87,0.05,0.8,0.02,5150.0,100.0,12.105699189413777,0.3362694219281604
Kepler-432 b,1719.4516796771907,79.4571016486687,9.206273809458917,0.7323597231744637,919.0895539639256,27.588930625010857,0.301,0.0135,1.32,0.085,4.06,0.1,4995.0,78.0,12.83428293692479,0.4203367774102005
Kepler-433 b,896.2761065969828,165.2707714292309,7.4978231204170065,1.7853563124588547,1772.4908279776052,111.32462926209183,0.0679,0.0027,1.46,0.17,2.26,0.25,6360.0,140.0,16.253022059861088,1.793436916950189
Kepler-434 b,908.9892428607699,111.23994230813616,2.1806252978115084,0.43360342731798374,1003.6278033153092,51.656642710400234,0.1143,0.003,1.2,0.09,1.38,0.13,5977.0,95.0,12.666148225960708,2.4659757608065096
Kepler-435 b,266.9758615395268,47.674260989201215,13.32001610555695,2.6190720090352064,1731.581710687836,86.7771973830567,0.0948,0.0018,1.54,0.09,3.21,0.3,6161.0,94.0,22.305871654567973,2.0176165315689625
Kepler-43 b,1026.5857533007995,60.38739725298821,2.4093610302602357,0.32934996708392944,1618.6066851119617,71.2209348732775,0.046,0.00255,1.32,0.09,1.42,0.07,6041.0,143.0,13.663747511014252,0.7229792571455449
Kepler-447 b,435.4249170347045,149.37935109949714,0.9005479546764892,0.328438903764355,980.622734906563,100.08036632889937,0.0769,0.007050000000000001,1.0,0.21,1.05,0.19,5493.0,62.0,18.494818206048823,6.613298631253821
Kepler-44 b,317.8284065946748,31.78284065946748,1.85041594126264,0.2537356961948225,1539.5639604226405,56.22787139481224,0.0446,0.0011,1.12,0.08,1.35,0.08,5800.0,100.0,12.217788996723163,0.7846286511657077
Kepler-454 Ab,5.403082912109472,1.398444989016569,1.0664418322025857,0.04390179624279519,917.2637996983797,10.83548403840312,0.09528,0.001105,1.03,0.035,1.066,0.012,5687.0,49.0,2.369578526520437,0.1300241764788887
Kepler-45 b,160.50334533031076,28.60455659352073,0.057792127256629446,0.023749775456968207,789.9111696184455,145.81071991084633,0.03,0.0092,0.59,0.06,0.55,0.11,3820.0,90.0,10.760621501701133,1.2329878804032548
Kepler-46 b,1906.9704395680487,953.4852197840244,0.4448308858641713,0.5000210839257705,512.9233271473383,144.18828091130516,0.1968,0.00285,0.902,0.04,0.79,0.44,5309.0,200.0,9.056856430598454,0.4763816810648939
Kepler-494 b,11759.651044002967,953.4852197840244,2.279034622181297,1.3111384558034276,1220.9652101279771,259.299056723111,0.08,0.025,1.1,0.15000000000000002,1.4,0.4,6000.0,100.0,8.967184584750944,2.80224518273467
Kepler-4 b,24.472787307789957,3.8139408791360974,2.533474366202301,0.28221206358526696,1646.1050323471216,48.634392655685396,0.0456,0.0009,1.22,0.125,1.595,0.068,5772.0,103.435,4.001606120945109,0.21297063388783494
Kepler-538 Ab,10.599577359932404,2.4504570148449427,0.6394116740863097,0.02964590350119648,418.3651524190647,6.293429525989768,0.3548,0.0068,0.892,0.043,0.8717,0.00625,5534.0,61.0,2.219378184725859,0.03923143255828539
Kepler-539 b,308.2935543968345,92.17023791245568,0.9290284187215548,0.06433790740345256,395.3773473272481,10.054745401534992,0.4988,0.0054,1.05,0.04,0.95,0.02,5820.0,80.0,8.373108606011195,0.1793436916950189
Kepler-56 b,22.247988461627237,3.8139408791360974,8.809515647499016,0.9429228220571716,1497.4047770328568,48.287417011372426,0.1028,0.0037,1.32,0.13,4.23,0.15,4840.0,97.0,6.512417804675373,0.28582900863893634
Kepler-56 c,181.1621917589646,20.02318961546451,8.809515647499016,0.9429228220571716,1180.983477463381,37.99212385197846,0.1652,0.0059,1.32,0.13,4.23,0.15,4840.0,97.0,9.796649158840406,0.4595682099684859
Kepler-5 b,670.9357663213585,24.31387310449262,4.519919344535311,0.3056759501434407,1751.4686524648123,41.65767390912675,0.0538,0.0018,1.37,0.05,1.79,0.05,6297.0,60.0,15.984006522318557,0.48759066179583255
Kepler-65 d,10.806165824218944,5.403082912109472,2.6544478180096145,0.15965282066384628,1228.5995192418056,34.974030064084054,0.084,0.004,1.25,0.06,1.41,0.03,6211.0,66.0,1.5244213794076606,0.044835922923754726
Kepler-68 b,7.650129746733823,1.3444141598954742,1.6016050303570233,0.19184769463492185,1261.8481907593728,38.21893947855292,0.0617,0.00056,1.064,0.134,1.259,0.0682,5793.0,74.0,2.309050030573368,0.7285837475110142
Kepler-68 c,2.040458370337812,1.7496453783036847,1.6016050303570233,0.19184769463492185,1041.3807886049613,31.539507231367732,0.09059,0.00082,1.064,0.134,1.259,0.0682,5793.0,74.0,0.9269827064486288,0.0246597576080651
Kepler-6 b,212.30937560524276,11.600736840705629,1.7627495051164896,0.08389854803471214,1457.4648500293292,23.289319217709803,0.04852,0.001035,1.21,0.04,1.39,0.025,5647.0,44.0,14.61651087314404,0.28582900863893634
Kepler-74 b,200.2318961546451,38.13940879136097,1.4585821581960305,0.14251239871584265,1095.6404121283697,27.20937717572771,0.0781,0.0007,1.18,0.04,1.12,0.04,6000.0,100.0,10.760621501701133,0.22417961461877361
Kepler-75 b,3210.066906606215,127.13136263786993,0.5196168643318468,0.04629289577554983,868.7283199493731,20.45345749264309,0.0818,0.0012,0.91,0.04,0.89,0.02,5200.0,100.0,11.769429767485615,0.3362694219281604
Kepler-77 b,136.66621483571015,10.170509011029594,0.8164254796858651,0.04845776257676748,1248.3474152599304,20.480359029583926,0.04501,0.00063,0.95,0.04,0.99,0.02,5520.0,60.0,10.760621501701133,0.1793436916950189
Kepler-79 b,10.901514346197345,6.67439653848817,2.203144868003424,0.175252372656607,992.4094341500877,21.481250432793136,0.117,0.002,1.17,0.04,1.3,0.03,6174.0,100.0,3.474784026590991,0.06725388438563208
Kepler-79 c,6.038739725298821,2.0976674835248534,2.203144868003424,0.175252372656607,785.0542625285437,16.471035935085276,0.187,0.0025,1.17,0.04,1.3,0.03,6174.0,100.0,3.721381602671642,0.07846286511657076
Kepler-79 e,4.131769285730772,1.160073684070563,2.203144868003424,0.175252372656607,546.3686406613228,11.427209454156397,0.386,0.005,1.17,0.04,1.3,0.03,6174.0,100.0,3.48599300732193,0.13450776877126416
Kepler-7 b,140.16232730825158,13.507707280273678,4.314392930381479,0.135272329356678,1632.2976765660108,15.61048332783716,0.06067,0.00059,1.36,0.03,1.97,0.01,5933.0,44.0,18.18096674558254,0.14571674950220284
Kepler-82 b,12.150579984114417,0.9153458109926633,0.6308617913319936,0.06269049357038695,605.2752624979291,15.461069689291456,0.1683,0.002,0.91,0.03,0.9,0.03,5428.0,100.0,4.068860005330741,0.16813471096408023
Kepler-82 c,13.898636220385129,1.2506547799500454,0.6308617913319936,0.06269049357038695,484.5623766653194,12.394837115891933,0.2626,0.0032,0.91,0.03,0.9,0.03,5428.0,100.0,5.335474827926812,0.22978410498424295
Kepler-84 Ac,20.213886659421316,11.85499956598137,1.5233931001678322,0.46751634357257904,945.4018301892595,83.10778372754788,0.1072,0.0092,0.987,0.068,1.131,0.16699999999999998,6036.0,126.0,3.1497235853937697,0.46517270033395525
Kepler-86 b,108.80855499768691,30.98826964298079,0.9007719309220916,0.09428251908030173,302.0877624355859,9.10173462868844,0.824,0.019,0.94,0.02,1.0,0.05,5629.0,43.5,9.489523086812687,0.16028842445242314
Kepler-87 b,324.18497472656827,50.85254505514797,2.922703327155778,0.16553041937098134,525.3574338897871,16.515071365803394,0.481,0.027,1.1,0.05,1.82,0.04,5600.0,50.0,13.495612800050171,0.5492400558159953
Kepler-89 Ab,5.757461585462534,3.8010688286690133,2.6778673811526135,0.40328632517772534,1588.068119271492,63.299817141968745,0.05119,0.00067,1.183,0.1665,1.4286,0.08940000000000001,6184.0,129.49450000000002,1.6379683542120695,0.12195371035261285
Kepler-89 Ac,6.206553123980809,5.594097784472871,2.6778673811526135,0.40328632517772534,1148.8200783966545,56.031630564273854,0.1013,0.0013,1.183,0.1665,1.4286,0.08940000000000001,6184.0,129.49450000000002,3.864071927376491,0.09897529985418854
Kepler-89 Ad,79.60206318491653,8.66843607004283,2.6778673811526135,0.40328632517772534,868.58702832647,33.19128446421968,0.1684,0.0022,1.183,0.1665,1.4286,0.08940000000000001,6184.0,129.49450000000002,10.311029284583183,0.2440195105125351
Kepler-8 b,187.51875989085812,39.72855082433435,2.9680266846946126,0.36078679795518637,1679.7266583583148,61.639971588489374,0.0474,0.00195,1.21,0.065,1.49,0.055,6213.0,150.0,15.87191671500917,0.644516392028974
Kepler-91 b,257.4410093416866,55.61997115406809,15.262178743528535,1.2702769233040443,2037.948808057928,62.054881544660766,0.0731,0.00325,1.31,0.1,6.3,0.16,4550.0,75.0,15.322676659193176,0.7229792571455449
Kepler-93 b,4.54494621430385,0.8486018456077817,0.8899545531443164,0.08657913836574875,1175.478954058771,36.18338349967681,0.053,0.002,1.09,0.14,0.98,0.04,5669.0,75.0,1.5692573023314154,0.11208980730938681
Kepler-95 Ab,13.030964670381668,2.860455659352073,1.992596222852458,0.21028568823760918,1035.0713822556427,53.97076497945872,0.10228,0.0092,1.0,0.12445,1.451,0.06665,5699.0,74.0,3.1149757451278592,0.08597288220629967
Kepler-99 Bb,3.8130191767569728,0.5720911318704146,0.25866165627777565,0.04152324936263178,882.5365553698965,87.57049686261077,0.05069,0.0092,0.769,0.0912,0.745,0.049600000000000005,4774.0,107.0175,1.812043824963547,0.13495612800050172
Kepler-9 b,43.39946892050284,1.798908781325859,0.9190506239328281,0.05408996272267602,721.737696061274,10.915055318567694,0.143,0.001,1.02,0.035,0.96,0.02,5774.0,60.0,8.294645740894623,0.48198617143036326
Kepler-9 c,29.901296492427004,1.1998022348948973,0.9190506239328281,0.05408996272267602,572.89673898951,15.175298624167802,0.227,0.01,1.02,0.035,0.96,0.02,5774.0,60.0,8.081675107006788,0.47638168106489387
KOI-134 b,317.8284065946748,85.8136697805622,4.169316148627463,0.4685850391268382,660.1038069442425,18.547921072392544,0.364,6.4e-05,1.17,0.136,1.8,0.1,6154.0,26.0,12.105699189413777,2.241796146187736
KPS-1 b,346.4329631881956,27.651071373736706,0.5252737857669186,0.10395479416259347,1446.2092241607943,76.43612054384714,0.0269,0.001,0.892,0.1,0.907,0.08399999999999999,5165.0,90.0,11.545250152866842,1.4571674950220286
L 168-9 b,4.020529343422636,0.4386032011006512,0.07131701696800904,0.009054807172544102,998.3980896547178,34.80897616711124,0.0208,0.0006,0.614,0.055,0.604,0.037,3842.0,32.0,1.5602901177466642,0.10984801116319906
L 98-59 b,0.4131769285730772,0.1589142032973374,0.010333291002492764,0.0024129145255051094,600.8899110021529,36.856918896138204,0.02191,0.00082,0.32,0.03,0.291,0.025,3415.0,135.0,0.8496407394051521,0.05102888477759834
L 98-59 c,2.21844227803083,0.26061929340763335,0.010333291002492764,0.0024129145255051094,510.1674124631735,31.445675385921597,0.0304,0.0012,0.32,0.03,0.291,0.025,3415.0,135.0,1.3849816591147834,0.08502011884416989
L 98-59 d,1.9387532802275163,0.2796889978033138,0.010333291002492764,0.0024129145255051094,403.227791529857,24.82689446368703,0.0486,0.0019,0.32,0.03,0.291,0.025,3415.0,135.0,1.5210586851883787,0.10895129270472398
LHS 1140 b,6.979511808819058,0.8899195384650894,0.0029829639778452513,0.0005648846797526841,212.9269819112811,10.444037207882754,0.0936,0.0024,0.146,0.019,0.186,0.013,3131.0,100.0,1.7269676612157228,0.03194559508317524
LHS 1140 c,1.8084436335236995,0.39092894011144996,0.0029829639778452513,0.0005648846797526841,403.17713654539125,20.51504944863173,0.02675,0.0007,0.146,0.019,0.186,0.013,3131.0,100.0,1.281971126197457,0.023987218764208777
LHS 1815 b,4.195334967049707,1.4937935109949716,0.039664500238553106,0.007798105431305503,618.6152891570758,78.12691066389694,0.0404,0.0094,0.502,0.015,0.501,0.03,3643.0,142.0,1.0880557595522178,0.06400327997365986
LP 714-47 b,30.797572599023987,1.4937935109949716,0.07449102096411196,0.005608983118727433,712.9444917469403,14.085645583225093,0.0417,0.0005,0.59,0.02,0.584,0.016,3950.0,51.0,4.696562926263307,0.30264247973534436
LP 791-18 d,0.8899195384650894,0.19069704395680487,0.0019904649611942405,0.00044671814859114034,417.1795363079099,23.500492483125786,0.0199,0.0002,0.139,0.005,0.17,0.018,2960.0,55.0,1.0301053291732647,0.040352330631379246
LTT 1445 Ab,2.860455659352073,0.25426272527573984,0.008139603418917424,0.0017104925192386385,429.22906362407673,22.901064421752647,0.03813,0.0007,0.256,0.014,0.27,0.012,3340.0,159.0,1.300241764788887,0.06725388438563208
LTT 1445 Ac,1.5414677719841727,0.19069704395680487,0.008139603418917424,0.0017104925192386385,516.4043523464508,27.76683289196385,0.0266,0.0005,0.256,0.014,0.27,0.012,3340.0,159.0,1.1470149981969553,0.055036095388908926
LTT 3780 b,2.459991867042783,0.19069704395680487,0.01647326976305365,0.002083636006602863,913.1073430018976,30.926565118683172,0.01195,0.00029,0.38,0.029,0.38,0.012,3358.0,92.0,1.3250136122042613,0.05795043037895298
LTT 3780 c,8.041058686845272,0.5085254505514797,0.01647326976305365,0.002083636006602863,362.8182518015359,12.43384093903518,0.0757,0.002,0.38,0.029,0.38,0.012,3358.0,92.0,2.3897546918361265,0.10088082657844812
LTT 9779 b,29.319670508358747,0.794571016486687,0.6675088699278613,0.04367194672389932,1943.568033739046,32.80607568909261,0.01679,0.00014,1.0,0.03,0.92,0.01,5445.0,84.0,4.7201017857982785,0.22978410498424295
MASCARA-1 b,1175.9651044002967,286.0455659352073,12.883574151859712,2.658827775012619,2545.5738321720696,197.86954872844495,0.043,0.005,1.72,0.07,2.1,0.2,7554.0,150.0,16.813471096408023,3.3626942192816043
MASCARA-3 Ab,1646.3511461604153,69.92224945082846,3.333049006819123,0.1931051738716446,1427.142582877542,96.41828407618982,0.06971,0.0092,1.309,0.034999999999999996,1.513,0.033,6347.0,60.5,14.257823489754003,0.24659757608065097
MASCARA-4 Ab,532.3625810460803,76.59664598931663,12.242517067171638,1.8826720679730717,2403.9730015417613,137.86360886919974,0.047,0.004,1.75,0.05,1.92,0.11,7800.0,200.0,17.14974051833618,0.6164939402016274
NGTS-10 Ab,687.1450150576869,31.62392645617014,0.1633676688935617,0.02248031916832449,1481.2704004914547,72.65795699054925,0.0143,0.001,0.696,0.04,0.697,0.036,4400.0,100.0,13.506821780781111,1.120898073093868
NGTS-11 b,60.06956884639354,7.94571016486687,0.40392619177046823,0.028538622123068652,503.76722646521034,11.940164903270764,0.195,0.006,0.862,0.028,0.832,0.013,5050.0,80.0,9.079274392060332,0.22417961461877361
NGTS-11 c,20.023189615464513,5.085254505514796,0.40392619177046823,0.028538622123068652,705.9415461410813,16.428267789297806,0.099,0.003,0.862,0.028,0.832,0.013,5050.0,80.0,4.808652733572694,0.10088082657844812
NGTS-13 b,1538.2894879182259,139.84449890165692,3.5182340072821368,0.28364180285859664,1630.0797075453124,45.82203759429042,0.0549,0.00215,1.3,0.145,1.788,0.057,5918.0,73.0,12.800655994731972,0.5156131136231793
NGTS-14 Ab,29.24021340671008,3.8139408791360974,0.4604463397299032,0.007636613850180818,1143.2812169551041,100.82237853152469,0.0403,0.0071,0.898,0.035,0.842,0.006,5187.0,11.0,4.931951521613019,0.3362694219281604
NGTS-15 b,238.68913335260078,30.193698626494104,0.8030428273450392,1.5176161097538745,1255.9611836829847,596.9934342409985,0.0441,0.0046,0.995,0.3,0.954,0.9,5600.0,150.0,12.32987880403255,1.120898073093868
NGTS-16 b,211.9915471986481,46.085118956227845,1.2525162936331677,0.24694885708994369,1288.860271410393,101.26554446084648,0.0523,0.0064,1.002,0.035,1.213,0.1,5550.0,150.0,14.571674950220284,1.4571674950220286
NGTS-17 b,242.82090263833155,57.050198983744124,1.634355224877866,0.33823201837767386,1593.158813933571,120.28504471869043,0.0391,0.0043,1.025,0.035,1.337,0.13,5650.0,100.0,13.899136106363963,1.2329878804032548
NGTS-18 b,129.99181829722198,22.883645274816587,1.7219469421765807,0.645351255424707,1507.9146817402848,181.8177359001702,0.0448,0.0068,1.003,0.025,1.392,0.25,5610.0,150.0,13.562866684435804,2.0176165315689625
NGTS-1 b,258.07666615487597,14.461192500057704,0.06927393000013475,0.01921225658959819,791.6958913721595,79.18397669513101,0.0326,0.0047,0.617,0.042499999999999996,0.573,0.077,3916.0,67.0,14.907944372148446,5.26822094354118
NGTS-20 b,947.1286516521309,50.85254505514797,3.6352525732872083,0.2820466365494226,705.6443929567085,20.16729660476265,0.313,0.013,1.47,0.09,1.78,0.05,5980.0,80.0,11.993609382104388,0.44835922923754723
NGTS-21 b,750.0750395634325,66.7439653848817,0.31291790878457404,0.031122172023423447,1356.4770132812266,36.66151074114155,0.0236,0.0005,0.72,0.04,0.86,0.04,4660.0,41.0,14.907944372148446,0.3362694219281604
NGTS-23 b,194.82881324253563,31.78284065946748,1.856793105853413,0.1192930520089038,1448.726638669347,174.03008648393174,0.0504,0.012,1.01,0.07,1.24,0.03,6057.0,64.0,14.201778586099307,0.3362694219281604
NGTS-24 b,165.2707714292309,38.13940879136097,2.768659096945699,0.22422027299778458,1642.1410202474867,61.23570994998403,0.0479,0.003,1.26,0.04,1.64,0.06,5820.0,50.5,13.607702607359558,0.6725388438563209
NGTS-25 b,203.0923518139972,17.48056236270711,0.5319364959989946,0.04911774672643242,1207.9804885770561,38.44369801525533,0.0388,0.0017000000000000001,0.91,0.04,0.86,0.035,5321.0,58.0,11.46678728775027,0.4875906617958326
NGTS-26 b,92.17023791245568,19.864275412167174,1.1454542842161213,0.10767198247401004,1302.1386672399983,55.669326401671064,0.049,0.0035,0.96,0.04,1.16,0.035,5550.0,100.0,14.907944372148446,0.6164939402016274
NGTS-27 b,188.47224511064215,26.22084354406067,2.9671247443475974,0.19458625055177964,1731.5193822938556,66.53628550260181,0.0446,0.0031,1.07,0.06,1.77,0.03,5700.0,80.0,15.647737100390398,0.44835922923754723
NGTS-29 b,123.95307857192317,9.534852197840243,0.9788233010998983,0.05740086906450887,472.18716563917667,20.947038135220186,0.347,0.029,1.034,0.032,1.006,0.009,5730.0,80.0,9.60609648641445,0.13450776877126416
NGTS-2 b,212.94503241843213,28.286728186926055,4.5769138316974365,0.3560237553772156,1686.3495295898608,36.43724254036015,0.0584,0.0011,1.64,0.20500000000000002,1.702,0.0455,6478.0,91.5,17.216994402721813,0.6949568053181981
NGTS-30 b,305.11527033088777,17.79839076930179,0.6622323996286027,0.058336558657076966,397.834417904882,13.112588632326865,0.408,0.02,0.94,0.06,0.913,0.03,5455.0,80.0,10.424352079772973,0.3362694219281604
NGTS-34 b,19.101487236339956,4.894557461557992,2.3735695708358238,0.22688402028978752,682.1733750876414,28.921456800204282,0.257,0.018,1.266,0.07200000000000001,1.367,0.061,6134.0,52.5,3.6496441259936345,0.21969602232639812
NGTS-35 b,151.92197835225454,21.930160055032562,0.25185078412569734,0.03013236651038987,495.7156994063626,22.59990675626895,0.16,0.011,0.789,0.0415,0.753,0.041999999999999996,4717.0,51.0,10.895129270472397,0.6501208823944435
NGTS-3 Ab,756.431607695326,82.63538571461545,0.746924195119469,0.3770011149344949,1707.9141995803786,298.17405093672886,0.023,0.005549999999999999,1.017,0.093,0.93,0.23,5570.0,140.0,16.589291481789246,4.1473228704473115
NGTS-4 b,20.595280747334925,2.860455659352073,0.44290901432841556,0.03602552353815549,1648.9696589584387,219.54540597878602,0.019,0.005,0.75,0.02,0.84,0.01,5143.0,100.0,3.1799878333673037,0.2600483529577774
NGTS-5 Ab,72.78270511018053,11.759651044002966,0.3030652900451502,0.014595283241154302,1057.7017034256899,22.047159690138713,0.0382,0.0013,0.661,0.0645,0.739,0.013000000000000001,4987.0,41.0,12.73340211034634,0.25780655681158965
NGTS-6 Ab,422.71178077091747,8.263538571461545,0.14603329571707074,0.015536303201253213,1335.884372520646,35.53077493853633,0.016623018,1e-08,0.7876,0.016,0.656,0.028,4410.0,70.0,14.246614509023063,2.168937771436635
NGTS-8 b,295.58041813304754,12.713136263786993,0.6501276546984125,0.03632700306419787,1337.3094149656974,26.72011630185498,0.035,0.001,0.89,0.05,0.98,0.02,5241.0,50.0,12.217788996723163,0.3362694219281604
NGTS-9 b,921.7023791245568,54.03082912109472,2.7432340505100123,0.2758146126589674,1489.5611591650872,53.734168857848495,0.058,0.003,1.34,0.05,1.38,0.04,6330.0,130.0,11.993609382104388,0.6725388438563208
OGLE-TR-10 b,216.12331648437888,47.674260989201215,1.885029585029834,0.32176798876684903,1600.2555425862186,68.29384223032807,0.04162,4e-05,1.14,0.136,1.242,0.1,6075.0,86.0,19.27944685721453,1.2329878804032548
OGLE-TR-111 b,171.6273395611244,31.78284065946748,0.4564783485007549,0.115020489681467,1056.372172151464,67.4867362560343,0.047,0.001,0.78,0.136,0.979,0.1,4800.0,177.0,12.072072247220959,0.8406735548204011
OGLE-TR-113 b,394.10722417739674,54.03082912109472,0.2653551983519596,0.07101087771148204,1321.4477449235462,88.59525472811681,0.0229,0.0002,0.73,0.136,0.817,0.1,4588.0,124.0,12.441968611341936,0.560449036546934
OGLE-TR-132 b,371.8592357157695,44.495976923254474,2.03182626503799,0.3382390033918192,1901.6113663794913,82.95254736308735,0.0306,0.0008,1.19,0.136,1.234,0.1,6210.0,59.0,13.787046299054577,0.7846286511657077
OGLE-TR-182 b,336.8981109903553,47.674260989201215,1.7265138849599633,0.28614046299073786,1414.224205120001,60.213952143342226,0.051,0.001,1.08,0.136,1.25,0.1,5924.0,64.0,16.47720167447986,1.5692573023314154
OGLE-TR-211 b,238.3713049460061,47.674260989201215,3.370152086647525,0.4808203628697052,1671.6221696227701,61.834013117022316,0.051,0.001,1.25,0.136,1.532,0.1,6325.0,91.0,14.123315720982738,1.0088082657844812
OGLE-TR-56 b,413.17692857307725,25.426272527573985,2.094397983131233,0.23542886281912778,2234.5206836444318,65.86139896417905,0.0225,0.0004,1.17,0.04,1.32,0.06,6050.0,100.0,13.450776877126417,1.905526724259576
pi Men c,3.629600403311186,0.38139408791360974,1.4419822805632243,0.07405898254755416,1182.725631500143,17.216225732020707,0.06702,0.0005,1.094,0.039,1.1,0.023,6037.0,45.0,1.874029488405638,0.04920182091845533
Qatar-10 b,233.92170725368064,28.60455659352073,1.984383700170173,0.10161677554419214,1955.3937896753662,32.362948827474455,0.0286,0.0006,1.156,0.068,1.254,0.026,6124.0,46.0,17.194576441259937,4.483592292375472
Qatar-1 Ab,411.2699581335092,15.732506126436403,0.3653522270428155,0.02790809779262511,1418.4841978071358,29.217417227531996,0.02332,0.00036,0.838,0.016,0.803,0.01,5013.0,90.5,12.811864975462912,0.28582900863893634
Qatar-2 b,792.664046047119,17.16273395611244,0.25411010091615116,0.012734369155899974,1348.1688941503562,18.013766770064773,0.02153,0.0002,0.74,0.037,0.78,0.01,4645.0,50.0,14.056061836597106,0.14571674950220284
Qatar-6 Ab,212.30937560524276,20.976674835248538,0.30466152570203225,0.023202509158594068,1006.4566061201853,19.744534702592762,0.0423,0.0004,0.822,0.021,0.722,0.02,5052.0,66.0,11.90393753625688,0.7846286511657077
Qatar-7 b,597.5174043979886,79.4571016486687,3.6521702297319267,0.13104677573106868,2052.944726617628,19.31734241014394,0.0352,0.0002,1.409,0.026,1.564,0.021,6387.0,38.0,19.055267242595757,0.3362694219281604
Qatar-8 b,117.91433884662435,19.705361208869835,1.6228346374644178,0.07545837416559124,1444.409152437119,20.74837190251691,0.0474,0.0008,1.029,0.051,1.315,0.02,5687.0,50.0,14.403540239256204,0.24659757608065097
Qatar-9 b,378.215803847663,50.85254505514797,0.14983535651679064,0.005518714817839629,1133.1997838573723,73.38661069231075,0.0234,0.003,0.719,0.024,0.696,0.008,4309.0,31.0,11.309861557517127,0.15692573023314152
Ross 176 b,4.570372486831424,0.8899195384650894,0.07928143809625472,0.007799654788763856,691.9079414942426,18.670441949614403,0.0464,0.001,0.58,0.02,0.57,0.02,4061.0,70.0,1.8405146360201314,0.07958376318966463
tau Boo Ab,1837.0481901172204,179.57304972599127,3.1896588804874613,0.32983827318419373,1737.466867395567,179.46300617297058,0.046,0.0092,1.32,0.214,1.426,0.057,6466.27,106.034,11.881519574795002,1.1769429767485615
TIC 139270665 b,147.15455225333443,14.62010670335504,1.0887571561436462,0.08955560250329199,705.8223226652369,15.926362480405166,0.163,0.003,1.035,0.055,1.02,0.03,5844.0,84.0,7.229792571455449,0.2690155375425283
TIC 237913194 b,617.2227656068584,0.6356568131893496,1.191960134375797,0.07095139050708854,881.0771673611954,18.93714550434732,0.1207,0.0037,1.026,0.057,1.088,0.012,5788.0,80.0,12.520431476458507,0.5660535269124034
TIC 241249530 Ab,1582.7854648414807,57.20911318704146,2.5310268000563516,0.12360652613857755,575.7382129193727,8.657680293689328,0.641,0.011,1.271,0.068,1.397,0.028,6166.0,43.0,13.338687069817029,0.44835922923754723
TIC 279401253 b,1951.466416491303,127.13136263786993,1.2643327323755946,0.07205008011936608,500.3186144292724,7.708828964152252,0.369,0.003,1.13,0.025,1.06,0.01,5951.0,80.0,11.20898073093868,0.44835922923754723
TIC 365102760 b,19.196835758318358,4.195334967049707,4.544302525004511,0.6454298504382133,1668.2494148789567,97.57418741984084,0.0622,0.0049,1.21,0.136,3.23,0.1,4694.0,150.0,6.20977532494003,0.7599688935576425
TIC 434398831 b,6.610830857169235,1.3030964670381668,0.7490622358323893,0.08345227345326114,1203.4317222099444,33.59871671347085,0.04641,0.00017,0.992,0.018,0.909,0.048,5638.0,50.0,3.509531866856901,0.21969602232639812
TOI-1011 b,4.039599047818317,0.5911608362660952,0.6823418344032529,0.061105104569005204,1361.3609396515983,183.53845554327168,0.0346,0.0092,0.91,0.03,0.92,0.03,5475.0,84.0,1.4504421065834652,0.05044041328922406
TOI-1052 Ab,16.9084712308367,1.6844905549517764,2.0452868285238295,0.1349682502722524,1108.9070304210582,19.142170184309723,0.09103,0.00063,1.204,0.025,1.264,0.033,6146.0,62.0,2.8694990671203024,0.29031260093131184
TOI-1062 b,10.170509011029594,0.8406561354429148,0.510158687595571,0.11140387095148259,1036.8199973334918,255.60453028642033,0.052,0.025,0.94,0.02,0.84,0.09,5328.0,56.0,2.2639899280349947,0.08799049873786864
TOI-1064 b,13.50770728027368,1.8116219175896464,0.2375068314018882,0.014204323426768499,784.4075236980914,13.06014017710761,0.06152,0.0009,0.748,0.052,0.726,0.007,4734.0,67.0,2.5870327527006474,0.043042486006804534
TOI-1107 b,1064.7251620921606,57.20911318704146,4.662724121586829,0.42766793835321554,1728.7144996426073,55.27234028408069,0.0561,0.0025,1.35,0.08,1.81,0.06,6311.0,100.0,14.571674950220284,0.560449036546934
TOI-1117 b,8.899195384650895,0.9550743618169978,0.99734204875378,0.07193486895265187,1532.7273174484935,54.04714376497873,0.033,0.002,0.97,0.02,1.05,0.03,5635.0,62.0,2.4603712704410405,0.12498013514996628
TOI-1130 b,19.80070973084824,0.2860455659352073,0.13815259415839784,0.010596691339308429,798.3611460698314,15.410244390951439,0.0453,0.0002,0.684,0.165,0.687,0.015,4250.0,67.0,3.659732208651479,0.040352330631379246
TOI-1130 c,335.94462577057124,3.496112472541423,0.13815259415839784,0.010596691339308429,628.3881239043569,12.118578193619777,0.0731,0.0003,0.684,0.165,0.687,0.015,4250.0,67.0,13.00241764788887,0.40352330631379246
TOI-1135 b,20.430009975905698,9.852680604434918,1.6958175656375922,0.08927542196140346,1111.0033046161257,25.074060323172002,0.082,0.003,1.125,0.03,1.16,0.03,6122.0,15.0,8.967184584750944,0.20176165315689623
TOI-1136 b,3.4961124725414225,0.794571016486687,0.9318452959848047,0.07646735419446722,1211.562921888345,27.05174625776324,0.05106,0.0009,1.022,0.027,0.968,0.036,5770.0,50.0,1.905526724259576,0.17990414073156585
TOI-1136 c,6.3184287231021345,1.2077479450597643,0.9318452959848047,0.07646735419446722,1059.9725232505564,22.105159953434843,0.0669,0.0005,1.022,0.027,0.968,0.036,5770.0,50.0,2.8790267007416004,0.06198566344209091
TOI-1136 e,6.070522565958288,1.1123994230813619,0.9318452959848047,0.07646735419446722,734.5203897457843,54.94971996770626,0.139,0.02,1.022,0.027,0.968,0.036,5770.0,50.0,2.639042423292203,0.07997607751524749
TOI-1136 f,8.21904259453829,2.6061929340763332,0.9318452959848047,0.07646735419446722,656.2550434653481,13.981407212211849,0.174,0.002,1.022,0.027,0.968,0.036,5770.0,50.0,3.8805491290509715,0.10984801116319906
TOI-1136 g,12.077479450597641,5.212385868152667,0.9318452959848047,0.07646735419446722,572.158002940622,12.001472736919316,0.229,0.002,1.022,0.027,0.968,0.036,5770.0,50.0,2.52986695097286,0.11993609382104388
TOI-1173 Ab,26.093712181422802,1.9069704395680487,0.6357273196836526,0.021167773532658234,940.4341997227567,10.316889373307902,0.07,0.001,0.91,0.03,0.93,0.01,5350.0,34.0,8.104093068468666,0.17037650711026794
TOI-1194 b,144.92975340717172,16.685991346220426,0.6765617677537205,0.11065591840996326,1365.3849391774763,56.90084396711418,0.0343,0.00055,1.0,0.05,0.963,0.053000000000000005,5340.0,161.5,8.597288220629968,0.4763816810648939
TOI-1199 b,75.96098917612727,6.356568131893496,2.0052581375126546,0.10021125113229322,1484.7012183445681,22.88222562837404,0.04988,0.0009,1.23,0.07,1.45,0.03,5710.0,40.0,10.514023925620481,0.280224518273467
TOI-1201 Ab,6.280289314310774,0.8803846862672491,0.03380152898171404,0.00291013430340455,705.1864736085713,21.15943467505965,0.0287,0.0012,0.512,0.02,0.508,0.016,3476.0,51.0,2.4149748984807387,0.08967184584750945
TOI-1203 Ab,3.5088256088052097,0.32577411675954165,1.351004699374085,0.0636101690371127,1362.0699294755964,20.815713768770816,0.04869,0.000945,0.886,0.036,1.179,0.011,5737.0,62.0,1.519937787115285,0.045452416863956346
TOI-1203 Ad,7.389510453326189,0.6197653928596158,1.351004699374085,0.0636101690371127,743.6534399590802,11.320713459618215,0.1632,0.00315,0.886,0.036,1.179,0.011,5737.0,62.0,2.9180339536852666,0.045452416863956346
TOI-1231 b,15.414677719841727,3.3054154285846176,0.03272498196782458,0.0042462027423640645,330.5104668489171,11.105991529181747,0.1288,0.0022,0.485,0.024,0.476,0.015,3562.0,101.0,3.6496441259936345,0.16028842445242314
TOI-1238 b,3.759910050015003,1.1108102810483884,0.08437509587198738,0.007329805157642616,1283.9869078601823,47.51145118955575,0.0139,0.0008,0.59,0.02,0.58,0.02,4089.0,54.0,1.2094490208682835,0.0
TOI-1238 c,8.320747684648586,1.9069704395680487,0.08437509587198738,0.007329805157642616,782.8867580692215,27.23733337208044,0.037,0.002,0.59,0.02,0.58,0.02,4089.0,54.0,2.1095301735626597,0.1401122591367335
TOI-1259 Ab,131.89878873679004,12.077479450597641,0.2357884649639929,0.023609630491564004,961.1947555799208,26.293217865846948,0.0408,0.0009,0.744,0.0615,0.711,0.0195,4775.0,100.0,11.601295056521533,0.20176165315689623
TOI-125 b,9.503069357180776,0.8803846862672491,0.5168066385305327,0.020234258447584145,1042.3394593459107,13.238748467152629,0.05186,0.000815,0.859,0.040999999999999995,0.848,0.011,5320.0,39.0,2.726024113764287,0.07498808108997977
TOI-125 c,6.6299005615649165,0.9884463445094386,0.5168066385305327,0.020234258447584145,828.4525588431777,10.495924597914527,0.0814,0.0013,0.859,0.040999999999999995,0.848,0.011,5320.0,39.0,2.758978517113247,0.10088082657844812
TOI-125 d,13.603055802252081,1.2077479450597641,0.5168066385305327,0.020234258447584145,640.526056594409,8.370636835210387,0.137,0.0022,0.859,0.040999999999999995,0.848,0.011,5320.0,39.0,2.9300275630673713,0.17037650711026794
TOI-1266 b,4.389210295072458,0.4608511895622784,0.026582659833122645,0.0051027679811899455,419.5540811309166,20.556018909765466,0.0728,0.0011,0.45,0.03,0.42,0.02,3600.0,150.0,2.6195387968203696,0.10984801116319906
TOI-1268 b,92.17023791245568,12.713136263786993,0.55523761390036,0.08407843540214383,897.2342027766504,70.96948803216291,0.072,0.01,0.96,0.04,0.92,0.06,5200.0,100.0,9.191364199369717,0.6725388438563208
TOI-1273 b,70.5579062640178,4.767426098920121,1.0566974175973087,0.049728825231270944,1206.081875486693,17.952380500362153,0.0549,0.001,1.06,0.06,1.06,0.02,5690.0,40.0,11.096890923629294,2.4659757608065096
TOI-1278 b,5879.8255220014835,158.9142032973374,0.061358716732472826,0.0037373138723072433,449.91168733973,7.248635846488051,0.095,0.001,0.55,0.02,0.573,0.012,3799.0,42.0,12.217788996723163,2.4659757608065096
TOI-1288 b,41.953349670497076,2.860455659352073,0.6821466908348787,0.024684940715466133,1223.135155282187,13.988974886466218,0.0429,0.0006,0.89,0.03,1.01,0.015,5225.0,27.0,5.240198491713834,0.08967184584750945
TOI-1294 b,62.19901917057786,5.085254505514797,2.3906419387857727,0.32001787010516036,1567.6593551519607,156.5268673972818,0.0489,0.0092,1.02,0.13,1.581,0.0794,5714.0,126.408,9.190243301296624,0.31048876624700145
TOI-1295 b,451.3163373644382,25.426272527573985,4.195477785373157,0.9166168114332851,1839.4523453179927,107.82360037544152,0.047,0.002,1.32,0.2,1.74,0.18,6269.0,110.0,15.692573023314152,0.8967184584750945
TOI-1298 b,113.14691274770422,10.170509011029594,2.1514212834749666,0.11857986918175246,1389.3824630467695,33.16637618782723,0.059,0.0023,1.44,0.1,1.412,0.033,5889.0,43.0,9.42675279471943,0.23538859534971232
TOI-132 Ab,22.40690266492457,1.9133270076999422,0.6165730542958563,0.034537130849937425,1531.826571615017,76.7123657969141,0.026,0.0025,0.97,0.06,0.9,0.02,5397.0,46.0,3.4198600210093915,0.1350682178078111
TOI-1333 Ab,753.2533236293793,76.27881758272194,5.151448649971439,0.46778683223777373,1678.7888669717524,41.42830209341262,0.0626,0.0012,1.464,0.08,1.925,0.064,6274.0,97.0,15.647737100390398,0.6277029209325661
TOI-1347 b,12.204610813235512,1.589142032973374,0.5509203280442001,0.056680319112643165,1835.629292719367,49.883993091481834,0.0171,0.0003,0.913,0.033,0.83,0.03,5464.0,100.0,1.8046458976811277,0.10088082657844812
TOI-1406 b,14620.10670335504,842.2452774758883,2.5595284941977776,0.19858013858491488,1108.9880104797264,25.22501425979062,0.101,0.0024000000000000002,1.18,0.09,1.35,0.03,6290.0,100.0,9.639723428607265,0.3362694219281604
TOI-1408 b,593.0678067056632,4.131769285730772,2.9405368998495747,0.09727918458061258,1517.8505493756336,12.62195503563804,0.05778,0.0001,1.31,0.01,1.53,0.02,6117.0,31.0,24.996027029993257,4.035233063137925
TOI-1408 c,7.596098917612728,0.19069704395680487,2.9405368998495747,0.09727918458061258,1930.8778175856771,16.113889419424385,0.03587,8e-05,1.31,0.01,1.53,0.02,6117.0,31.0,2.220499082798953,0.060528495947068876
TOI-1416 b,3.480221052211689,0.47038604176011867,0.3210249933829943,0.031780214236904615,1521.488752727679,39.52477539440106,0.019,0.0003,0.798,0.0395,0.793,0.032,4884.0,70.0,1.6196977156206391,0.07958376318966463
TOI-1420 b,25.108444120979307,3.8139408791360974,0.6958756630200333,0.044176525793745265,958.531917506945,17.599868454572075,0.071,0.0012,0.987,0.05,0.923,0.024,5493.0,50.0,11.890486759379751,0.3295440334895972
TOI-1422 b,9.503069357180776,1.9069704395680487,1.0836514250150666,0.04611430955619786,869.2171300233028,15.300811338730199,0.107,0.003,0.981,0.065,1.019,0.0014,5840.0,62.0,3.8301087157617473,0.10088082657844812
TOI-1422 c,13.98444989016569,2.860455659352073,1.0836514250150666,0.04611430955619786,629.406021667755,10.627998617203875,0.205,0.005,0.981,0.065,1.019,0.0014,5840.0,62.0,2.610571612235619,0.1401122591367335
TOI-1430 b,4.150838990126453,0.794571016486687,0.35952712329442504,0.020444228248801023,811.9726477339323,11.895757300120202,0.0706,0.0005,0.843,0.0445,0.789,0.022,5037.0,14.0,1.9795059970837712,0.06949568053181981
TOI-1431 b,997.9811967072789,60.38739725298821,11.566385596481172,2.1294398983882603,2370.100445738487,120.17912632754734,0.047,0.002,1.9,0.1,1.92,0.07,7690.0,325.0,16.90314294225553,0.6949568053181981
TOI-1448 b,19.514664164913032,9.757332082456516,0.017558731311131393,0.0008943358069042244,433.3888450695654,11.330614448417222,0.0567,0.0015,0.37,0.01,0.38,0.007,3412.0,30.0,2.749562973299258,0.06501208823944435
TOI-1452 Ab,4.821456928041217,1.3030964670381668,0.006982211247714563,0.0006333226528328742,326.09501807016125,10.907819350841267,0.061,0.003,0.249,0.008,0.275,0.009,3185.0,50.0,1.672043655634123,0.07095284802684185
TOI-1470 b,7.31958820387536,1.2395307857192317,0.0373476146132941,0.0006516029628782253,734.1316510449753,10.91625714407495,0.0285,0.0004,0.471,0.011,0.469,0.003,3709.0,11.0,2.1801467521675733,0.040352330631379246
TOI-1470 c,7.240131102226692,2.8207271085277386,0.0373476146132941,0.0006516029628782253,389.97876710916586,16.441135902511324,0.106,0.001,0.471,0.011,0.469,0.003,3709.0,11.0,2.470459353098885,0.020176165315689623
TOI-1478 b,269.20066038568956,15.891420329733737,0.969323655766128,0.07985242667992146,920.0641373768369,20.528648798333876,0.0903,0.00155,0.946,0.05,1.05,0.03,5595.0,83.0,11.881519574795002,0.44835922923754723
TOI-150 b,797.7493005526336,38.13940879136097,2.8516392325266953,0.2275137861557694,1440.5871267148211,41.9247055213803,0.0643,0.0027,1.249,0.40499999999999997,1.551,0.025,6029.0,110.0,14.067270817328042,0.22417961461877361
TOI-1516 Ab,969.3766401137581,28.60455659352073,2.7881765601537043,0.17287785769946912,2010.0200085595625,33.63370983833492,0.0322,0.0004,1.1,0.04,1.35,0.02,6426.0,87.5,17.59809974757373,0.3362694219281604
TOI-1518 b,581.6259840682549,149.37935109949714,9.688365470627994,0.7136655529378249,2551.3786017424363,54.4377816007558,0.03712,0.0008,1.79,0.26,1.95,0.048,7300.0,100.0,21.050465812702843,0.47077719069942464
TOI-157 b,375.03751978171624,41.317692857307726,1.0420604747388407,0.05293348166314849,1578.5942123493337,20.843934092939538,0.0318,0.00023,0.948,0.020499999999999997,1.167,0.0018,5404.0,68.5,14.414749219987144,0.1401122591367335
TOI-1601 b,314.65012252872805,34.96112472541423,5.36628834289219,0.46754334607162523,1618.866739711501,97.40941628821284,0.06864,0.0077,1.517,0.051000000000000004,2.186,0.0685,5948.0,90.0,13.887927125633027,0.4763816810648939
TOI-1605 b,221.30391951187207,7.69144743959113,2.234305883842939,0.3318666332151117,1197.543354573045,80.68495457004866,0.08258,0.0092,0.989,0.126,1.593,0.0839,5597.0,146.529,10.340284724290933,0.6400327997365987
TOI-1634 Ab,4.910448881887725,0.6992224945082846,0.02885547911692176,0.002795079782077478,926.8543797256331,23.036330005177703,0.01545,0.00014,0.502,0.014,0.45,0.013,3550.0,69.0,1.7900742227309074,0.08104093068468667
TOI-163 b,387.7506560455032,38.13940879136097,4.336315633919542,0.2740017640568657,1669.464006470676,33.18845241967657,0.058,0.0014,1.4352,0.029,1.648,0.025,6495.0,90.0,16.690172308367696,0.38110534485191516
TOI-1670 b,13.793752846208886,9.105783848937431,2.251864656664311,0.11026525667830857,1121.9026439583502,57.32224536025281,0.103,0.002,1.21,0.02,1.316,0.019,6170.0,61.0,2.0602106583465294,0.17037650711026797
TOI-1670 c,184.34047582491135,18.2751333791938,2.251864656664311,0.11026525667830857,684.3700180763365,10.837330931796878,0.249,0.005,1.21,0.02,1.316,0.019,6170.0,61.0,10.87271130901052,0.25780655681158965
TOI-1685 b,3.0702224077045583,0.2860455659352073,0.03020099273098394,0.002571005874960096,1076.5634963896846,51.60887804238496,0.01164,0.001,0.495,0.019,0.492,0.015,3434.0,51.0,1.420177858609931,0.060528495947068876
TOI-1695 b,5.784477000023082,0.5085254505514797,0.04375907058805018,0.005844488504991035,696.6107003035074,23.444752646801152,0.033548,0.00027,0.54,0.03,0.53,0.02,3630.0,100.0,1.905526724259576,0.16028842445242314
TOI-1696 Ab,56.79593625846839,28.397968129234194,0.007109737585379432,0.0007928110912037118,527.7646494427598,16.182102546067398,0.0235,0.0006,0.255,0.0066,0.2775,0.008,3185.0,76.0,3.240516329314373,0.11993609382104388
TOI-169 b,251.40226961638777,19.70536120886984,1.7792250330862749,0.0832983505008202,1714.157035563336,26.952565692025455,0.03524,0.00074,1.147,0.07200000000000001,1.288,0.02,5880.0,51.5,12.172953073799407,0.7229792571455449
TOI-1710 Ab,18.40226474183167,4.703860417601187,0.8658451355961191,0.04301988066035772,666.5603430309023,12.077354678103466,0.164,0.004,0.984,0.055,0.968,0.015,5665.0,55.0,5.150526645866324,0.11993609382104388
TOI-1728 b,26.7802215396673,5.279129833537549,0.0877422583184198,0.00398297178271982,767.1871564496057,12.410573355798991,0.0391,0.0009,0.646,0.023,0.6243,0.01,3980.0,32.0,5.049645819287876,0.17037650711026794
TOI-172 Ab,1719.4516796771907,63.56568131893496,2.865135074738345,0.17996106813372884,1223.3536066250008,22.367522681374318,0.0913,0.0017,1.124,0.063,1.774,0.046,5644.0,50.0,10.816666405355827,0.3698963641209765
TOI-1736 Ab,12.299959335213913,1.4461192500057702,1.3492512677790742,0.1925286244458738,1111.405685102592,40.371614337405475,0.073,0.001,1.08,0.04,1.15,0.08,5807.0,46.0,3.1799878333673037,0.10850293347548642
TOI-1751 b,17.099168274793502,3.2100669066062153,1.7184285538212027,0.5462362821002622,699.7424745107206,55.90225737689513,0.2115,0.0024,1.15,0.17,1.17,0.18,6116.0,122.0,2.7899153039306377,0.29031260093131184
TOI-1759 Ab,6.8015279011260406,1.9069704395680487,0.0857031887537019,0.012066327581793938,439.59872051900186,15.662613906236356,0.1176,0.0013,0.61,0.02,0.6,0.03,4036.0,100.0,3.06005173954626,0.21969602232639812
TOI-1778 b,8.381135081901574,1.3189878873679004,2.057334991228265,0.07495463662716774,1252.0491009363718,16.34703617682306,0.072,0.0012,1.17,0.06,1.31,0.01,6046.0,50.0,2.7050633197974316,0.08277832269798216
TOI-179 Ab,24.091393219876352,7.389510453326189,0.3813959451423013,0.009613755159986763,1019.1081743224718,19.655141004854343,0.0476,0.001,0.807,0.0135,0.798,0.007,5083.0,23.0,2.7305077060566627,0.05044041328922406
TOI-1807 b,2.571231809350919,0.5085254505514797,0.21244195093648177,0.01307065202921858,1726.7532519445003,34.22452301007139,0.012,0.0003,0.75,0.025,0.68,0.015,4757.0,51.0,1.3697374453207067,0.10088082657844812
TOI-1811 b,309.56486802321325,24.154958901195283,0.25564185598064626,0.01373311393881241,945.6721562737281,14.171389963775374,0.04393,0.00058,0.819,0.03,0.773,0.01,4673.0,55.0,11.20898073093868,0.2914334990044057
TOI-181 b,41.317692857307726,4.767426098920122,0.3055958424552111,0.10806675254213792,881.1593283186542,81.47332492000807,0.05578,0.003,0.781,0.042,0.74,0.13,4994.0,50.0,6.930512785939386,0.09023229488405637
TOI-1820 Ab,731.0053351677519,141.51309803627896,2.2114366303664976,0.19192548161466486,1293.764957897296,469.5951706666838,0.069,0.05,1.04,0.13,1.51,0.06,5734.0,50.0,12.554058418651323,0.22417961461877361
TOI-1824 Ab,18.497613263810074,3.2100669066062153,0.4134175062134405,0.05424308317390192,578.781867623756,19.85900154295158,0.149,0.003,0.85,0.05,0.8,0.04,5180.0,110.0,2.6296268794782147,0.15020034179457833
TOI-1828 b,58.51220965407963,3.8139408791360974,2.492627688678081,0.3309261006034354,1209.8719535648647,76.30734137697333,0.08587,0.0092,1.04,0.1276,1.562,0.0779,5809.0,127.243,8.619706182091846,0.19055267242595758
TOI-1836 Ab,29.24021340671008,4.767426098920121,3.8314743839873606,0.3450376617057718,983.6979316759337,36.40678605883054,0.1577,0.0092,1.29,0.183,1.611,0.0676,6369.0,52.0,8.764077853906336,0.018046458976811276
TOI-1885 b,516.4075950350276,32.704543038592035,4.177756769657402,0.5032218361367173,1476.6169931165603,103.35755785163045,0.0728,0.0092,1.2,0.168,1.757,0.0798,6232.0,123.245,13.660384816794968,0.4102486947523557
TOI-1899 b,212.94503241843213,12.713136263786993,0.07195226351658109,0.0062083355177122825,369.6087379136404,11.208290624671609,0.1525,0.0065,0.627,0.028,0.607,0.020999999999999998,3841.0,49.5,11.096890923629294,0.3362694219281604
TOI-1937 Ab,638.8350972552962,54.03082912109472,1.1957419634684425,0.0924469562651235,2096.122414089938,45.70593798667645,0.01932,0.00039,1.072,0.0615,1.08,0.025,5814.0,90.0,13.977598971480536,0.6781433342217902
TOI-1994 b,7024.007785742313,826.3538571461545,16.684316611900087,5.247605880456252,2274.6829152783566,182.3046368586911,0.0613,0.0019,1.86,0.18,2.3,0.13,7700.0,565.0,13.67495649174519,0.857487025916809
TOI-199 Ab,54.03082912109472,6.356568131893496,0.460053602870644,0.033923732589457585,331.66081341010744,6.15303143893254,0.48,0.002,0.936,0.009,0.82,0.03,5255.0,12.0,10.87271130901052,0.16813471096408023
TOI-2000 b,10.297640373667463,2.193016005503256,1.0985059232754495,0.07080689887089651,1381.9955242824565,25.108950220021057,0.0426,0.000715,1.074,0.055,1.113,0.011,5607.0,86.0,2.639714962136059,0.11993609382104388
TOI-2000 c,75.70672645085153,3.8139408791360974,1.0985059232754495,0.07080689887089651,964.7842943160055,17.878499894074174,0.0875,0.0016,1.074,0.055,1.113,0.011,5607.0,86.0,7.9695852996974015,0.11993609382104388
TOI-2010 Ab,408.72733088075177,18.116219175896465,1.281246169041859,0.06746687229772166,401.4239193236746,6.139236097628453,0.5516,0.0085,1.112,0.29900000000000004,1.075,0.009,5929.0,74.0,11.81426569040937,0.30264247973534436
TOI-2015 b,9.1852409505861,0.3496112472541423,0.010354233728596453,0.0007288158905762359,519.6325909223393,9.144058476707956,0.0293,3e-06,0.342,0.025,0.333,0.001,3194.0,56.0,3.3100120098461923,0.010088082657844812
TOI-2019 b,34.611513478160084,4.195334967049707,2.824955389102374,0.37891940208087205,1042.4912869545728,53.04552609145909,0.1203,0.0092,0.987,0.0532,1.797,0.0898,5588.0,124.973,5.660535269124034,0.280224518273467
TOI-201 b,133.4879307697634,12.713136263786993,2.601069326495835,0.12954359418028652,652.6350313679612,33.83318586286916,0.3,0.03,1.316,0.027,1.317,0.011,6394.0,75.0,11.20898073093868,0.1681347109640802
TOI-201 c,4513.163373644382,635.6568131893496,2.601069326495835,0.12954359418028652,182.67690254387497,6.469875057665056,4.28,0.28,1.316,0.027,1.317,0.011,6394.0,75.0,11.096890923629294,0.19055267242595758
TOI-2025 b,1398.4449890165693,127.13136263786993,2.6100471387332895,0.13759705288360682,1219.436260619237,32.15785570604953,0.089,0.004,1.32,0.14,1.56,0.03,5880.0,53.0,12.554058418651323,0.11208980730938681
TOI-2031 Ab,254.26272527573985,73.1005335167752,2.4513888147968,0.24272543661788387,1357.0377143643673,35.61170830011887,0.066,0.00115,1.174,0.061,1.241,0.022,6490.0,150.0,14.201778586099307,0.2690155375425283
TOI-2045 b,211.0062791382046,20.499932225356524,3.750816674602306,0.4908845238890026,1271.4544922253526,43.7890323787445,0.093,0.002,1.157,0.1578,1.723,0.09,6125.85,120.726,12.68408259513021,0.7072866841222308
TOI-2093 c,15.796071807755338,3.702700936827961,0.18297448984576176,0.02023592571456691,359.4528322458283,15.765275975776431,0.257,0.0175,0.745,0.034,0.729,0.029,4426.0,85.0,2.2978410498424293,0.11993609382104388
TOI-2120 b,6.8015279011260406,3.4007639505630203,0.0051755235509932124,0.0003218790528411799,390.1156536634627,9.474659523092571,0.0377,0.0013,0.21,0.005,0.245,0.006,3131.0,30.0,2.121972142174002,0.06501208823944435
TOI-2136 b,4.703860417601187,2.8604556593520734,0.012938188263929997,0.0021713904098537096,404.62152371793786,17.390002842926137,0.054,0.001,0.34,0.03,0.34,0.02,3342.0,100.0,2.090474906320064,0.07958376318966463
TOI-2141 b,20.086755296783448,1.541467771984173,0.8164183210886952,0.03734284971345937,732.5237931062677,12.533572810258663,0.1322,0.003,0.896,0.05499999999999999,0.95,0.007,5635.0,61.0,3.147033430018344,0.042538081873912295
TOI-2145 b,1754.4128044026047,111.23994230813616,9.868216485750697,0.6341402342248251,1498.1915927863975,31.58221022510943,0.11,0.003,1.72,0.0625,2.738,0.065,6189.0,67.0,12.307460842570672,0.03362694219281604
TOI-2152 Ab,899.4543906629297,120.77479450597642,4.504784691929578,0.8733554320756098,1804.5094529224864,89.26895943274774,0.05064,0.001,1.516,0.1,1.612,0.056,6630.0,300.0,14.35870431633245,0.560449036546934
TOI-2154 b,292.4021340671008,60.38739725298821,2.719563861527508,0.33111621124892143,1582.432644570794,52.34386031301845,0.0513,0.0013,1.233,0.08349999999999999,1.396,0.0465,6280.0,160.0,16.286649002053903,0.5660535269124034
TOI-2158 b,260.61929340763334,25.426272527573985,1.8474777195457348,0.1020916431559583,1194.240987645712,36.24953862793586,0.074,0.004,1.12,0.12,1.41,0.03,5673.0,50.0,10.760621501701133,0.13450776877126416
TOI-2169 Ab,329.58805763867775,24.31387310449262,4.593067091529069,0.4474233727624816,1362.644375087356,34.96850814250069,0.0896,0.00145,1.42,0.0695,1.82,0.0465,6270.0,130.0,12.509222495727569,0.4091277966792618
TOI-216 b,17.734825087982856,0.6356568131893496,0.32432149694325396,0.03114051293107574,586.6529167953104,19.428270977652243,0.1293,0.005900000000000001,0.77,0.03,0.747,0.015,5045.0,110.0,7.690481679497029,1.2245811448550508
TOI-216 c,167.8133986819883,6.356568131893496,0.32432149694325396,0.03114051293107574,462.3614200585602,15.017774853571286,0.2068,0.009049999999999999,0.77,0.03,0.747,0.015,5045.0,110.0,10.099291638575751,0.20176165315689623
TOI-2180 b,875.617260168329,25.426272527573985,2.525988460887587,0.14316302718622098,393.10006040577497,6.262833717367213,0.828,0.012,1.111,0.047,1.636,0.031,5695.0,60.0,11.321070538248067,0.22978410498424295
TOI-2193 Ab,298.7587021989943,57.20911318704146,1.7703209823208361,0.11105809176132066,1764.0878683078076,30.926093828024275,0.03319,0.00052,1.082,0.05,1.248,0.025,5966.0,72.0,19.839895893761465,1.2329878804032548
TOI-2196 b,26.061929340763335,1.3030964670381668,0.9833901126335004,0.03867929306464666,1856.3108807707217,30.896523001943812,0.02234,0.0006,1.032,0.038,1.043,0.017,5634.0,31.0,3.509531866856901,0.15020034179457833
TOI-2202 b,310.83618164959194,19.38753280227516,0.39603602648048264,0.016907397667508674,714.8593003300559,9.648500153907381,0.09564,0.00158,0.823,0.025,0.794,0.007,5144.0,50.0,11.20898073093868,3.3626942192816043
TOI-2207 b,203.41018022059188,38.13940879136097,3.0406571041728054,0.21574369403731383,1263.8418837759245,25.453738752267732,0.0854,0.0016,1.296,0.07,1.564,0.04,6101.0,75.0,11.152935827283986,0.31385146046628304
TOI-220 b,13.603055802252081,1.2077479450597641,0.5203699886578012,0.04646279063653022,792.4140056409044,18.23812222190455,0.0892,0.001,0.825,0.028,0.858,0.032,5298.0,65.0,3.0196994089148803,0.17037650711026794
TOI-2257 b,5.689128478044679,3.289524008254884,0.012011219627217086,0.0021583040554272693,250.93043820034427,13.62589099361983,0.145,0.003,0.33,0.02,0.311,0.015,3430.0,130.0,2.1940458882739375,0.10984801116319906
TOI-2285 b,19.514664164913032,9.757332082456516,0.028689647109217783,0.002493911550241543,314.27803924833455,7.394923105637735,0.1363,0.001,0.454,0.01,0.464,0.013,3491.0,58.0,1.7396338094416832,0.07958376318966463
TOI-2295 b,278.09985577034047,12.713136263786993,2.0405744377145925,0.10790091459322602,757.6064270158743,12.609830773134004,0.199,0.004,1.17,0.07,1.451,0.0321,5733.0,41.5,16.47720167447986,7.285837475110142
TOI-2322 b,2.3106125159432858,2.10561319368972,0.18605442173839543,0.02259462351136175,601.9838617911629,31.56378721884608,0.0924,0.0079,0.703,0.0155,0.662,0.04,4664.0,14.0,0.9940124112196421,0.058006475282607675
TOI-2322 c,18.084436335236994,4.850061484634738,0.18605442173839543,0.02259462351136175,495.82940684870596,26.005506315515195,0.1362,0.01165,0.703,0.0155,0.662,0.04,4664.0,14.0,1.874029488405638,0.061537304212853354
TOI-2338 b,1900.6138714361555,66.7439653848817,0.9596581107255746,0.04513530071632727,748.7882974311049,11.325576562975241,0.158,0.003,0.99,0.03,1.05,0.01,5581.0,60.0,11.20898073093868,2.241796146187736
TOI-2346 b,394.10722417739674,69.92224945082846,3.012645606084808,0.3717967242551577,1687.7855973344774,54.492725004783445,0.0473,0.0009,1.271,0.07200000000000001,1.38,0.0265,6480.0,190.0,16.118514291089824,0.4707771906994246
TOI-2364 b,71.51139148380183,15.573591923139066,0.5582468437715974,0.03861849895996763,1091.2100059356585,20.657331145694982,0.04871,0.00075,0.954,0.0435,0.886,0.019000000000000003,5306.0,72.0,8.608497201360906,0.22417961461877361
TOI-2373 b,2955.804181330476,63.56568131893496,1.107073485427524,0.0745032299032065,855.3251007954802,14.889886038254467,0.112,0.001,1.04,0.02,1.1,0.02,5651.0,80.0,10.424352079772973,0.22417961461877361
TOI-2374 Bb,379.48711747404167,4.767426098920121,0.2271311262126378,0.022586959663351322,878.1564369162209,22.585273956053857,0.04818,0.0006,0.75,0.01,0.69,0.02,4802.0,97.0,7.487599128267039,0.22417961461877361
TOI-2379 b,1830.6916219853267,63.56568131893496,0.06512737486034298,0.004585530234224321,623.1430310235505,12.196629578461268,0.05263,0.0009,0.645,0.033,0.62,0.01,3707.0,58.0,11.724593844561861,0.25780655681158965
TOI-2382 b,235.19302088005935,79.4571016486687,2.3865077647567086,0.18584262218541797,1425.691441251941,30.271141497070218,0.059,0.001,1.26,0.0645,1.417,0.0395,6033.0,82.0,12.251415938915978,0.7117702764146062
TOI-2384 Ab,624.8506473651306,19.069704395680485,0.08096165526255439,0.0024118484576522545,889.7716792702663,7.354057985562581,0.0279,0.0002,0.635,0.016,0.611,0.008,3943.0,14.0,11.489205249212146,0.22417961461877361
TOI-238 c,6.706179379147638,1.1123994230813619,0.33609900431628364,0.04155294638503136,788.7182185106759,29.268184670930946,0.0749,0.0013,0.788,0.048,0.75,0.026,5080.0,130.0,2.1801467521675733,0.18046458976811275
TOI-2406 b,9.0898924286077,5.60967137639601,0.0033809547959357754,0.0004925858154331509,448.8517985846539,23.506382931455143,0.0228,0.0016,0.162,0.008,0.202,0.011,3100.0,75.0,2.9401156457252156,0.17037650711026794
TOI-2407 b,16.84490554951776,1.9069704395680487,0.044787290459795105,0.007389663756915713,706.1404904386338,31.040046955618966,0.033,0.001,0.548,0.016,0.567,0.034,3530.0,100.0,4.260533575829792,0.2600483529577774
TOI-2416 b,953.4852197840244,30.193698626494104,1.5596718085356014,0.0972008652978469,1094.7961803168357,17.776995411420973,0.0831,0.0007,1.118,0.028,1.236,0.018,5808.0,80.0,9.863903043226038,0.22417961461877361
TOI-2420 b,295.58041813304754,25.426272527573985,5.341355225901131,0.7352196590836004,1620.168246973922,93.62010601405709,0.0684,0.00635,1.158,0.01,2.369,0.124,5707.0,127.513,15.020034179457832,0.7846286511657077
TOI-2431 b,6.197653928596158,1.2077479450597641,0.10839179094669611,0.004938418891099509,2014.1400194139567,27.961380260554158,0.0063,0.0001,0.661,0.0225,0.651,0.012,4109.0,27.5,1.5359666295605277,0.030264247973534438
TOI-2449 b,222.47988461627233,12.713136263786993,1.3374069457221576,0.05782414759051344,447.21470235015965,6.9406983630006325,0.45,0.01,1.079,0.0465,1.065,0.007,6021.0,62.0,11.20898073093868,0.11208980730938681
TOI-2485 b,765.9664598931663,28.60455659352073,3.4777115213876812,0.3946967881513717,1152.6136719591402,44.65173205416726,0.109,0.00575,1.16,0.05,1.72,0.07,6016.4,118.962,12.105699189413777,0.44835922923754723
TOI-2497 b,1655.8859983582556,165.2707714292309,14.638234793035883,2.529339577081681,1603.1500797548158,70.49563145339977,0.1167,0.0018,1.86,0.08299999999999999,2.358,0.0835,7360.0,290.0,11.20898073093868,0.44835922923754723
TOI-2498 b,34.62104833035792,4.099986445071305,1.7318510928651099,0.11085630066449517,1443.8744923844097,49.85462617907251,0.0491,0.003,1.12,0.02,1.26,0.04,5905.0,12.0,6.059574983145451,0.29031260093131184
TOI-2524 b,203.41018022059188,12.713136263786993,1.3010622047267197,0.09059401522414566,1101.3463593624926,19.885800008418126,0.073,0.0007,1.01,0.03,1.12,0.024,5831.0,80.0,11.20898073093868,0.3362694219281604
TOI-2525 b,26.697586153952685,1.589142032973374,0.37286089763119445,0.04193323072518516,562.1566067625855,16.239353383817257,0.1511,0.002,0.849,0.042,0.785,0.031,5096.0,102.0,8.675751085746539,0.11208980730938681
TOI-2525 c,208.81326313270134,101.70509011029594,0.37286089763119445,0.04193323072518516,437.67602276300045,12.43134307835466,0.249,0.002,0.849,0.042,0.785,0.031,5096.0,102.0,10.132918580768568,0.11208980730938681
TOI-2537 b,413.17692857307725,28.60455659352073,0.2926369599482578,0.03800480491209986,342.2392257035078,11.794492468217657,0.3715,0.008,0.77,0.05,0.77,0.05,4843.0,0.08,11.20898073093868,0.6725388438563208
TOI-257 b,42.589006483686425,7.31005335167752,4.5330190546117555,0.28028922261792777,1049.4901337553765,17.60132792037591,0.1523,0.0017,1.389,0.0325,1.926,0.017,6075.0,90.0,7.016821937567614,0.14571674950220284
TOI-2580 Ab,200.2318961546451,25.426272527573985,3.3214823123629813,0.767570726136179,1718.1922460930427,112.86514517468252,0.048,0.003,1.37,0.34,1.64,0.18,6091.0,110.0,17.373920132954954,0.560449036546934
TOI-2583 Ab,79.4571016486687,18.43404758249114,2.430112669635263,0.15785035003220443,1455.792184873664,28.870597626519032,0.0571,0.0013,1.215,0.07250000000000001,1.477,0.034,5936.0,68.0,14.459585142910898,4.091277966792618
TOI-2587 Ab,69.2865926376391,15.89142032973374,2.942126667001186,0.23371373782627816,1448.0691932257862,152.67076892918848,0.0635,0.01315,1.15,0.10500000000000001,1.726,0.049,5760.0,80.0,12.072072247220959,0.47077719069942464
TOI-2589 b,1112.3994230813619,31.78284065946748,0.9951369473418668,0.0532954275708244,528.6772254184033,8.853138816334377,0.3,0.006,0.93,0.03,1.07,0.01,5579.0,70.0,12.105699189413777,0.3362694219281604
TOI-260 b,9.41089911926832,2.860455659352073,0.08684849847583369,0.00418436319611202,492.54460622614033,7.256521859944653,0.0943,0.0016,0.616,0.032,0.607,0.014,4026.0,14.0,1.6297857982784842,0.06949568053181981
TOI-269 b,8.803846862672492,1.398444989016569,0.021670205149169036,0.0021654355595399017,590.0403403560446,20.569667043694,0.0345,0.0015,0.3917,0.0095,0.398,0.012,3514.0,70.0,2.769739138614948,0.11993609382104388
TOI-270 b,1.4810803747311845,0.1811621917589646,0.017029616121759572,0.0032373684151113034,575.3955235132504,50.376707819287255,0.0306,0.0045000000000000005,0.4,0.02,0.38,0.02,3386.0,134.0,1.2469991063169283,0.08294645740894624
TOI-270 c,6.197653928596158,0.31147183846278126,0.017029616121759572,0.0032373684151113034,463.2784528706998,27.33230932156972,0.0472,0.0033,0.4,0.02,0.38,0.02,3386.0,134.0,2.3303470939621516,0.010088082657844812
TOI-270 d,4.195334967049707,0.1589142032973374,0.017029616121759572,0.0032373684151113034,371.7586767123362,20.62998236813805,0.0733,0.0042,0.4,0.02,0.38,0.02,3386.0,134.0,2.1297063388783495,0.11993609382104388
TOI-2714 b,227.8829675283818,33.054154285846174,1.4438082955921472,0.1711899899307616,1615.1656169182702,65.85034417439358,0.036,0.002,1.07,0.06,1.25,0.054,5665.0,115.0,13.719792414668945,0.6949568053181981
TOI-2796 b,139.84449890165692,31.78284065946748,1.1317256236405289,0.08080796057634845,1421.142303173348,29.531650874687063,0.04089,0.00087,1.063,0.06,1.069,0.024,5764.0,80.0,17.822279362192504,0.280224518273467
TOI-2803 Ab,309.88269642980794,24.31387310449262,2.163052835395531,0.15756131531655676,1893.315101518698,37.7839545592186,0.03185,0.00052,1.118,0.056,1.245,0.022,6280.0,100.0,18.11371286119691,0.38110534485191516
TOI-2818 b,225.6581686822191,82.63538571461545,1.4517151422563972,0.11701804967647697,1377.3925428251077,31.073881026478954,0.0493,0.001,0.977,0.056,1.229,0.032,5721.0,88.0,15.277840736269422,0.5156131136231793
TOI-2842 b,117.59651044002968,0.0,1.751543084276173,0.16224505395716146,1470.6835564496407,37.410634358140825,0.0475,0.001,1.135,0.08,1.265,0.04,5910.0,100.0,12.845491917655727,0.5716580172778727
TOI-2844 b,17162.73395611244,1620.9248736328414,6.481000337689592,0.979839360629799,1965.4846718773078,76.56900389483769,0.0537,0.00082,1.58,0.07,1.78,0.08,6910.0,210.0,8.686960066477477,0.526822094354118
TOI-286 b,4.529054793974116,0.794571016486687,0.3786392630251098,0.038995938427506774,974.5031658588916,26.895941625741706,0.0503,0.001,0.83,0.05,0.78,0.04,5132.0,12.0,1.420177858609931,0.10088082657844812
TOI-286 c,3.718592357157695,2.21844227803083,0.3786392630251098,0.038995938427506774,473.56265326835813,12.978516767830492,0.213,0.004,0.83,0.05,0.78,0.04,5132.0,12.0,1.8797460685784166,0.11993609382104388
TOI-2876 b,54.03082912109472,16.527077142923087,0.527825541886022,0.04813121200182953,928.633960058035,47.25073759040793,0.0654,0.0059499999999999996,0.939,0.043,0.873,0.0205,5271.0,103.0,9.639723428607265,0.3250604411972217
TOI-2886 b,444.95976923254466,73.1005335167752,2.094940880814086,0.21588582626788688,1978.2773653780775,53.52883686289535,0.02871,0.00047500000000000005,1.229,0.061,1.241,0.023,6240.0,150.0,18.640534955551026,0.4259412677756699
TOI-2969 b,368.6809516498227,12.713136263786993,0.22154714384662838,0.036763171862752915,1183.1971654089307,49.29335104424918,0.0261,0.0002,0.71,0.02,0.7,0.05,4738.0,100.0,12.32987880403255,0.8967184584750945
TOI-2977 Ab,533.9517230790536,82.63538571461545,1.0835367265165363,0.08645447837335961,1544.821366385119,33.58052922846334,0.03386,0.000585,0.936,0.049,1.073,0.024,5691.0,94.0,13.15934337812201,0.3250604411972217
TOI-2981 b,637.8816120355124,33.054154285846174,1.3028161719839224,0.10143927786564319,1358.8688523574704,38.744506814350494,0.048,0.002,1.03,0.06,1.08,0.032,5940.0,75.0,13.394731973471725,0.42033677741020053
TOI-2986 b,96.61983560478113,24.31387310449262,2.320484481904426,0.14706837243975562,1623.0455181524867,30.626019932523473,0.04489,0.00092,1.122,0.069,1.458,0.032,5906.0,67.5,9.292245025948166,0.24659757608065097
TOI-2989 b,953.4852197840244,63.56568131893496,0.24690413935147082,0.040882502908456284,1002.2528869325594,41.67268792895499,0.0384,0.0003,0.77,0.02,0.76,0.03,4672.0,170.0,12.554058418651323,0.560449036546934
TOI-2992 b,1058.3685939602672,123.95307857192317,2.7755676627613832,0.2562457622058034,1726.2509290991313,45.453495149151834,0.0434,0.0010999999999999998,1.21,0.085,1.545,0.0465,6000.0,105.0,13.753419356861762,0.5044041328922406
TOI-3023 b,197.05361208869837,31.78284065946748,2.747716212668192,0.21244195649196265,1596.276482454887,36.217231049970415,0.0505,0.0012000000000000001,1.12,0.08499999999999999,1.668,0.0395,5760.0,88.0,16.432365751556105,0.4203367774102005
TOI-3071 b,68.20597605521722,3.4961124725414225,2.2415211788940597,0.16382014193558245,2163.179079382545,39.85531403775534,0.0249,0.0001,1.29,0.02,1.31,0.04,6177.0,62.0,7.16029689092363,0.5374706260485098
TOI-3135 b,327.36325879251507,90.58109587948232,1.047667544308286,0.11080067100828951,1292.5453359517376,35.40186307162694,0.04756,0.00068,1.044,0.0445,0.985,0.019,5890.0,145.0,13.652538530283312,0.3362694219281604
TOI-3160 Ab,378.215803847663,49.26340302217459,2.3863962935335397,0.30063390519813626,1540.9934321776964,51.871525525836425,0.0505,0.0012,1.088,0.08,1.346,0.0415,6190.0,170.0,13.764628337592699,0.5100086232577099
TOI-3235 Ab,211.35589038545874,7.94571016486687,0.016157060743832427,0.0019074553671594692,603.5907792652712,18.547853379146737,0.02709,0.00046,0.3939,0.02,0.3697,0.016,3388.0,68.0,11.399533403364638,0.49319515216130194
TOI-3261 b,30.289047148472505,2.4154958901195283,0.42663025949659855,0.02692953746977508,1719.959974041267,28.376109562633452,0.01714,0.000165,0.86,0.025,0.849,0.0205,5068.0,51.5,3.820020633103902,0.3850284881077437
TOI-3288 Ab,670.6179379147637,25.426272527573985,0.11139340346470293,0.010981581091419173,1097.75765365154,37.19852360038511,0.0215,0.001,0.643,0.014,0.672,0.02,4072.0,80.0,11.20898073093868,0.3362694219281604
TOI-329 b,40.395990478183165,3.750375197817162,2.222494875944615,0.3061852817586718,1374.8889091773249,49.507282638095,0.0638,0.0012499999999999998,0.98,0.125,1.61,0.085,5560.0,123.0,4.7201017857982785,0.3598082814631316
TOI-3321 Ab,176.07693725344984,24.154958901195283,2.521251385129912,0.3199014285862151,1620.0352911899377,54.21135733618845,0.047,0.001,1.041,0.07600000000000001,1.549,0.0645,5850.0,140.0,15.580483216004765,0.7285837475110142
TOI-332 b,57.20911318704146,1.589142032973374,0.516293227673416,0.03311626052011362,1872.9939746128816,30.606630570675254,0.0159,0.0001,0.88,0.02,0.87,0.015,5251.0,71.0,3.1945595083175236,0.1350682178078111
TOI-3331 Ab,721.4704829699118,50.85254505514797,0.8048325026521856,0.07101494820325356,1488.3187166317202,35.10368645635181,0.03144,0.0005250000000000001,1.016,0.0495,0.952,0.029,5609.0,89.5,12.979999686426991,0.4819861714303632
TOI-333 b,20.086755296783448,2.4154958901195283,1.6469937480733159,0.11466238721644087,1425.8892111146038,28.76801170498615,0.049,0.001,1.2,0.1,1.1,0.03,6241.0,67.5,4.260533575829792,0.20960793966855334
TOI-3362 b,1271.3136263786992,12.713136263786993,5.469866585753226,0.4415745198658085,1185.7779218157798,27.471496757636885,0.155,0.003,1.445,0.07100000000000001,1.83,0.055,6532.0,88.0,13.450776877126417,0.22417961461877361
TOI-3364 b,530.7734390131069,4.131769285730772,1.915057023252958,0.15556150953756095,1261.54973429544,29.663016037449548,0.0675,0.0016,1.186,0.07100000000000001,1.419,0.033,5706.0,95.0,12.2289979774541,0.4259412677756699
TOI-3464 b,397.2855082433435,84.22452774758882,3.594982461871214,0.6445774177616364,1690.5632145958036,78.50737709206066,0.0515,0.0012499999999999998,1.363,0.097,1.56,0.0455,6370.0,270.0,13.764628337592699,0.6164939402016274
TOI-3474 b,193.8753280227516,46.085118956227845,1.858896003867103,0.2168184039712805,1452.0205077600624,44.74214705563279,0.0502,0.001,1.121,0.068,1.256,0.025,6020.0,165.0,14.672555776798733,0.36429187375550715
TOI-3486 b,99.16246285753853,17.957304972599125,0.3291015760065906,0.033831489875853396,1191.288244460321,31.75982725576972,0.03138,0.000445,0.837,0.034,0.788,0.017,4930.0,115.0,10.570068829275176,0.33066493156269106
TOI-3523 Ab,435.4249170347045,36.5502667583876,3.255860824737848,0.2722212716949143,1983.8704079149259,47.082061201612696,0.03559,0.0008,1.131,0.076,1.448,0.035,6450.0,110.0,15.97279754158762,0.4035233063137925
TOI-3540 Ab,375.03751978171624,44.495976923254474,1.5416689058354158,0.11788260624054063,1499.0999528314755,32.94496330392901,0.04289,0.00093,1.081,0.07,1.228,0.033,5810.0,79.0,23.53885953497123,3.923143255828538
TOI-3568 b,26.37975774735801,0.9534852197840243,0.2827636751861721,0.014473145568221496,922.7040196506786,12.4061766063063,0.0485,0.0004,0.78,0.02,0.719,0.013,4969.0,45.0,5.301847885733996,0.27013643561562223
TOI-3577 b,17099.1682747935,635.6568131893496,3.3864175722821033,0.5476389591588815,1514.272005665659,62.415235431275924,0.0623,0.001,1.11,0.062,1.753,0.068,5920.0,210.0,11.20898073093868,0.560449036546934
TOI-3593 b,565.7345637385212,34.96112472541423,0.7173764983737714,0.06728100218703367,1170.7843787203556,28.561953372191688,0.0481,0.0006399999999999999,1.015,0.039999999999999994,0.918,0.023,5550.0,110.0,11.029637039243662,0.30264247973534436
TOI-3629 b,82.63538571461545,6.356568131893496,0.07244963649564697,0.007651356038952627,697.3030217240351,24.53707935598295,0.043,0.002,0.63,0.02,0.6,0.015,3870.0,90.0,8.294645740894623,0.15692573023314152
TOI-3682 Ab,69.2865926376391,24.631701511087297,2.8569477290074285,0.2476224721392978,1653.3537710748594,40.130900286539095,0.048,0.00105,1.32,0.08499999999999999,1.735,0.045,5703.0,99.0,12.800655994731972,0.3979188159483231
TOI-3688 Ab,311.4718384627813,34.96112472541423,1.9062492303577225,0.35027688074483654,1533.110063249232,72.21589676898793,0.0456,0.00095,1.2,0.136,1.302,0.1,5950.0,150.0,13.080880513005441,538.0310750850567
TOI-3714 Ab,218.9837721437309,9.534852197840243,0.04187497335855983,0.004434140246206938,777.2674432385751,21.67040042632008,0.0263,0.00046,0.53,0.02,0.51,0.01,3660.0,90.0,11.141726846553048,0.22417961461877361
TOI-3757 b,85.30514433001072,8.803846862672492,0.08085606848996925,0.00531291559207789,759.5658061228039,13.280543203848215,0.03845,0.00043,0.64,0.02,0.62,0.01,3913.0,56.0,11.993609382104388,0.4539637196030165
TOI-375 b,236.78216291303272,16.685991346220426,5.776021782588337,0.7853849679135725,1374.0828001044429,48.74420827806247,0.099,0.002,1.44,0.0755,2.9,0.128,5260.0,136.0,10.771830482432073,0.48759066179583255
TOI-3785 b,14.950648246213502,4.009405349191822,0.0366792037424356,0.0038971983202027625,588.9012269404241,17.139587007450512,0.043,0.001,0.52,0.02,0.5,0.01,3576.0,88.0,5.140438563208479,0.16028842445242314
TOI-3807 b,330.5415428584618,47.674260989201215,2.1460866393021876,0.1652581849083445,1643.5450023597823,36.18996477150171,0.0421,0.0009,1.181,0.078,1.468,0.037,5772.0,84.0,22.41796146187736,0.19615716279142692
TOI-3819 b,352.78953132008905,63.56568131893496,2.500901073265551,0.17202177047428088,1631.6890627349976,31.628371825853666,0.04611,0.000825,1.242,0.0665,1.538,0.037,5859.0,72.0,13.136925416660134,0.40352330631379246
TOI-3856 b,171.6273395611244,31.78284065946748,0.9976038908805834,0.04788662945875351,1544.5738875794302,21.57916184118742,0.0325,0.000465,1.096,0.047,1.055,0.017,5622.0,50.0,13.59649362662862,0.27462002790799767
TOI-3862 b,53.71300071450004,2.892238500011541,0.5991961069845744,0.04514815402782616,1538.1827684845825,35.89961753982382,0.0254,0.0007,0.9,0.07,0.92,0.03,5300.0,50.0,5.5305110926451455,0.18046458976811275
TOI-3877 b,99.79811967072789,21.612331648437888,2.0209109542958137,0.16536872825985688,1444.3411803305237,33.78466733804759,0.0529,0.0012000000000000001,1.16,0.0775,1.445,0.042499999999999996,5731.0,81.5,11.679757921638105,0.48759066179583255
TOI-3884 b,16.495294302263623,2.6538671950655344,0.00948753600412595,0.0009875896799057724,468.4488833823271,16.704526649397945,0.0354,0.0014,0.2813,0.067,0.3043,0.009,3269.0,70.0,6.309535253445383,0.280224518273467
TOI-3912 b,129.03833307743798,22.247988461627237,1.8675415997441758,0.13009923196215528,1513.6933778397781,32.85956931814958,0.0463,0.0012,1.088,0.078,1.392,0.035,5725.0,69.0,14.280241451215879,0.44835922923754723
TOI-396 Ab,3.550143301662517,0.9598417879159179,2.276561393316393,0.10854389547720583,1566.015561746333,29.135626564291396,0.0489,0.0007,1.145,0.077,1.31,0.023,6201.0,50.0,1.9951985701070851,0.04696562926263308
TOI-396 Ac,0.8899195384650894,0.7723230280250597,2.276561393316393,0.10854389547720583,1311.7416578332038,18.868187170562468,0.0687,0.0009,1.145,0.077,1.31,0.023,6201.0,50.0,1.9795059970837712,0.054027287123124434
TOI-396 Ad,7.087573467061248,1.589142032973374,2.276561393316393,0.10854389547720583,1069.0475596446558,18.51459192558647,0.1046,0.0014,1.145,0.077,1.31,0.023,6201.0,50.0,2.0176165315689625,0.06400327997365986
TOI-3976 Ab,55.61997115406808,11.759651044002966,2.5763381998773993,0.18027811734732657,1294.9921824188111,25.730540763162256,0.0743,0.0014,1.254,0.0695,1.501,0.039,5975.0,70.0,12.273833900377856,0.40352330631379246
TOI-3980 b,187.51875989085812,57.20911318704147,2.7591945334648877,0.31898227987553457,1615.633840241144,52.004881911351504,0.0494,0.0014,1.24,0.10500000000000001,1.626,0.052500000000000005,5840.0,140.0,14.459585142910898,1.681347109640802
TOI-3984 Ab,43.860320110065125,8.32710425278048,0.028933744156723257,0.0031781766771837774,567.6190920515505,20.849717161881543,0.041,0.002,0.49,0.02,0.47,0.01,3476.0,88.0,7.9583763189664625,0.22417961461877361
TOI-4010 b,11.123994230813619,1.2903833307743797,0.4194582084234644,0.019295516810343687,1481.8837943528406,18.231404369566206,0.0229,0.0002,0.88,0.03,0.83,0.01,5104.0,50.0,3.0196994089148803,0.07958376318966463
TOI-4010 c,20.309235181399718,2.129450324184321,0.4194582084234644,0.019295516810343687,931.1462382018422,13.384155284852175,0.058,0.001,0.88,0.03,0.83,0.01,5104.0,50.0,5.929550806666563,0.11993609382104388
TOI-4010 d,38.148943643558816,3.2704543038592035,0.4194582084234644,0.019295516810343687,667.4372592524948,8.231778232701032,0.113,0.001,0.88,0.03,0.83,0.01,5104.0,50.0,6.179511076966495,0.15020034179457833
TOI-402 Ac,6.788814764862254,1.2077479450597643,0.43774564110394915,0.025315145775857355,645.6325849401964,10.543980858651993,0.1235,0.00185,0.851,0.038000000000000006,0.839,0.0017000000000000001,5131.0,74.0,2.526055897524341,0.08048048164813973
TOI-4087 b,232.01473681411258,44.495976923254474,1.496200932655562,0.08967263532944798,1457.6496016730061,23.370630913349324,0.04469,0.00051,1.178,0.0405,1.112,0.021,6060.0,70.5,13.047253570812623,0.280224518273467
TOI-4145 Ab,136.66621483571015,41.317692857307726,0.5149212888041239,0.03825851564717609,1074.7004142218225,21.816762876813225,0.04823,0.00079,0.905,0.044,0.859,0.018,5281.0,81.0,13.305060127624214,0.3586873833900378
TOI-4201 b,822.8577446736131,20.976674835248538,0.0814361993919754,0.00669830089123083,750.3800789806761,15.895861038398484,0.03939,0.0004,0.63,0.02,0.62,0.02,3920.0,50.0,12.699775168153526,0.2690155375425283
TOI-4214 b,165.2707714292309,17.0038197528151,3.037707000067242,0.442148152097839,1642.0333646017896,61.36655524780203,0.05018,0.000855,1.382,0.07,1.434,0.039,6370.0,215.0,10.682158636584562,0.34747840265909913
TOI-421 Ab,6.706179379147638,0.6038739725298821,0.5472737383185162,0.031762626883193486,1020.3105870864166,17.515873685839612,0.0554,0.001,0.852,0.025,0.871,0.012,5325.0,68.0,2.639714962136059,0.07958376318966463
TOI-421 Ac,14.11158125280356,1.398444989016569,0.5472737383185162,0.031762626883193486,703.8255996845317,11.641497558399347,0.117,0.0018,0.852,0.025,0.871,0.012,5325.0,68.0,5.089998149919255,0.06949568053181981
TOI-431 b,3.0702224077045583,0.3496112472541423,0.2652720895192478,0.02289521408122829,1881.0247207626087,211.99940015541867,0.0113,0.0025,0.78,0.07,0.731,0.022,4850.0,75.0,1.2800655994731973,0.040352330631379246
TOI-431 d,9.884463445094386,1.5096849313247054,0.2652720895192478,0.02289521408122829,638.7349598960701,15.24550377163466,0.098,0.002,0.78,0.07,0.731,0.022,4850.0,75.0,3.2898358445305025,0.08967184584750945
TOI-4377 b,304.16178511110377,28.60455659352073,6.804532624596772,0.658489047904652,1870.601037479335,48.62992149072913,0.0579,0.0011,1.36,0.08,3.52,0.15,4974.0,57.0,15.132123986767219,0.8967184584750945
TOI-4379 b,353.74301653987305,22.56581686822191,4.600973114525055,0.3579919209497166,1868.4507783139306,183.81514171095532,0.0477,0.0092,1.372,0.071,1.976,0.04,6020.0,100.0,16.690172308367696,0.8855094777441558
TOI-4438 b,5.403082912109472,1.1123994230813619,0.017025338311093152,0.0023050211769499495,436.6050268336986,21.19292470323657,0.0534,0.0037,0.368,0.021,0.372,0.018,3422.0,81.0,2.5197788683150155,0.1300241764788887
TOI-4463 Ab,252.3557548361718,12.713136263786993,1.0238947104485383,0.07919925307594711,1395.2527611817284,30.16357095404581,0.04035,0.00078,1.056,0.061,1.062,0.025500000000000002,5640.0,85.5,13.26022420470046,0.6108894498361581
TOI-4465 b,1872.0093148426345,82.63538571461545,0.8721113967822047,0.07153155685975265,420.5597935460573,11.158848918275375,0.416,0.014,0.93,0.06,1.014,0.041,5545.0,19.0,14.01122591367335,0.8406735548204011
TOI-4487 Ab,397.2855082433435,50.85254505514797,3.5533749741476486,1.2505701024235258,1638.9003414590982,144.77044418398376,0.05448,0.000855,1.378,0.0645,1.634,0.046,6206.0,539.0,14.6053018924131,0.7453972186074223
TOI-4495 b,7.69144743959113,1.4461192500057702,2.286312252549693,0.23044311279979715,1723.6257989138949,205.0248306678796,0.03957,0.0092,1.247,0.045,1.309,0.059,6210.0,70.0,2.4830134115175366,0.11651735469810759
TOI-4495 c,23.201473681411258,4.54494621430385,2.286312252549693,0.23044311279979715,1362.579515673765,35.28576691496644,0.06323,0.000755,1.247,0.045,1.309,0.059,6210.0,70.0,4.029628572772456,0.18999222338941063
TOI-4504 c,1197.2596076421398,57.685855796933474,0.606008310761707,0.0593777774706854,412.8203661673851,11.061028239433735,0.3546,0.0077,0.89,0.05,0.92,0.04,5315.0,60.0,10.760621501701133,0.560449036546934
TOI-4507 b,29.87587021989943,14.937935109949715,1.4637495559806026,0.13822835552536017,457.499101915989,10.918156689092998,0.449,0.003,1.15,0.07,1.039,0.036,6235.0,100.0,8.219545569997335,0.07958376318966463
TOI-4515 b,635.6568131893496,15.89142032973374,0.5781567129613834,0.05014838287869722,728.5978709971533,16.115342115809685,0.118,0.001,0.95,0.02,0.86,0.03,5433.0,70.0,12.217788996723163,0.44835922923754723
TOI-4551 b,473.56432582606544,41.317692857307726,6.4969899149757815,0.8803400129625231,1412.6718526260668,52.3986729625978,0.0994,0.003,1.31,0.125,3.55,0.18,4896.0,110.0,11.881519574795002,0.7285837475110142
TOI-4603 b,4096.808161005358,184.34047582491135,9.753220043049778,0.9749314923052799,1675.5268884238928,43.02891294112154,0.0888,0.001,1.752,0.088,2.722,0.136,6189.0,4.0,11.679757921638105,0.4259412677756699
TOI-4641 b,1229.9959335213914,614.9979667606957,4.738055791909879,0.9587046970500032,988.9763765985558,65.88986808780463,0.173,0.015,1.42,0.065,1.72,0.04,6500.0,320.0,8.182555933585236,0.31385146046628304
TOI-4666 b,222.47988461627233,19.069704395680485,0.06355254589557807,0.006636478558599751,766.6055459753221,20.145179162567782,0.0333,0.0002,0.576,0.012,0.585,0.018,3793.0,80.0,12.441968611341936,0.44835922923754723
TOI-469 b,5.91160836266095,1.9069704395680487,0.6988955781097483,0.10038958505370019,778.7929647770121,64.59542709404323,0.107,0.016,0.91,0.12000000000000001,1.0,0.055,5283.0,122.0,3.4803885169564603,0.24099308571518163
TOI-4734 b,61.65871087936691,10.329423214326932,4.20018502063252,0.46050739579417654,1466.2636930482468,43.02399365039791,0.074,0.00155,1.391,0.08549999999999999,1.857,0.037,6070.0,155.0,10.917547231934275,0.2690155375425283
TOI-4773 b,1687.668839017723,111.23994230813616,4.448287334221908,0.6500219868821262,2255.0326104048454,85.01843642304898,0.0322,0.0006,1.452,0.0785,1.55,0.046,6740.0,225.0,15.244213794076607,0.560449036546934
TOI-4776 Ab,10170.509011029593,603.873972529882,1.743397517307624,0.12872041815415206,1032.2456143101065,21.867211100685555,0.0962,0.002,1.06,0.07,1.22,0.043,6011.0,33.0,11.433160345557454,0.5044041328922406
TOI-4791 b,734.1836192336988,104.88337417624268,2.398992621214017,0.2024906162863934,1471.8771792216849,34.897845026001974,0.0555,0.0012,1.242,0.0745,1.409,0.039,6058.0,96.5,12.441968611341936,0.560449036546934
TOI-4794 b,308.2935543968345,74.68967554974857,3.149402061854684,0.337487879883418,1673.3443082028907,47.65078853470437,0.0492,0.00095,1.25,0.07150000000000001,1.451,0.033,6390.0,155.0,14.35870431633245,0.46517270033395525
TOI-481 b,486.27746208985246,9.534852197840243,2.6744822197073566,0.14896840256669722,1147.4157508331243,17.040202857014553,0.097,0.001,1.14,0.015,1.66,0.02,5735.0,72.0,11.096890923629294,0.11208980730938681
TOI-4860 b,212.94503241843213,44.495976923254474,0.014349842376941946,0.0022251567259767686,709.1805334846532,29.80291972948992,0.0185,0.0006,0.335,0.008,0.348,0.011,3390.0,120.0,8.473989432589642,0.2690155375425283
TOI-4914 b,226.92948230859778,13.030964670381668,1.018823013220036,0.0639602731352574,914.9841974847475,20.185136689346134,0.098,0.003,1.03,0.06,1.0,0.023,5805.0,62.0,12.870151675263795,0.3598082814631316
TOI-4940 b,88.99195384650895,44.495976923254474,1.1136865644088472,0.10987034759363008,704.6275318201749,30.960424324464615,0.165,0.012,1.012,0.0435,1.163,0.0535,5504.0,49.0,6.602089650522882,0.40352330631379246
TOI-4961 b,572.0911318704146,69.92224945082845,0.6251851148765538,0.10250976600030018,923.3648429047832,38.659263591529744,0.0726,0.0012000000000000001,0.912,0.031,0.912,0.0455,5380.0,175.0,12.341087784763488,0.44835922923754723
TOI-4994 b,88.99195384650895,11.282908434110954,1.0104415239137543,0.10794777790656342,727.3749272635389,21.071088361443444,0.1515,0.00315,1.0,0.0625,1.055,0.0385,5640.0,110.0,8.541243316975274,0.3194559508317524
TOI-5005 b,32.704543038592035,5.91160836266095,0.8476664250366882,0.06546086159447806,1039.5251127944962,20.378457843568118,0.06614,0.00045,0.97,0.02,0.93,0.03,5749.0,61.0,6.250127655571408,0.23987218764208776
TOI-5081 b,16622.42566490149,603.873972529882,3.079957875807298,0.4576621038355575,1456.5512964557,55.516115334349784,0.0645,0.0011,1.23,0.18,1.484,0.08449999999999999,6283.43,149.94155,9.796649158840406,0.19055267242595758
TOI-5108 b,32.10066906606215,5.085254505514797,1.69893084526247,0.11528753140610075,1177.3167709260051,37.93831879259507,0.073,0.004,1.1,0.03,1.29,0.04,5808.0,40.0,6.602089650522882,0.10088082657844812
TOI-5110 b,921.7023791245568,41.317692857307726,7.167105932529479,0.43917858366266854,1086.1248923917963,23.704741448253458,0.2157,0.0043,1.46,0.08,2.36,0.059,6154.0,54.5,11.982400401373448,0.59407597873975
TOI-5153 b,1036.1206054986396,54.03082912109472,2.7701808272277546,0.21179298051695294,905.213110496509,24.39374333911939,0.158,0.006,1.24,0.07,1.4,0.04,6300.0,80.0,11.881519574795002,0.44835922923754723
TOI-5181 Ab,330.5415428584618,54.03082912109472,2.832456235486488,0.28656160126904956,1582.0360875770264,42.274295351678404,0.0522,0.0009,1.25,0.066,1.53,0.041,6060.0,130.0,13.349896050547969,0.43715024850660855
TOI-5205 b,343.2546791222488,25.426272527573985,0.019480988810876693,0.0016371912076721257,745.4491054927715,20.59907500185085,0.0195,0.0007,0.392,0.015,0.394,0.011,3439.0,54.0,10.53644188708236,0.44835922923754723
TOI-5210 b,81.9997289014261,13.030964670381668,1.406816441619928,0.1254103348311694,1285.7087412189453,31.340103508861826,0.0557,0.0010999999999999998,1.105,0.0655,1.209,0.028999999999999998,5723.0,107.5,10.726994559508316,0.3138514604662831
TOI-5218 b,253.94489686914517,119.50348087959773,0.14398519365682566,0.014954367739466316,792.5083973968628,21.19279892836838,0.0469,0.0006,0.739,0.03,0.708,0.022,4230.0,88.0,9.8526940624951,0.38110534485191516
TOI-521 b,5.307734390131069,0.9534852197840243,0.02508585424010961,0.004376194125816884,794.0553081175299,35.16502366199424,0.0195,0.0003,0.42,0.03,0.421,0.028,3544.0,100.0,1.9795059970837712,0.1401122591367335
TOI-5261 b,3651.8483917728136,141.43364093463026,1.0511279613991507,0.11571399046481799,1249.0448430006568,36.11664857349028,0.05134,0.00091,1.037,0.055,1.021,0.0325,5790.0,130.0,11.601295056521533,0.4651727003339553
TOI-5293 Ab,171.6273395611244,22.247988461627237,0.04011785257953459,0.004567746818446422,676.79064732934,44.24247129934227,0.034,0.004,0.54,0.02,0.52,0.015,3586.0,88.0,11.881519574795002,0.44835922923754723
TOI-5300 b,190.69704395680486,31.78284065946748,0.1712065062282634,0.04409770095435325,1043.4698222744512,67.40085256498602,0.0295,0.0003,0.67,0.02,0.65,0.06,4610.0,207.0,9.863903043226038,0.8967184584750945
TOI-530 b,127.13136263786993,31.78284065946748,0.04689505046588005,0.008061961493027472,568.5791310056395,36.66591748752745,0.052,0.005,0.53,0.02,0.54,0.03,3659.0,120.0,9.303454006679104,0.6725388438563208
TOI-5322 b,184.0226474183167,25.74410093416866,2.0130017890178458,0.14065413813847977,1350.3719439369434,25.868860249775764,0.0604,0.00095,0.998,0.0485,1.462,0.026500000000000003,5692.0,85.0,16.611709443251126,0.3250604411972217
TOI-532 b,61.49979667606957,9.503069357180776,0.0823866597424648,0.006728472368541402,867.6192987988361,18.442212048369587,0.0296,0.00035,0.639,0.023,0.612,0.013,3957.0,69.0,5.819702795503363,0.19055267242595758
TOI-5340 b,270.15414560547356,79.4571016486687,2.105060957682242,0.3954890701479731,1339.2053715045363,65.61017953345316,0.0628,0.0017499999999999998,1.842,0.0545,1.35,0.11,5990.0,140.0,15.076079083112525,0.560449036546934
TOI-5344 b,133.4879307697634,19.069704395680485,0.06114758008261605,0.0047631111331706485,693.0609721734459,14.186235849532302,0.04,0.0005,0.612,0.034,0.588,0.011,3747.0,64.0,9.751813235916652,0.44835922923754723
TOI-5350 b,2094.489199458907,82.63538571461545,2.1421905041122207,0.20631871590647818,1194.7656366800882,30.891755782542155,0.0796,0.0015,1.167,0.0645,1.263,0.0335,6220.0,125.0,12.441968611341936,0.44835922923754723
TOI-5386 Ab,155.10026241820128,14.937935109949715,1.917954730843318,0.1072297446745551,1487.9251493000268,23.83448127721323,0.04856,0.00076,1.165,0.055,1.245,0.022,6094.0,66.0,14.706182718991549,0.3194559508317524
TOI-5422 b,8803.846862672492,397.2855082433435,2.1392966234156936,0.14247705452955892,1359.1647492650973,27.398744524727785,0.0616,0.0014,1.05,0.07,1.48,0.045,5744.0,39.0,9.135319295715025,0.3194559508317524
TOI-5542 b,419.53349670497073,31.78284065946748,1.0601336213514327,0.09352602084049823,490.68133395954777,16.028669406148982,0.332,0.016,0.89,0.0435,1.058,0.036,5700.0,80.0,11.309861557517127,0.40352330631379246
TOI-5573 b,111.23994230813616,19.069704395680485,0.06531599991536716,0.004732227167773781,528.2115438039382,10.032102169065004,0.0712,0.0008,0.619,0.023,0.594,0.011,3790.0,59.0,9.751813235916652,0.44835922923754723
TOI-558 b,1147.360547806776,47.674260989201215,3.509908848812765,0.2788879270979082,1073.7920843414474,22.961706079678553,0.1291,0.002,1.349,0.065,1.496,0.04,6466.0,95.0,12.172953073799407,0.44835922923754723
TOI-5592 b,285.72773752861264,22.0890742583299,2.6395533333862384,0.22218971327262108,1790.2804838366862,41.644309652519276,0.03935,0.00078,1.194,0.07100000000000001,1.393,0.038,6240.0,100.0,17.14974051833618,2.6901553754252836
TOI-559 b,1910.1487236339954,76.27881758272194,1.681006612809043,0.11905814627286214,1183.230746579721,23.502951982185582,0.0723,0.0013,1.026,0.057,1.233,0.028,5925.0,80.5,12.2289979774541,0.31385146046628304
TOI-5610 b,12840.26762642486,317.8284065946748,0.04156911584129707,0.004192515924640947,502.94441985929126,12.98424803856023,0.0647,0.0007,0.53,0.02,0.52,0.02,3618.0,59.0,9.94236590834261,0.3474784026590991
TOI-5616 b,254.8983820889292,119.98022348948973,0.09546777572214304,0.009796312367838048,939.0540376423628,24.640313226357833,0.0272,0.0003,0.666,0.025,0.646,0.017,3996.0,88.0,10.771830482432073,0.5044041328922406
TOI-561 b,2.0213886659421316,0.22883645274816586,0.49973659222247335,0.03313513281258875,2271.0427482092296,41.33709555537347,0.01064,0.00016,0.805,0.03,0.832,0.019,5326.0,64.0,1.396975268496888,0.027013643561562217
TOI-561 c,5.930678067056632,0.6706179379147638,0.49973659222247335,0.03313513281258875,791.0351154203626,13.900698860699892,0.0889,0.001,0.805,0.03,0.832,0.019,5326.0,64.0,2.865015474827927,0.04102486947523557
TOI-561 d,13.32972337258066,0.9789114923115984,0.49973659222247335,0.03313513281258875,588.936588788589,10.755442500272876,0.1587,0.0024,0.805,0.03,0.832,0.019,5326.0,64.0,2.6150552045279944,0.060528495947068876
TOI-561 e,12.395307857192316,1.398444989016569,0.49973659222247335,0.03313513281258875,408.07242104102517,7.4434852652275945,0.33,0.005,0.805,0.03,0.832,0.019,5326.0,64.0,2.5169766231322805,0.04494801273106411
TOI-561 f,19.101487236339956,2.701541456054736,0.49973659222247335,0.03313513281258875,230.56023484693284,5.471617074436273,1.034,0.035,0.805,0.03,0.832,0.019,5326.0,64.0,2.320259011304307,0.16028842445242314
TOI-5634 Ab,183.06916219853267,119.50348087959773,0.060277212796880066,0.00657478335223,837.0755828549579,23.2882670693797,0.0272,0.0003,0.556,0.022,0.54,0.0165,3896.0,88.0,10.345889214656403,0.59407597873975
TOI-564 Ab,464.9829588480092,31.147183846278132,1.0001446342222085,0.11930444301288552,1686.201368155767,53.30778727602082,0.02734,0.00057,1.1,0.1,1.04,0.05,5666.0,100.0,11.433160345557454,5.60449036546934
TOI-5678 b,20.023189615464513,4.131769285730772,0.714499705906852,0.03451536741537181,514.6195284973063,8.183872411526512,0.249,0.005,0.905,0.041,0.938,0.007,5485.0,63.0,4.909533560151142,0.07958376318966463
TOI-5688 Ab,123.95307857192317,23.900696175919542,0.0554037751691294,0.005245694465087021,736.8827345052688,26.05840339066605,0.03379,0.00046,0.6,0.02,0.57,0.02,3713.0,59.0,10.301053291732648,0.6501208823944434
TOI-5713 b,4.29068348902811,1.398444989016569,0.008647635919608761,0.0006042809642659334,349.4460611934534,8.903171283736071,0.06,0.00046,0.2653,0.0061,0.2985,0.0072499999999999995,3225.0,40.5,1.7698980574152179,0.15524438312350072
TOI-5786 b,73.1005335167752,8.899195384650895,2.507918955482778,0.1680332007657473,1038.4528537770834,36.31867687807191,0.114,0.007,1.23,0.035,1.36,0.04,6235.0,50.0,8.639882347407536,0.1300241764788887
TOI-5789 Ac,5.085254505514797,0.5085254505514797,0.44996102319972464,0.037263739449210825,718.3878459945684,15.576760917418433,0.1009,0.0013,0.821,0.0295,0.833,0.023,5185.0,80.0,2.8605318825355512,0.16533246578134553
TOI-5795 b,23.659146586907593,4.349481744248124,1.1204934197717578,0.06899511706779722,1142.291029865378,26.80267679601573,0.064,0.002,0.901,0.046,1.082,0.026,5715.0,55.0,5.620182938492654,0.10984801116319906
TOI-5800 b,10.806165824218944,1.350770728027368,0.31250599057585987,0.015115768073857123,1144.9138132844046,20.285872157151783,0.0345,0.0007,0.79,0.035,0.8,0.01,4830.0,50.0,2.6800672927674385,0.21577287907056958
TOI-5817 b,10.297640373667463,1.350770728027368,2.025074704305804,0.2412829126837445,955.265217731933,37.19528878216229,0.1223,0.006,0.97,0.0635,1.427,0.041499999999999995,5770.0,150.0,3.080227904861949,0.1401122591367335
TOI-6002 b,3.8139408791360974,1.2713136263786993,0.004365606260381332,0.00042768073077927135,300.2503025735272,8.045183573767224,0.05722,0.00044,0.24,0.00655,0.21,0.00485,3241.0,70.0,1.6499619635941738,0.2107288377416472
TOI-6016 b,371.8592357157695,28.60455659352073,3.369383362156361,0.7550344205120836,1609.5967902554976,94.80251936355238,0.055,0.002,1.04,0.13,1.7,0.18,6004.0,110.0,13.67495649174519,0.3362694219281604
TOI-6029 b,519.6494447822932,10.170509011029594,7.354921936051362,0.58960752073302,1698.8228135610245,112.19508079051947,0.0731,0.0092,1.548,0.056,2.338,0.056,6223.0,100.0,14.392331258525266,1.0984801116319907
TOI-6034 Bb,253.62706846255048,23.837130494600608,0.03745633055008956,0.0042532845876908105,713.9070730510609,20.881350442367122,0.02949,0.000415,0.514,0.0235,0.489,0.014499999999999999,3635.0,88.0,11.915146516987816,0.47077719069942464
TOI-603 b,47.51534678590388,13.698404324230482,2.886428997165052,0.38806002525404754,1020.9857625930038,51.453665120732346,0.1281,0.0092,1.072,0.136,1.629,0.0829,5900.75,129.579,7.930353867139117,0.20176165315689623
TOI-6054 b,12.395307857192316,1.6844905549517764,3.313689131059202,0.3035919467915389,1365.3196720898616,54.68524690536487,0.0763,0.005,1.107,0.04,1.662,0.071,6047.0,50.0,2.649803044793904,0.15020034179457833
TOI-6054 c,9.1852409505861,1.9069704395680487,3.313689131059202,0.3035919467915389,1206.0018407961072,51.135402354626386,0.1,0.007,1.107,0.04,1.662,0.071,6047.0,50.0,2.80224518273467,0.18046458976811275
TOI-6130 b,333.71982692440855,19.069704395680485,1.6557504558392095,0.4857747033315319,1666.014232149375,130.66646187809715,0.036,0.002,1.09,0.138,1.27,0.18,5816.0,110.0,14.347495335601511,0.3362694219281604
TOI-6158 b,135.07707280273678,18.75187598908581,0.029371026291066558,0.002563389480603192,637.6381098532086,14.456296398669666,0.03275,0.0004,0.503,0.0225,0.476,0.013,3467.0,59.0,10.424352079772973,1.9055267242595755
TOI-620 b,15.414677719841727,4.544946214303849,0.05130670575517196,0.004473504767486445,606.4593717227064,15.08926865075931,0.04825,0.00066,0.577,0.025,0.55,0.017,3708.0,57.0,3.7594921371568333,0.15020034179457833
TOI-6255 b,1.439762681873877,0.1398444989016569,0.016823083280164165,0.0017019129667228971,1365.4957542799348,1163.7126462983217,0.0054,0.0092,0.353,0.015,0.37,0.011,3421.0,70.0,1.0789764851601573,0.06501208823944435
TOI-628 b,2011.8538137442915,95.34852197840243,2.476592127212694,0.3614622493376641,1586.4375541071836,59.60450143391545,0.0486,0.00087,1.311,0.07050000000000001,1.345,0.043,6250.0,205.0,11.881519574795002,0.526822094354118
TOI-6303 b,2491.7747077022505,98.52680604434919,0.08351642274331816,0.007442657847889664,543.3363103391357,12.62187331311585,0.076,0.001,0.64,0.02,0.61,0.02,3977.0,60.0,11.545250152866842,0.6725388438563208
TOI-6324 b,1.1696085362684032,0.2193016005503256,0.00943705082764888,0.001022613787075269,1321.2288110632103,36.02996530716846,0.00432,2.7e-05,0.269,0.012,0.293,0.01,3327.0,70.0,1.0590244994590865,0.04102486947523557
TOI-6330 b,3178.284065946748,95.34852197840243,0.033791250245632606,0.002674626187568249,505.4399516605081,10.540194543409644,0.0576,0.00075,0.53,0.02,0.49,0.01,3539.0,60.0,10.87271130901052,0.3362694219281604
TOI-6383 Ab,330.5415428584618,29.87587021989943,0.026361785456418672,0.0034733893978337407,741.7936664732331,25.16695299731121,0.02292,0.00037,0.458,0.011,0.457,0.019,3444.0,88.0,11.28968539220144,0.3900725294366661
TOI-640 Ab,279.68899780331384,50.85254505514797,6.773004627008061,0.7086892343321806,1749.0694255454932,47.6388354862552,0.06608,0.001,1.536,0.07250000000000001,2.082,0.061,6460.0,140.0,19.851104874492403,0.6725388438563208
TOI-6420 b,2606.192934076333,127.13136263786993,2.0283527494019884,0.24822484172214357,1215.1072917958215,39.64494048028563,0.075,0.0017,1.165,0.07350000000000001,1.312,0.0495,6020.0,145.0,11.20898073093868,0.6725388438563208
TOI-6651 b,61.02305406617756,7.9139273242074015,3.3401960216106428,0.38220726284553047,1498.6267579325208,43.86055047112032,0.0633,0.00075,1.047,0.132,1.802,0.0787,5818.93,107.531,5.089998149919255,0.27013643561562223
TOI-6695 b,66.7439653848817,0.3178284065946748,3.4640241210207634,0.23964918096867902,599.625321207064,10.477667256717867,0.402,0.002,1.338,0.0225,1.517,0.0225,6400.0,100.0,9.527633621297879,0.22417961461877361
TOI-674 b,23.487519247346466,3.3054154285846176,0.023999717564975157,0.0011454675070459762,722.4403240800339,13.962689472927101,0.0231,0.0007,0.442,0.007,0.421,0.007,3505.0,30.0,5.260374657029523,0.17037650711026794
TOI-677 b,392.2002537378287,26.697586153952685,2.308302527138159,0.15640665905801773,1098.1003080689939,20.883746647825767,0.1038,0.0017,1.18,0.058,1.28,0.03,6295.0,77.0,13.114507455198256,0.3362694219281604
TOI-6883 Ab,1379.3752846208886,47.674260989201215,1.1615359114863146,0.06895719473483586,851.5333150934459,14.263924718486832,0.129,0.002,1.082,0.056,1.086,0.02,5756.0,67.0,12.184162054530345,0.22417961461877361
TOI-6883 Ac,113.46474115429889,41.953349670497076,1.1615359114863146,0.06895719473483586,1050.4911760866844,74.77888114441598,0.079,0.011,1.082,0.056,1.086,0.02,5756.0,67.0,8.877512738903436,0.20176165315689623
TOI-6894 b,53.39517230790537,6.992224945082845,0.00356780582035271,0.00036495543413336487,422.02631125926706,11.39220165678333,0.02604,0.00045,0.207,0.011,0.2276,0.0057,2960.0,66.0,9.583678524952571,0.24659757608065097
TOI-700 b,1.2903833307743797,0.6610830857169235,0.023211617567198552,0.004971290242856495,418.26264354816243,22.65882707902323,0.0677,0.0011,0.416,0.01,0.42,0.031,3480.0,135.0,0.91398028880074,0.051000862325770994
TOI-7019 b,19482.881324253565,667.4396538488171,0.8593646379614257,0.06214122896953946,544.7047039757732,13.801031658723511,0.2535,0.009,0.78,0.01,0.92,0.01,5800.0,100.0,9.191364199369717,0.1681347109640802
TOI-7041 b,114.41822637408292,50.85254505514797,7.359511616670066,0.6623449808030792,1521.5608189762086,84.1911452163452,0.091,0.0092,1.07,0.05,4.1,0.06,4700.0,100.0,11.433160345557454,0.3362694219281604
TOI-712 b,5.593779956066276,1.6050334533031076,0.1860070510889523,0.013581824408898898,678.4635921630395,32.46126585321983,0.07928,0.0009350000000000001,0.732,0.027,0.674,0.017,4622.0,61.0,2.049001677615591,0.09975992850535426
TOI-712 c,8.708498340694089,2.510844412097931,0.1860070510889523,0.013581824408898898,370.2609579916568,7.153139338207539,0.2447,0.003,0.732,0.027,0.674,0.017,4622.0,61.0,2.7013643561562217,0.08462780451858704
TOI-712 d,7.500750395634324,2.193016005503256,0.1860070510889523,0.013581824408898898,313.77959426089956,6.026032003142485,0.3405,0.004,0.732,0.027,0.674,0.017,4622.0,61.0,2.4740462269327854,0.0858607923989903
TOI-7149 b,224.0690266492457,23.837130494600608,0.014138767474692775,0.001563579420555969,596.2911162810504,18.655949875401138,0.026,0.00076,0.344,0.03,0.351,0.015,3363.0,59.0,13.226597262507642,0.5044041328922406
TOI-7166 b,6.3883509725529635,1.7003819752815101,0.004922434655726418,0.0005678161298680102,329.05752945539814,12.963239850511684,0.0503,0.0027,0.221,0.051,0.245,0.01,3092.0,63.0,2.3897546918361265,0.11993609382104388
TOI-733 b,5.720911318704146,0.06992224945082845,0.7878250221690796,0.03769911337009794,1056.1826596101578,79.62627192482549,0.0618,0.0092,0.956,0.038,0.95,0.01,5585.0,60.0,1.9895940797416156,0.08731795989401232
TOI-7497 b,11839.108145651637,508.5254505514797,1.0719044202994927,0.10530766419477659,1158.0837347852623,31.0479705141392,0.06048,0.0013,0.99,0.05,1.01,0.04,5850.0,85.0,10.794248443893949,0.41473228704473114
TOI-7510 b,18.084436335236994,1.6844905549517764,1.0709819023134688,0.07232879516973424,887.8364019878254,17.3339680984094,0.102,0.002,1.02,0.03,1.02,0.02,5820.0,80.0,7.297046455841081,0.20176165315689623
TOI-7510 c,130.30964670381667,12.713136263786993,1.0709819023134688,0.07232879516973424,709.709178786838,13.716023696266832,0.1595,0.003,1.02,0.03,1.02,0.02,5820.0,80.0,10.805457424624887,0.30264247973534436
TOI-7510 d,177.9839076930179,12.713136263786993,1.0709819023134688,0.07232879516973424,548.43488271364,10.586945725552917,0.2672,0.005,1.02,0.03,1.02,0.02,5820.0,80.0,10.53644188708236,0.3362694219281604
TOI-756 Ab,9.83043261597329,1.8116219175896464,0.04092346963022577,0.004036953072839136,969.8868392149515,49.16796388490358,0.018,0.0002,0.505,0.019,0.505,0.015,3657.0,72.0,2.810091469246327,0.10088082657844812
TOI-757 b,10.488337417624269,2.193016005503256,0.41603165966986444,0.0205798003642593,653.9874825504902,11.416670347417947,0.122,0.002,0.8,0.04,0.773,0.005,5278.0,63.0,2.4996027029993257,0.10088082657844812
TOI-763 Ab,9.789114923115983,0.7786795961569533,0.6368845963028454,0.03357650720127384,1016.3360368292948,14.33123148934263,0.06,0.0006,0.917,0.028,0.897,0.013,5450.0,60.0,2.279906680672928,0.10984801116319906
TOI-763 Ac,9.318728881355865,1.020229185168906,0.6368845963028454,0.03357650720127384,787.2505089580612,11.100924177773463,0.1,0.001,0.917,0.028,0.897,0.013,5450.0,60.0,2.6296268794782147,0.11993609382104388
TOI-771 b,2.469526719240623,0.4131769285730772,0.005516495630314458,0.0008800605838205119,526.6953133883536,24.52862411706447,0.0208,0.001,0.22,0.024,0.242,0.012,3201.0,100.0,1.359649362662862,0.10088082657844812
TOI-776 c,6.896876423104443,2.6061929340763337,0.049145271044095544,0.0057437216088320215,415.26256549125776,12.832772388140858,0.1,0.002,0.544,0.028,0.538,0.024,3709.0,70.0,2.0501225756886847,0.07958376318966463
TOI-778 b,889.9195384650893,63.56568131893496,5.8610156463660275,0.7329821223397239,1779.8232374108723,71.35594970517502,0.06,0.003,1.4,0.05,1.71,0.05,6875.0,190.0,15.401139524309748,0.5044041328922406
TOI-782 b,19.101487236339956,9.550743618169978,0.019738291423280343,0.0009632166617926165,436.3854961254548,8.89599922040345,0.0578,0.0018,0.397,0.01,0.413,0.008,3370.0,25.0,2.7339824900832537,0.0849640739405152
TOI-784 b,9.671518412675953,0.794571016486687,0.704333903424671,0.05715381094546144,1309.373917153768,31.660631456126293,0.038,0.001,0.91,0.1,0.907,0.017,5558.0,100.0,1.9301864818676406,0.10088082657844812
TOI-815 Ab,7.596098917612728,1.4937935109949716,0.2989719186254172,0.0201622323683161,685.605921367745,73.04941300212073,0.0903,0.019,0.776,0.036,0.77,0.009,4869.0,77.0,2.9401156457252156,0.05044041328922406
TOI-836 b,4.529054793974116,0.8899195384650895,0.170350006361302,0.02361508766094258,871.6514453041239,31.70244208550554,0.0422,0.00093,0.678,0.045,0.665,0.01,4552.0,154.0,1.703989250717298,0.0670297047710133
TOI-836 c,9.598417879159179,2.701541456054736,0.170350006361302,0.02361508766094258,654.1043418548019,23.7294135444404,0.075,0.0016,0.678,0.045,0.665,0.01,4552.0,154.0,2.5870327527006474,0.08799049873786864
TOI-849 b,41.79443546719973,2.510844412097931,0.632603664232378,0.04140673794437065,1995.850062826908,37.9432266430022,0.0155,0.0003,0.929,0.023,0.919,0.0265,5375.3,41.599999999999994,3.444071419388219,0.13602098116994088
TOI-858 Bb,349.6112472541423,25.426272527573985,1.7661303964335067,0.14149047603361253,1527.798390607484,35.369203745083105,0.04445,0.001,1.08,0.07300000000000001,1.3,0.038,5842.0,80.0,14.067270817328042,0.44835922923754723
TOI-892 b,301.936986264941,22.247988461627237,2.6637549245618333,0.15624123482301389,1175.8323814542082,36.38209069535994,0.092,0.005,1.28,0.025,1.39,0.02,6261.0,80.0,11.993609382104388,0.22417961461877361
TOI-905 Ab,211.9915471986481,13.348793076976342,0.9200322077471086,0.0846532644394449,1263.340747722042,31.945942660153847,0.04666,0.00098,0.85,0.1,1.14,0.03,5300.0,100.0,13.125716435929196,0.59407597873975
TOI-912 b,5.085254505514797,0.5085254505514797,0.02564269676959533,0.004471157264274462,579.5908678135531,26.35698025499264,0.041,0.001,0.418,0.03,0.419,0.028,3572.0,100.0,1.9301864818676406,0.1300241764788887
TOI-954 Ab,55.30214274747341,5.561997115406809,3.4141024330849454,0.3034829182954009,1704.2465428437965,41.84466287715571,0.04963,0.0009,1.201,0.066,1.892,0.077,5710.0,51.0,9.550051582759755,0.644516392028974
TRAPPIST-1 b,0.858136697805622,0.731005335167752,0.0005274987498449445,5.793017264490729e-05,400.5983577170662,12.591288892642599,0.01111,0.00034,0.08,0.007,0.117,0.004,2560.0,55.0,1.0860381430206487,0.003474784026590991
TRAPPIST-1 c,1.3793752846208887,0.6038739725298821,0.0005274987498449445,5.793017264490729e-05,342.3746387165875,10.786145879248883,0.01521,0.00047,0.08,0.007,0.117,0.004,2560.0,55.0,1.0559980746617332,0.003474784026590991
TRAPPIST-1 d,0.4131769285730772,0.2701541456054736,0.0005274987498449445,5.793017264490729e-05,288.3724741044083,9.027693077904289,0.02144,0.000645,0.08,0.007,0.117,0.004,2560.0,55.0,0.7722987723616751,0.030264247973534438
TRAPPIST-1 e,0.6356568131893496,0.5720911318704146,0.0005274987498449445,5.793017264490729e-05,251.57885007454576,7.881334601672998,0.02817,0.0008500000000000001,0.08,0.007,0.117,0.004,2560.0,55.0,0.9180155218638779,0.03923143255828538
TRAPPIST-1 f,0.667439653848817,0.1811621917589646,0.0005274987498449445,5.793017264490729e-05,219.22226883392196,6.840678386365526,0.0371,0.0011,0.08,0.007,0.117,0.004,2560.0,55.0,1.0450132735454132,0.03811053448519151
TRAPPIST-1 g,1.3412358758295275,0.8899195384650894,0.0005274987498449445,5.793017264490729e-05,198.82827296371437,6.270796711177698,0.0451,0.0014,0.08,0.007,0.117,0.004,2560.0,55.0,1.1265025634593375,0.04147322870447312
TrES-1 Ab,241.86741741854752,15.89142032973374,0.4978646416098935,0.06756076313955513,1180.5717346101849,41.40825584889043,0.0393,0.0007,0.896,0.10685,0.857,0.0455,5242.82,110.75,12.31866982330161,0.39231432558285384
TrES-2 Ab,398.2389934631275,16.527077142923087,1.0507836685614085,0.08375228157745157,1496.1301033171285,33.73176858488153,0.03555,0.00075,0.98,0.062,1.0,0.036,5850.0,50.0,13.327478089086092,0.280224518273467
TrES-3 b,607.0522565958288,20.65884642865386,0.6348265128816242,0.07881745745921075,1654.323274534013,70.003812141532,0.0226,0.0013,0.924,0.04,0.813,0.027,5720.0,150.0,14.627719853874977,1.0088082657844812
TrES-4 Ab,291.4486488473168,22.247988461627237,4.285840285509404,0.3232050310667304,1777.9398333790602,34.6410508206926,0.05084,0.0005,1.388,0.042,1.798,0.052,6200.0,75.0,19.12252112698139,0.6277029209325661
WASP-100 Ab,645.1916653871898,38.13940879136097,5.802718982850136,0.6901187728935788,2022.8357481330443,64.08683536470939,0.0457,0.001,1.44,0.243,1.774,0.0795,6733.0,131.587,18.94317743528637,3.2506044119722173
WASP-101 b,158.9142032973374,1.2713136263786993,2.5048929273075453,0.23192231586883927,1573.8643157180206,635.6674724306259,0.0496,0.04,1.34,0.07,1.29,0.04,6400.0,110.0,15.244213794076607,0.44835922923754723
WASP-102 b,197.37144049529303,42.27117807709175,2.1837480785283883,0.21097622807980357,1672.7057158068433,45.258612797854944,0.041,0.001,1.08,0.07,1.375,0.048,5990.0,100.0,14.907944372148446,0.560449036546934
WASP-104 Ab,404.27773318842634,14.937935109949715,0.6846076632778544,0.34486574851237967,1483.6403310076955,187.1929446840459,0.02918,0.00045,1.02,0.09,0.93,0.23,5450.0,130.0,12.74461109107728,0.41473228704473114
WASP-105 b,572.0911318704146,31.78284065946748,0.4801829177245183,0.05873922714126591,846.8995072485502,171.34859610903024,0.075,0.03,0.89,0.09,0.9,0.03,5070.0,130.0,10.760621501701133,0.3362694219281604
WASP-106 b,611.819682694749,24.154958901195283,3.979589793069128,2.2722945334079285,1299.5283088141548,185.76853853842945,0.0917,0.0014,1.27,0.15,1.85,0.52,6000.0,150.0,12.161744093068467,0.4147322870447312
WASP-107 b,30.51152703308878,1.589142032973374,0.15051945111259712,0.018687025799209202,740.7457369974101,23.959209436253573,0.055,0.001,0.69,0.05,0.66,0.02,4430.0,120.0,10.53644188708236,0.22417961461877361
WASP-108 Ab,370.9057504959855,29.08129920341274,1.7165142271069316,0.19606239794668173,1600.5801765902775,49.953136305521355,0.0397,0.001,1.167,0.092,1.215,0.04,6000.0,140.0,13.618911588090498,0.44835922923754723
WASP-109 b,289.22385000115406,41.317692857307726,2.937449118689718,0.3170733652080344,1695.1687122221276,49.98090768650481,0.0463,0.0011,1.203,0.09,1.346,0.044,6520.0,140.0,16.174559194744518,0.59407597873975
WASP-10 b,1004.3377648391723,73.1005335167752,0.26274825167489335,0.03658175810354157,1036.0614251142908,40.37290916374179,0.0371,0.0013,0.71,0.071,0.783,0.043,4675.0,100.0,12.105699189413777,0.22417961461877361
WASP-110 b,163.68162939625753,20.34101802205919,0.5921295106780192,0.07735754822467346,1143.2913345517543,40.24478348908826,0.0457,0.0012,0.892,0.072,0.881,0.035,5400.0,140.0,13.876718144902087,0.6277029209325661
WASP-111 Ab,587.9825522001483,50.85254505514797,6.152660094217178,0.7779839480828067,2218.023562445528,75.41372736485977,0.03914,0.00098,1.336,0.219,1.954,0.094,6510.0,133.533,16.163350214013576,1.053644188708236
WASP-112 b,279.68899780331384,38.13940879136097,0.8922298281503169,0.10574296860691099,1385.4738667354927,45.64013234358748,0.0382,0.0011,0.807,0.073,1.002,0.037,5610.0,130.0,13.349896050547969,0.5492400558159953
WASP-113 Ab,150.9684931324705,17.16273395611244,2.7920495279820043,0.45102708163200506,1484.6305097299492,59.969990344987494,0.05885,0.0001,1.318,0.069,1.608,0.105,5890.0,140.0,15.793453849892602,1.3170552358852952
WASP-114 Ab,562.2384512659796,20.34101802205919,2.284061034027711,0.28827973100959237,2028.6025671831715,65.4959692120735,0.02851,0.00039,1.289,0.053,1.43,0.06,5940.0,140.0,15.008825198726893,0.7173747667800756
WASP-116 b,203.41018022059188,44.495976923254474,2.78387012477769,0.3347265471930379,1411.6154388767686,328.50935764858167,0.065,0.03,1.25,0.08,1.426,0.064,6250.0,125.0,13.67495649174519,0.6725388438563208
WASP-117 b,95.34852197840243,15.89142032973374,1.6345918452136974,0.20119501003526297,1193.179437981326,48.594189866965685,0.0714,0.0038,1.126,0.29,1.17,0.063,6040.0,90.0,10.984801116319908,0.560449036546934
WASP-118 Ab,163.36380098966285,6.356568131893496,4.943702097189722,0.6498121068207486,1779.1237599598558,58.98513404015181,0.05453,0.00048,1.29,0.1958,1.81,0.0965,6404.0,123.05000000000001,16.1409322525517,0.40352330631379246
WASP-119 b,390.92894011145,27.015414560547356,1.3165766042173068,0.2384055102746254,1567.1190315323531,72.53769824280491,0.0363,0.0007,1.02,0.06,1.2,0.1,5650.0,100.0,15.692573023314152,2.241796146187736
WASP-120 Ab,1608.2117373690544,85.8136697805622,4.74639899472154,0.5566503478260834,1800.7604624965013,57.36477893170844,0.0522,0.0013,1.36,0.222,1.684,0.073,6572.0,129.762,16.9816058073721,0.9303454006679105
WASP-121 b,376.3088334080949,20.499932225356524,3.3215054540790057,0.31872952234057367,2358.347201796015,61.13938556257939,0.02544,0.0005,1.353,0.0695,1.458,0.03,6460.0,140.0,20.90474906320064,0.49319515216130194
WASP-122 Ab,445.2775976391394,23.837130494600608,2.4306588957598243,0.32298117654437775,1973.6548806528729,70.20115692330079,0.03107,0.00079,1.06,0.139,1.508,0.0734,5875.0,132.839,20.086493469842114,0.773419670434769
WASP-123 Ab,292.4021340671008,15.89142032973374,1.4466014991992235,0.2087891150568562,1471.8360227999503,56.331232219071104,0.0431,0.0011,1.025,0.126,1.22,0.0644,5737.0,141.152,14.874317429955628,0.8294645740894623
WASP-124 b,190.69704395680486,22.247988461627237,1.250580613894476,0.0961334272988856,1319.0284919049323,26.98437513545388,0.0499,0.0007,1.07,0.05,1.02,0.02,6050.0,100.0,13.899136106363963,0.3362694219281604
WASP-128 b,11820.038441255954,266.9758615395268,1.4923224453249606,0.06937988575233439,1625.284070398907,20.851421469402563,0.0359,0.00039000000000000005,1.155,0.039,1.152,0.018500000000000003,5950.0,50.0,10.502814944889545,2.241796146187736
WASP-129 Ab,317.8284065946748,31.78284065946748,0.8806085857292535,0.07138737561610739,1078.2745856392055,22.698731830157545,0.0628,0.0007,1.0,0.03,0.9,0.02,5900.0,100.0,10.424352079772973,0.3362694219281604
WASP-12 Ab,467.2077576941719,23.042559478113922,4.03054087100592,0.40624759659963233,2578.5340101767883,71.90531099665736,0.02344,0.00056,1.434,0.1,1.657,0.045,6360.0,135.0,21.297063388783492,0.6277029209325662
WASP-130 Ab,390.92894011145,12.713136263786993,0.827794283905735,0.07405058277510798,835.4129149096592,19.556255482255967,0.1012,0.0014,1.04,0.04,0.96,0.03,5625.0,90.0,9.975992850535427,0.3362694219281604
WASP-131 Ab,85.8136697805622,6.356568131893496,2.7767831171724424,0.24580615947740184,1465.8788531959624,43.660179771771546,0.0602,0.0024,1.06,0.06,1.53,0.05,6030.0,90.0,13.338687069817029,0.44835922923754723
WASP-132 b,136.0305580225208,4.767426098920121,0.24856352445268823,0.02969301619636987,760.0588302245952,23.396824556748555,0.067,0.001,0.789,0.039,0.758,0.032,4686.0,99.0,10.099291638575751,0.4259412677756699
WASP-132 c,6.261219609915093,1.835459048084247,0.24856352445268823,0.02969301619636987,1453.078083428624,53.51335058045618,0.01833,0.00079,0.789,0.039,0.758,0.032,4686.0,99.0,1.840962995249369,0.09353894419968328
WASP-133 b,368.6809516498227,28.60455659352073,1.9638768776147266,0.19388869213140766,1782.263273147062,48.02044404235019,0.0345,0.0007,1.16,0.08,1.44,0.05,5700.0,100.0,13.562866684435804,0.560449036546934
WASP-134 b,448.77371011168077,23.837130494600608,1.2743984985138774,0.1593056130720066,959.9683896956587,32.521519227640326,0.0956,0.0025,1.131,0.045,1.16,0.06,5700.0,100.0,11.074472962167416,0.6389119016635049
WASP-135 b,603.873972529882,25.426272527573985,0.8606481883165967,0.09674564044497065,1721.5280892782826,51.51937658405982,0.0243,0.0005,0.98,0.06,0.96,0.05,5680.0,60.0,14.571674950220284,1.0088082657844812
WASP-137 Ab,216.44114489097356,17.16273395611244,3.3820270624984894,0.5142485341950047,1662.6315339361527,69.59201152393528,0.0519,0.0018,1.216,0.066,1.65,0.1,6100.0,140.0,14.235405528292125,1.2329878804032548
WASP-139 Ab,37.18592357157695,5.403082912109472,0.45206072329770225,0.0764448244979394,917.5171367993402,41.515848011430414,0.062,0.002,0.87,0.106,0.846,0.055,5151.0,139.23,8.967184584750944,0.560449036546934
WASP-140 Ab,775.5013120910064,22.247988461627237,0.5198419604329504,0.06203019455944105,1316.7322096779067,40.58042478431153,0.0323,0.0005,0.9,0.04,0.87,0.04,5260.0,100.0,16.1409322525517,3.3626942192816043
WASP-141 b,854.9584137396752,47.674260989201215,2.0405114253768346,0.2665312481594668,1537.6559450274717,51.50660578822034,0.0469,0.0007,1.25,0.06,1.37,0.07,5900.0,120.0,13.562866684435804,0.8967184584750945
WASP-142 b,266.9758615395268,28.60455659352073,3.148295104610397,0.4247316195456316,1992.3468910572246,70.1366873951663,0.0347,0.0007,1.33,0.08,1.64,0.08,6010.0,140.0,17.14974051833618,0.8967184584750945
WASP-143 b,230.4255947811392,26.697586153952685,1.0871710934929055,0.14989130896756842,1285.249063390556,47.95440152604027,0.049,0.0014,1.087,0.045,1.0,0.05,5900.0,140.0,13.831882221978331,0.47077719069942464
WASP-144 b,139.84449890165692,19.069704395680485,0.35341150498695834,0.05525777213428148,1208.4744278964727,48.19566523717363,0.0316,0.0005,0.81,0.0,0.81,0.04,4950.0,150.0,9.527633621297879,0.560449036546934
WASP-145 Ab,282.8672818692606,12.713136263786993,0.23916190028576292,0.05728978222747503,1206.0451888838274,73.14323026571297,0.0261,0.0005,0.76,0.04,0.68,0.07,4900.0,150.0,10.088082657844813,0.44835922923754723
WASP-146 b,352.78953132008905,47.674260989201215,2.0672291036561017,0.2701763896679566,1577.6298733149392,66.63152267607563,0.0451,0.0024,1.057,0.085,1.29,0.06,6100.0,140.0,13.764628337592699,0.8518825355513397
WASP-147 b,87.40281181353558,8.740281181353557,1.9367035982557124,0.32273215891147067,1402.7828670522579,60.58263872706465,0.0549,0.0012499999999999998,1.044,0.07150000000000001,1.429,0.10800000000000001,5702.0,100.0,12.498013514996629,1.3058462551543564
WASP-148 b,91.21675269267166,6.0387397252988215,0.84593086322988,0.3382513981195927,937.4362740472822,93.9517192903087,0.08215,0.00118,1.0,0.08,1.03,0.2,5460.0,130.0,8.473989432589642,0.16813471096408023
WASP-149 b,314.96795093532273,62.294367692556264,1.1439544701356286,0.14377154383213864,1859.9762527651073,70.11975282243044,0.024,0.001,1.05,0.06,1.08,0.049,5750.0,125.0,15.244213794076607,0.6725388438563208
WASP-14 Ab,2333.1783328115075,159.54986011052674,2.6898947968592375,0.343566783298355,1882.3737957519213,65.54629107572751,0.036,0.001,1.211,0.122,1.306,0.073,6475.0,100.0,14.35870431633245,0.8799049873786864
WASP-150 b,2688.828319790949,76.27881758272196,3.598923507419772,0.4244034690349176,1484.9792450047044,44.946749714458115,0.0694,0.0009500000000000001,1.346,0.03,1.706,0.07,6093.0,129.0,11.993609382104388,0.280224518273467
WASP-151 b,98.52680604434919,11.123994230813619,1.385312886512762,0.09061086395990184,1288.8917953399418,24.11414292942042,0.055,0.001,1.077,0.081,1.14,0.03,5871.0,57.0,12.666148225960708,0.3362694219281604
WASP-153 Ab,123.95307857192317,6.356568131893496,3.2847879358774468,0.3877671516652373,1712.0523924893394,53.58164199817992,0.048,0.001,1.336,0.086,1.73,0.095,5914.0,64.0,17.373920132954954,1.0088082657844812
WASP-154 b,198.96058252826643,40.99986445071305,0.3156597288139624,0.050370780369482074,995.6100958367563,52.24498617236745,0.044,0.003,0.8,0.05,0.823,0.047,4774.0,133.0,10.760621501701133,0.6725388438563208
WASP-155 b,276.8285421439617,57.20911318704146,1.4157903408225838,0.16965686994006957,1465.6367420980373,55.58442360710916,0.043,0.002,1.09,0.07,1.24,0.06,5660.0,100.0,13.450776877126417,0.6725388438563208
WASP-156 b,41.41304137928613,2.796889978033138,0.301191702265868,0.028096892643427268,971.9262574807323,29.83223956080063,0.0451,0.0018,0.842,0.052,0.76,0.03,4910.0,61.0,6.20977532494003,0.38110534485191516
WASP-157 b,183.06916219853267,29.87587021989943,1.204981862640809,0.09735131409739341,1306.7896616846576,27.53856956377202,0.0499,0.0006,1.06,0.04,1.1,0.03,5772.0,86.0,11.186562769476803,0.280224518273467
WASP-158 b,886.7412543991427,73.1005335167752,2.818476068747794,0.7770272785359938,1587.702584344339,112.8651466215119,0.0517,0.0018,1.38,0.14,1.39,0.18,6350.0,150.0,11.993609382104388,1.6813471096408021
WASP-159 b,174.80562362707116,25.426272527573985,5.17678063337416,0.7132792992855568,1811.901723186422,67.3303965178264,0.0538,0.0015,1.41,0.12,2.11,0.1,6000.0,150.0,15.468393408695379,1.0088082657844812
WASP-15 b,172.26299637431376,15.89142032973374,3.0832805152251725,0.3587288157326213,1652.775331350428,56.56576840876697,0.0499,0.0018,1.18,0.12,1.477,0.072,6300.0,100.0,16.006424483780435,0.8630915162822784
WASP-160 Bb,89.30978225310362,14.302278296760365,0.5391153697818447,0.05403065857334384,1119.2460371037616,31.68982762209554,0.0455,0.0012,0.89,0.07,0.872,0.0295,5302.0,98.0,12.251415938915978,0.4875906617958326
WASP-162 b,1652.707714292309,63.56568131893496,0.8722466013890526,0.10251106357235168,936.4635575830775,29.07006240999759,0.0871,0.0013,0.95,0.04,1.11,0.05,5300.0,100.0,11.20898073093868,0.560449036546934
WASP-164 b,676.9745060466572,39.72855082433435,0.8855840799139874,0.13111742605568416,1610.0812447946778,62.726773161330094,0.02818,0.0006850000000000001,0.946,0.069,0.932,0.028999999999999998,5806.0,195.0,12.643730264498831,0.4707771906994246
WASP-165 b,209.13109153929602,30.03478442319677,2.70027389149983,0.6263358495531354,1626.3130941281756,95.56037923654449,0.04823,0.000915,1.248,0.07100000000000001,1.75,0.18,5599.0,150.0,14.123315720982738,2.0176165315689625
WASP-166 b,32.418497472656824,1.2713136263786993,1.7890851458290447,0.18564842795352002,1246.7528124337994,49.3907429470458,0.0668,0.004,1.19,0.06,1.22,0.06,6050.0,50.0,6.899127639892758,0.3362694219281604
WASP-168 Ab,133.4879307697634,12.713136263786993,1.4585821581960305,0.2985206920256607,1344.032840778269,69.5448949893242,0.0519,0.0008,1.08,0.136,1.12,0.1,6000.0,150.0,16.813471096408023,4.483592292375472
WASP-169 b,178.30173609961258,19.069704395680485,5.056835569468792,0.7712101862902744,1601.057714042122,63.223226971109874,0.0681,0.0014,1.337,0.083,2.011,0.1385,6110.0,100.0,14.61651087314404,1.2498013514996629
WASP-16 b,271.74328763844693,18.75187598908581,0.7618054148436046,0.11251051981727277,1268.617801552761,54.12499872176937,0.0421,0.0018,1.022,0.101,0.946,0.054,5550.0,130.0,11.298652576786191,0.7958376318966462
WASP-171 b,344.5259927486275,29.87587021989943,3.043890329096674,0.3264310261283334,1639.2787808170106,45.97572258850239,0.0504,0.00083,1.171,0.058,1.637,0.0685,5965.0,100.0,11.074472962167416,0.6164939402016274
WASP-172 b,149.37935109949714,31.78284065946748,7.4191294266698415,1.009820875609532,1745.4979253397635,60.71183153693505,0.0694,0.001,1.49,0.07,1.91,0.1,6900.0,150.0,17.59809974757373,1.120898073093868
WASP-175 Ab,314.65012252872805,41.317692857307726,1.9580155986195078,0.24318812261933606,1571.2255545939515,49.76558994139303,0.044,0.00055,1.212,0.045,1.204,0.064,6229.0,100.0,13.540448722973926,0.9079274392060331
WASP-176 b,271.74328763844693,22.247988461627237,4.118374933961695,0.11066033957438606,1715.9926163233474,25.954351551828854,0.0535,0.00145,1.27,0.025,1.945,0.0185,5902.0,28.0,16.869516000062713,0.5324265847195873
WASP-178 b,448.1380532984914,149.37935109949714,16.21706455575799,9.165457591523976,2366.937537580819,335.1045299038328,0.0558,0.001,1.93,0.15000000000000002,1.801,0.485,8640.0,370.0,21.74542261802104,0.6613298631253821
WASP-17 b,154.46460560501194,10.170509011029594,3.3414472076044817,0.8863877193394702,1660.0969411778274,110.2301944732145,0.0515,0.00034,1.2,0.13,1.38,0.18,6650.0,80.0,22.317080635298915,0.9079274392060331
WASP-182 b,47.038604176011866,3.4961124725414225,1.6277950850384293,0.13656413194588787,1481.9122825044362,34.41920864894574,0.0451,0.0009,1.076,0.064,1.34,0.03,5638.0,100.0,9.527633621297879,0.3362694219281604
WASP-184 b,181.1621917589646,31.78284065946748,3.1656488565758067,0.40472385325305327,1484.201102643216,49.518795056732955,0.0627,0.0012,1.23,0.07,1.65,0.09,6000.0,100.0,14.907944372148446,1.0088082657844812
WASP-188 Ab,458.62639071611574,94.3950367586184,6.615372680150328,0.694285733951866,1665.264277900202,55.7910478210358,0.072,0.003,1.5,0.09,1.83,0.069,6850.0,125.0,14.818272526300937,0.5716580172778727
WASP-189 Ab,632.4785291234028,47.67426098920122,19.910989062885957,2.2756602258530747,2618.239645400985,79.00177545821431,0.05053,0.00098,1.887,0.057,2.33,0.12,7996.0,99.0,18.147339803389723,0.23538859534971232
WASP-18 Ab,3314.8231494198203,141.51309803627896,2.277298545594366,0.21914435714431696,2392.275047056688,61.687125744273516,0.02047,0.00038,1.24,0.04,1.23,0.045,6400.0,100.0,13.058462551543563,0.8630915162822784
WASP-193 Ab,44.1781485166598,9.534852197840243,1.8349874068873815,0.17297415079022344,1247.717511375676,32.513769800774426,0.0676,0.0015,1.12,0.051,1.225,0.0315,6076.0,120.0,16.40994779009423,0.6613298631253821
WASP-194 Ab,373.1305493421482,84.22452774758882,2.9977014121851604,0.535580464838586,1691.0599320384988,92.832961500557,0.047,0.003,1.29,0.08,1.409,0.09,6405.0,200.0,15.479602389426319,0.9863903043226039
WASP-195 b,33.054154285846174,9.69376640113758,3.519379058666632,0.40581615080336564,1520.3972380290816,56.84545600181514,0.063,0.003,1.3,0.08,1.578,0.066,6300.0,125.0,10.312262272463586,0.560449036546934
WASP-197 b,403.3242479686423,80.7284152750474,5.361658836815957,0.5277388596610877,1662.9490795796023,48.25975328945742,0.065,0.002,1.36,0.08,2.112,0.077,6050.0,100.0,14.448376162179958,0.5492400558159953
WASP-19 Ab,362.0065551113346,9.534852197840243,0.8275762783672505,0.06710490460966526,2060.466907586668,43.39482927643725,0.016634,0.00019,0.904,0.045,1.004,0.018,5500.0,100.0,15.804662830623538,0.19055267242595758
WASP-1 Ab,300.983501045157,8.899195384650895,3.070670766153722,0.37269664516391504,1853.878440926531,57.364927608337545,0.03958,0.00047999999999999996,1.153,0.156,1.564,0.0777,6116.0,106.58,16.970396826641164,0.5548445461814646
WASP-20 Ab,99.48029126413321,5.720911318704146,2.17889440367759,0.20107335023509793,1381.610768427328,32.79379681079683,0.06003,0.00067,1.202,0.04,1.392,0.044,5950.0,100.0,16.353902886439535,0.6389119016635049
WASP-21 b,95.34852197840243,3.178284065946748,1.1408106181633482,0.11663202643804982,1262.7359710104038,32.71346917782597,0.052,0.00044,1.01,0.025,1.06,0.04,5800.0,100.0,13.562866684435804,0.3586873833900378
WASP-22 b,196.10012686891434,3.241849747265683,1.4847445454404582,0.12654146423581408,1418.9505599307108,30.745499450218745,0.04698,0.00037,1.1,0.3,1.13,0.03,6000.0,100.0,13.439567896395479,0.4091277966792618
WASP-24 Ab,340.39422346289666,11.759651044002966,1.6076881655033535,0.17120560533079396,1641.9327771504256,44.16418737744481,0.03651,0.00028,1.129,0.025,1.147,0.048,6075.0,100.0,14.571674950220284,0.4315457581411392
WASP-25 b,184.34047582491135,12.713136263786993,0.8851328097542908,0.0966811902295716,1241.29147954107,34.298170177175066,0.0474,0.0004,1.0,0.03,0.95,0.04,5750.0,100.0,14.123315720982738,0.6725388438563208
WASP-26 Ab,326.7276019793257,6.674396538488171,2.0191440782527215,0.226099587857884,1663.751652609221,47.08255820736754,0.03985,0.00033,1.12,0.03,1.34,0.06,5950.0,100.0,14.35870431633245,0.8406735548204011
WASP-28 b,288.27036478137006,13.666621483571015,1.5361193401186726,0.16475309777372865,1467.6648388154742,41.28728140788991,0.04469,0.00076,1.021,0.05,1.094,0.031,6150.0,140.0,13.59649362662862,0.47077719069942464
WASP-29 Ab,77.23230280250597,6.356568131893496,0.3408752940197323,0.057548004222612394,982.1089479090115,48.994691286319636,0.047,0.0025,0.825,0.033,0.846,0.048,4800.0,150.0,8.686960066477477,0.3474784026590991
WASP-2 Ab,269.20066038568956,14.302278296760365,0.4389861994558369,0.08852509227065053,1280.2567744104238,233.4898510324642,0.03138,0.011,0.84,0.11,0.834,0.08,5150.0,80.0,12.094490208682837,0.3698963641209765
WASP-30 b,19343.03682535191,282.8672818692606,1.048432070932466,0.08220054176192888,1221.760566082267,24.36187043122863,0.05325,0.00039,1.166,0.026,0.889,0.021,6201.0,97.0,9.964783869804487,0.23538859534971232
WASP-31 b,151.92197835225454,9.534852197840243,2.038449600717909,0.18598729493866373,1542.7043742337626,35.6367021167084,0.04657,0.00034,1.16,0.026,1.24,0.04,6200.0,100.0,17.22820338345275,0.6725388438563208
WASP-32 b,1144.1822637408293,22.247988461627237,1.530576875557168,0.17054873908606563,1561.327837908966,43.89813918410502,0.0394,0.0003,1.1,0.03,1.11,0.05,6100.0,100.0,13.226597262507642,0.7846286511657077
WASP-33 Ab,889.9195384650893,168.44905549517765,5.609848274390024,0.6615094501353759,2681.0094457853843,79.9494628501241,0.02558,0.00023,1.495,0.031,1.444,0.034,7400.0,200.0,17.967996111694706,0.15692573023314152
WASP-36 Ab,724.3309386292639,21.612331648437888,0.9543725797529077,0.09748550297216044,1700.0371357377578,44.28536812152209,0.02624,0.00027,1.02,0.032,0.943,0.019,5881.0,138.0,14.224196547561185,0.3362694219281604
WASP-37 b,572.0911318704146,54.03082912109472,0.9691498919053422,0.13036299295886777,1327.1308605115203,50.31995295787139,0.04339,0.00152,0.849,0.04,0.977,0.042,5800.0,150.0,13.00241764788887,0.7285837475110142
WASP-38 b,861.9506386847581,20.658846428653863,2.3914186718085126,0.190056556445737,1261.0388621104112,26.041026466724166,0.07551,0.00085,1.216,0.041,1.365,0.041,6150.0,80.0,12.094490208682837,0.49319515216130194
WASP-39 b,88.99195384650895,9.534852197840243,0.6110981372303689,0.07481222643842005,1117.4302929347941,34.679372672003126,0.0486,0.0005,0.93,0.03,0.895,0.023,5400.0,150.0,14.235405528292125,0.44835922923754723
WASP-3 Ab,575.2694159363614,20.023189615464513,2.70152894077639,0.3707896419951402,2019.0220997410788,69.35362761065433,0.0313,0.0001,1.26,0.193,1.36,0.07,6352.0,144.16,15.602901177466642,0.21297063388783494
WASP-41 b,298.7587021989943,15.89142032973374,0.807455517758977,0.4251176570277317,1320.6787853181686,174.61337655822192,0.04,0.001,0.95,0.09,1.01,0.26,5450.0,150.0,13.226597262507642,0.3362694219281604
WASP-43 b,652.1838903322727,16.84490554951776,0.16660777212405578,0.01838463197615441,1440.9803142507233,40.650193245823345,0.01526,0.00018,0.717,0.025,0.667,0.01,4520.0,120.0,11.612504037252474,0.21297063388783494
WASP-44 b,282.5494534626659,19.705361208869835,0.660447618776312,0.12374993438650289,1347.7769923769326,63.633453641477864,0.03473,0.00041,0.951,0.034,0.927,0.07,5410.0,150.0,12.778238033270094,1.2329878804032548
WASP-45 Ab,320.0532054408375,16.84490554951776,0.5592499358692571,0.120989267118108,1196.6591031451899,66.07092311507824,0.04054,0.0009,0.909,0.06,0.945,0.071,5140.0,200.0,13.00241764788887,1.5692573023314154
WASP-46 b,667.7574822554117,23.201473681411258,0.752616583586494,0.09725313080495546,1658.626403124209,54.415075989555305,0.02448,0.00028,0.956,0.034,0.917,0.028,5620.0,160.0,14.683764757529673,0.5716580172778727
WASP-47 b,363.09670654595436,7.30051849947968,1.1078918878863624,0.06294077129172385,1253.5276984120337,133.7746669317133,0.052,0.011,1.04,0.03,1.14,0.01,5552.0,75.0,12.632521283767893,0.14571674950220284
WASP-47 d,13.100886919832496,1.5001500791268652,1.1078918878863624,0.06294077129172385,963.6170731399309,104.92457456932895,0.088,0.019,1.04,0.03,1.14,0.01,5552.0,75.0,3.5756648531694393,0.044835922923754726
WASP-47 e,6.830132457719561,0.6610830857169235,1.1078918878863624,0.06294077129172385,2173.5068312651447,240.6968443740522,0.0173,0.0038,1.04,0.03,1.14,0.01,5552.0,75.0,1.8046458976811277,0.022417961461877363
WASP-48 b,311.4718384627813,28.60455659352073,3.5373109371203646,0.4213948784075747,2058.9584052831638,62.652862124268104,0.03444,0.00043,1.19,0.05,1.75,0.09,5990.0,90.0,18.718997820667596,0.8967184584750945
WASP-49 Ab,126.81353423127524,9.534852197840243,0.9160336364683191,0.11694777530504778,1385.0483751059237,49.94539064422657,0.03873,0.0013,0.989,0.1235,1.02,0.048,5597.0,120.7,13.428358915664539,0.526822094354118
WASP-4 b,380.5677340564636,2.1612331648437886,1.085766126867717,0.5345850985177132,1870.4776254500712,230.62258359143163,0.02312,0.00033,0.93,0.05,1.15,0.28,5500.0,100.0,15.519954720057697,0.0986390304322604
WASP-50 b,456.7194202765477,21.612331648437888,0.5576954723870421,0.04817622920684249,1410.7311958358182,34.18129104553642,0.02913,0.00064,0.861,0.057,0.855,0.019,5400.0,100.0,12.755820071808218,0.2914334990044057
WASP-52 b,146.2010670335504,6.356568131893496,0.3499645464516379,0.03313351460698416,1299.3686844059134,31.57874170497552,0.0272,0.0003,0.87,0.03,0.79,0.02,5000.0,100.0,14.235405528292125,0.3362694219281604
WASP-53 b,677.6101628598467,29.558041813304754,0.3438499334305996,0.02580434640379953,1053.5573635679198,22.706545166560613,0.04101,0.00087,0.839,0.054,0.798,0.023,4953.0,59.5,12.038445305028144,0.41473228704473114
WASP-55 Ab,193.8753280227516,41.317692857307726,1.2916679761789212,0.27501820132574933,1286.5745430197007,69.00258082326,0.0533,0.0007,1.11,0.35,1.09,0.11,5900.0,100.0,14.907944372148446,1.4571674950220286
WASP-56 Ab,190.3792155502102,12.554222060489654,1.255143496440935,0.16738627954339183,1245.7022057995166,41.95789444800119,0.05614,0.0004,1.04,0.132,1.113,0.0578,5797.0,121.23,12.24020695818504,0.38110534485191516
WASP-58 Ab,282.8672818692606,22.247988461627237,1.3898679736594937,0.3406857061943424,1277.2408250018136,81.51366665622808,0.0561,0.002,0.94,0.1,1.17,0.13,5800.0,150.0,15.356303601385994,2.241796146187736
WASP-59 Ab,274.28591489120436,14.302278296760365,0.1576240966263008,0.0304250150793069,665.8029262810767,61.58752620886201,0.0697,0.011,0.719,0.035,0.613,0.044,4650.0,150.0,8.686960066477477,0.7622106897038303
WASP-5 b,520.2851015954826,26.061929340763335,1.1128787173526478,0.11483092594712967,1732.2917088786853,48.09100745883602,0.02729,0.00056,1.0,0.06,1.084,0.041,5700.0,100.0,13.125716435929196,0.6389119016635049
WASP-60 b,163.36380098966285,10.806165824218944,1.4128875531033798,0.33617338409713304,1318.2278254710727,78.76555640622088,0.0531,0.0006,1.078,0.035,1.14,0.13,5900.0,100.0,9.639723428607265,1.3450776877126416
WASP-61 b,654.7265175850301,54.03082912109472,2.5321401299001396,0.2675259287802886,1550.24810753897,43.13746257447575,0.0514,0.0009,1.22,0.07,1.36,0.03,6250.0,150.0,13.899136106363963,0.3362694219281604
WASP-62 b,184.34047582491135,9.534852197840243,2.2144300993105865,0.20704404780898394,1410.0621761044902,35.122269722577094,0.0581,0.001,1.25,0.05,1.28,0.05,6230.0,80.0,15.580483216004765,0.3362694219281604
WASP-63 b,120.77479450597642,9.534852197840243,3.0086902661515005,0.28965774406725014,1531.6137599641404,38.02813241291461,0.0574,0.0007,1.32,0.05,1.88,0.06,5550.0,100.0,16.02884244524231,0.6725388438563208
WASP-64 Bb,388.06848445209795,22.883645274816583,1.0986109815742833,0.15182727973141227,1752.922957592274,61.08193511750067,0.02648,0.00024,1.0,0.1225,1.0954,0.05655,5652.0,129.8,14.246614509023063,0.43715024850660855
WASP-66 b,737.3619032996454,41.317692857307726,5.213647797399435,0.7156964565511258,1801.772426363116,63.59210209416214,0.0546,0.0009,1.3,0.07,1.75,0.09,6600.0,150.0,15.580483216004765,1.0088082657844812
WASP-67 b,133.4879307697634,12.713136263786993,0.4965256970240814,0.059526581413771464,1028.6106017468144,31.8396801354763,0.0517,0.0008,0.87,0.04,0.87,0.04,5200.0,100.0,15.692573023314152,2.241796146187736
WASP-68 Ab,301.936986264941,9.534852197840243,2.8523348203461443,0.37252489710898384,1453.4666645803195,47.71720346516786,0.06206,0.00042500000000000003,1.011,0.12345,1.74,0.08665,5692.5,120.23150000000001,13.899136106363963,0.8967184584750945
WASP-69 b,82.63538571461545,5.403082912109472,0.2930877922178027,0.0237090096702217,963.720230713367,20.290502948280306,0.04525,0.00053,0.826,0.029,0.813,0.028,4715.0,50.0,11.847892632602186,0.526822094354118
WASP-6 b,159.86768851712142,9.05810958794823,0.5991207542317122,0.06627191292385927,1195.107330000522,37.852108889060084,0.0421,0.0013,0.888,0.08,0.87,0.036,5450.0,100.0,13.719792414668945,0.577262507643342
WASP-70 Ab,187.51875989085812,7.1511391483801825,1.4609551515801003,0.20065647345126908,1390.480525572067,48.56343030248968,0.04853,0.00062,1.106,0.042,1.215,0.0765,5763.0,79.0,13.047253570812623,0.9807858139571345
WASP-71 Ab,717.6565420907757,22.883645274816583,6.469747305099603,0.8903199539398553,2064.882171017788,72.28696520094047,0.04631,0.0006,1.572,0.062,2.32,0.14,6050.0,100.0,16.813471096408023,1.2329878804032548
WASP-72 Ab,459.57987593589974,17.0038197528151,7.053436764557963,0.86919926405302,2357.1175617921085,74.31561893441356,0.03711,0.000495,1.03,0.131,2.66,0.128,5773.47,111.088,14.235405528292125,2.241796146187736
WASP-73 b,600.6956884639353,15.89142032973374,5.082762176415993,0.7766771508386732,1889.8952900221,86.81446145856602,0.049,0.0025,1.34,0.045,2.07,0.135,6030.0,120.0,13.114507455198256,0.560449036546934
WASP-75 Ab,340.07639505630203,15.89142032973374,1.9721969382635822,0.1800126631510171,1705.0329316206046,42.47885504645457,0.0375,0.00075,1.14,0.065,1.26,0.04,6100.0,100.0,14.235405528292125,0.5380310750850567
WASP-76 Ab,292.4021340671008,9.534852197840243,4.097341152021046,0.3235186004801373,2182.1238537666463,46.13743372577592,0.033,0.0005,1.46,0.07,1.73,0.04,6250.0,100.0,20.512434737617788,0.6725388438563208
WASP-77 Ab,559.0601672000329,1.589142032973374,0.7487681299482266,0.04950902789212237,1692.5290996957094,31.482240584545544,0.02345,0.0004,1.002,0.045,0.955,0.015,5500.0,80.0,13.562866684435804,0.22417961461877361
WASP-78 b,282.8672818692606,25.426272527573985,6.62877304249704,0.4915715560940185,2194.5479498908708,43.66892893029646,0.0415,0.0006,2.02,0.09,2.31,0.04,6100.0,100.0,19.055267242595757,1.2329878804032548
WASP-79 b,265.38671950655345,25.426272527573985,4.578817017432006,0.5258914078106889,1820.1492144599224,52.625545367616915,0.05014,0.00034,1.56,0.09,1.64,0.08,6600.0,100.0,17.710189554883115,0.056044903654693404
WASP-7 b,305.11527033088777,41.317692857307726,3.0867096653849573,0.43330982102883736,1486.7645548843545,53.8345538727935,0.0617,0.0011,1.276,0.06,1.432,0.09,6400.0,100.0,14.907944372148446,1.0424352079772974
WASP-80 b,176.07693725344984,10.96508002751628,0.1051160634585426,0.05107277549540649,853.4080148633606,104.32269427180515,0.0346,0.0009500000000000001,0.58,0.05,0.63,0.15,4145.0,100.0,10.670949655853624,0.297037989369875
WASP-81 b,231.69690840751792,11.282908434110954,1.753458807003653,0.17785713214480955,1621.8379175609364,43.68582667192676,0.03908,0.00071,1.08,0.058499999999999996,1.283,0.0385,5870.0,120.0,16.017633464511377,0.543635565450526
WASP-82 b,394.10722417739674,12.713136263786993,7.611254849064533,0.6726567033608986,2186.4315938603704,55.26401048946482,0.0448,0.0011,1.63,0.08,2.18,0.08,6500.0,80.0,18.27063859143005,0.44835922923754723
WASP-83 b,95.34852197840243,9.534852197840243,0.8920530491782392,0.11112093745088017,1114.762882879013,35.97830331871925,0.059,0.001,1.11,0.09,1.05,0.05,5480.0,110.0,11.657339960176229,0.7285837475110142
WASP-84 b,219.93725736351493,18.43404758249114,0.4002941525173935,0.03099714451728926,794.5401505608446,18.750406415297913,0.0778,0.0021,0.842,0.037,0.748,0.015,5314.0,88.0,10.720269171069754,0.27013643561562223
WASP-87 Ab,702.4007785742313,50.85254505514797,4.110586715686847,0.43786308200220453,2311.375032298103,68.22271039970754,0.02946,0.00075,1.204,0.093,1.627,0.062,6450.0,120.0,15.524438312350073,0.6725388438563208
WASP-88 b,177.9839076930179,25.426272527573985,6.639426357816112,0.7863440383168694,1763.6167711115004,52.939658766721024,0.06431,0.0006349999999999999,1.45,0.05,2.08,0.09,6431.0,130.0,19.055267242595757,1.1208980730938682
WASP-89 b,1875.1875989085813,127.13136263786993,0.4188223309768356,0.04425573792461756,1089.8459330977764,32.61343924166639,0.0427,0.0012,0.92,0.08,0.88,0.03,4955.0,100.0,11.657339960176229,0.44835922923754723
WASP-8 Ab,713.2069443984503,27.33324296714203,0.8013601817572822,0.10775621650860655,943.2709699158613,33.080080612207354,0.0801,0.0016,1.033,0.05,0.953,0.058,5600.0,80.0,11.63492199871435,0.30264247973534436
WASP-90 b,200.2318961546451,22.247988461627237,6.012625054103196,0.7315802852052556,1840.3850982742076,59.329683508047154,0.0562,0.0012,1.55,0.1,1.98,0.09,6430.0,130.0,18.27063859143005,1.0088082657844812
WASP-91 b,425.89006483686427,25.426272527573985,0.3888187175808925,0.037086421519070864,1143.7912350088593,31.349613740014064,0.037,0.001,0.84,0.07,0.86,0.03,4920.0,80.0,11.545250152866842,0.44835922923754723
WASP-92 b,255.85186730871322,21.612331648437888,2.5094929539122983,0.28967771355624666,1879.8262443440765,55.11287280900374,0.0348,0.00036,1.19,0.037,1.341,0.058,6280.0,120.0,16.376320847901415,0.8630915162822784
WASP-94 Ab,143.658439780793,10.647251620921606,2.4049625771232193,0.4763908691885123,1479.471390336751,74.49015098021727,0.055,0.001,1.29,0.1,1.36,0.13,6170.0,80.0,18.662952917012905,0.560449036546934
WASP-95 b,383.3010583531778,21.294503241843213,1.1510132321320188,0.16199510438000236,1633.8177779483945,81.38022649521393,0.0312,0.0022,1.11,0.09,1.13,0.06,5630.0,130.0,12.307460842570672,0.9863903043226039
WASP-96 b,152.55763516544388,9.534852197840243,0.931767390178645,0.12940526353329757,1286.14108308757,48.318393058186714,0.0453,0.0013,1.06,0.09,1.05,0.05,5540.0,140.0,13.450776877126417,0.6725388438563208
WASP-97 b,419.53349670497073,15.89142032973374,1.0200418645308906,0.1056416012371293,1540.6750429801095,41.974023089907654,0.03303,0.00056,1.12,0.06,1.06,0.04,5640.0,100.0,12.666148225960708,0.6725388438563208
WASP-98 Ab,263.7975774735801,22.247988461627237,0.4313027833126295,0.058620860574329754,1190.0224380095458,43.68322896656245,0.036,0.001,0.97,0.123,0.718,0.036,5526.0,126.747,12.32987880403255,0.44835922923754723
WASP-99 b,883.5629703331958,41.317692857307726,4.053863170779019,0.47134974808919033,1476.4492684787342,45.97040424855378,0.0717,0.0016,1.48,0.1,1.76,0.08499999999999999,6180.0,100.0,12.32987880403255,0.7285837475110142
Wolf 503 b,6.261219609915093,0.6038739725298821,0.21129207937837538,0.018459854924828566,809.2018470794255,18.773435387938317,0.05706,0.00055,0.688,0.0195,0.69,0.0245,4716.0,60.0,2.043060917828193,0.06949568053181981
WTS-1 b,1274.4919104446458,111.23994230813616,1.8105294776129615,0.44325768276189625,1492.6531680411472,92.7475250308737,0.047,0.001,1.2,0.1,1.15,0.12,6250.0,200.0,16.701381289098634,1.9055267242595757
WTS-2 b,355.9678153860358,41.317692857307726,0.32474253822403293,0.07079219311329024,1544.2715607573746,88.02871118269438,0.01855,0.00062,0.82,0.082,0.761,0.033,5000.0,250.0,14.571674950220284,0.6501208823944435
XO-2N b,197.05361208869837,6.356568131893496,0.6997994884546876,0.047249290604886925,1326.9394310071684,42.36695810927451,0.0369,0.002,0.96,0.05,0.998,0.033,5290.0,18.0,10.906338251203335,0.3362694219281604
XO-3 Ab,3747.1969137512156,187.51875989085812,4.211505423455693,0.46526495557734376,1889.696100476017,54.95580125445537,0.0454,0.00082,1.41,0.08,1.49,0.08,6781.0,44.0,13.641329549552376,0.8182555933585236
XO-4 b,513.6107050569944,31.941754862764817,2.275373359601361,0.18450712115607734,1461.1193310057486,30.14369831474141,0.05485,0.00042,1.32,0.02,1.55,0.05,5700.0,70.0,14.762227622646241,0.3867098352173845
XO-5 b,342.3011939024647,11.759651044002966,0.9291973785604104,0.09254848289467149,1239.5765412391631,31.796124244510683,0.0487,0.0006,0.88,0.03,1.06,0.05,5510.0,44.0,11.545250152866842,0.560449036546934
XO-6 b,1420.6929774781963,38.13940879136097,6.815246371127175,1.3343960750103239,1652.6438535317334,112.34318539694019,0.0742,0.007,1.47,0.06,1.93,0.18,6720.0,100.0,24.323488186136935,2.241796146187736
XO-7 b,230.7434231877339,12.077479450597641,2.5469374675642418,0.5990898345888283,1691.9988355006074,100.48925369645212,0.04329,0.00072,1.405,0.059,1.48,0.022,6000.0,350.0,15.087288063843465,0.22417961461877361
Mercury,0.0553,0.0001,0.9993078986330548,0.0,450.20561879063024,0.0,0.387,0.0,1.0,0.0,1.0,0.0,5777.0,0.0,0.383,0.0001
Venus,0.815,0.001,0.9993078986330548,0.0,327.6190727663178,0.0,0.723,0.0,1.0,0.0,1.0,0.0,5777.0,0.0,0.949,0.0001
Earth,1.0,0.0,0.9993078986330548,0.0,278.58091245157533,0.0,1.0,0.0,1.0,0.0,1.0,0.0,5777.0,0.0,1.0,0.0001
Mars,0.107,0.001,0.9993078986330548,0.0,226.20160464726825,0.0,1.52,0.0,1.0,0.0,1.0,0.0,5777.0,0.0,0.532,0.001
Jupiter,317.8,0.1,0.9993078986330548,0.0,122.1981111382211,0.0,5.2,0.0,1.0,0.0,1.0,0.0,5777.0,0.0,11.21,0.001
Saturn,95.2,0.1,0.9993078986330548,0.0,90.03877461368754,0.0,9.58,0.0,1.0,0.0,1.0,0.0,5777.0,0.0,9.45,0.001
Uranus,14.5,0.1,0.9993078986330548,0.0,63.591642667926635,0.0,19.2,0.0,1.0,0.0,1.0,0.0,5777.0,0.0,4.01,0.001
Neptune,17.1,0.1,0.9993078986330548,0.0,50.81828403741417,0.0,30.05,0.0,1.0,0.0,1.0,0.0,5777.0,0.0,3.88,0.001
