name,mass_x,semi_major_axis_x,temp_eq_x,star_luminosity_x,star_radius_x,star_teff_x,star_mass_x,radius_x,mass_y,semi_major_axis_y,temp_eq_y,star_luminosity_y,star_radius_y,star_teff_y,star_mass_y,radius_y
109 Psc b,1825.2885390732174,2.051,252.61281284756896,2.8291026129550265,1.79,5600.0,1.13,12.912745802041359,,,,,,,,
51 Peg b,149.37935109949714,0.052,1320.4122113030705,1.364871657649329,1.176,5758.0,1.03,21.297063388783492,,,,,,,,
55 Cnc Ae,8.59090183025406,0.015439,1999.5797904850854,0.6325288193995567,0.963,5250.0,0.9,1.9469999529640487,,,,,,,,
AF Lep b,1191.8565247300305,8.98,110.28584771658863,1.9808539413179944,1.25,6130.0,1.2,14.571674950220284,,,,,,,,
BD-14 3065 Ab,3931.5373895761268,0.0656,2002.7578095616368,11.468645163809168,2.35,6935.0,1.41,21.633332810711654,,,,,,,,
BD+20 594 b,22.247988461627237,0.241,588.587849262069,1.1575415607400137,1.08,5766.0,1.67,2.5780655681158966,,,,,,,,
CoRoT-10 b,874.0281181353557,0.1055,697.8434381163298,0.3716968655234962,0.79,5075.0,0.89,10.87271130901052,,,,,,,,
CoRoT-11 b,740.5401873655923,0.04351,1710.0268194305888,2.688110963590311,1.36,6343.0,1.27,16.02884244524231,,,,,,,,
CoRoT-12 b,291.4486488473168,0.04016,1443.4477508492898,1.1597980721024648,1.116,5675.0,1.078,16.1409322525517,,,,,,,,
CoRoT-13 b,415.7195558258346,0.051,1275.7358371548687,1.1440386931632756,1.01,5945.0,1.09,9.919947946880733,,,,,,,,
CoRoT-14 b,2415.495890119528,0.027,1948.1454357862074,1.7436943815939678,1.21,6035.0,1.13,12.217788996723163,,,,,,,,
CoRoT-15 b,20150.32097810238,0.045,1744.123340917577,3.1116528743492458,1.46,6350.0,1.32,12.554058418651323,,,,,,,,
CoRoT-16 b,170.03819752815102,0.0618,1212.8865590934615,1.2956217913573758,1.19,5650.0,1.098,13.114507455198256,,,,,,,,
CoRoT-17 b,772.3230280250598,0.0461,1625.5236394836845,2.4639525953687893,1.59,5740.0,1.04,11.433160345557454,,,,,,,,
CoRoT-18 b,1102.8645708835215,0.0295,1528.515129062783,0.7862961127464989,1.0,5440.0,0.95,14.683764757529673,,,,,,,,
CoRoT-19 b,352.78953132008905,0.0518,1657.8595482667868,3.3622313153366017,1.65,6090.0,1.21,14.459585142910898,,,,,,,,
CoRoT-1 b,327.36325879251507,0.0254,2007.6157088081927,1.7403921374177544,1.11,6298.0,0.95,16.701381289098634,,,,,,,,
CoRoT-20 b,1347.5924439614212,0.0902,949.5260331731573,0.9083965765359583,0.92,5880.0,1.14,9.415543813988492,,,,,,,,
CoRoT-21 b,718.292198903965,0.0417,2044.4395107305054,5.044597386488976,1.95,6200.0,1.29,14.571674950220284,,,,,,,,
CoRoT-22 b,19.069704395680485,0.092,1007.0816889579663,1.4414530243561663,1.136,5939.0,1.099,4.8803902102507015,,,,,,,,
CoRoT-23 b,889.9195384650893,0.0477,1658.2381351014633,2.8200079227811132,1.61,5900.0,1.14,12.105699189413777,,,,,,,,
CoRoT-24 b,5.720911318704146,0.056,935.3921241014941,0.39866510899786817,0.86,4950.0,0.91,3.698963641209765,,,,,,,,
CoRoT-24 c,27.96889978033138,0.098,707.0899824860057,0.39866510899786817,0.86,4950.0,0.91,4.931951521613019,,,,,,,,
CoRoT-26 b,165.2707714292309,0.0526,1572.456894809942,2.8089488009773613,1.79,5590.0,1.09,14.123315720982738,,,,,,,,
CoRoT-27 b,3302.2371445186714,0.0476,1355.8871926373502,1.2689546086693761,1.08,5900.0,1.05,11.287443596055251,,,,,,,,
CoRoT-29 b,270.15414560547356,0.039,1219.4787879379292,0.5566965441724361,0.9,5260.0,0.976,10.088082657844813,,,,,,,,
CoRoT-2 Ab,1052.0120258283737,0.0281,1540.3809782555109,0.7382144914962502,0.938,5529.0,0.972,16.421156770825167,,,,,,,,
CoRoT-30 b,921.7023791245568,0.0844,896.1936491624542,0.7630254773150817,0.91,5660.0,0.98,11.309861557517127,,,,,,,,
CoRoT-31 b,266.9758615395268,0.0586,1568.5549027943464,3.4511560130554706,2.15,5370.0,1.25,16.365111867170473,,,,,,,,
CoRoT-33 b,18815.441670404747,0.0579,1015.8062877931657,0.5912775859720677,0.94,5225.0,0.86,12.32987880403255,,,,,,,,
CoRoT-35 b,349.6112472541423,0.0429,1910.9418954573407,4.075321267299121,1.65,6390.0,1.01,18.831087627976984,,,,,,,,
CoRoT-36 b,216.12331648437888,0.066,1557.3928920760056,4.255376222971783,1.52,6730.0,1.32,15.804662830623538,,,,,,,,
CoRoT-3 b,6884.163286840656,0.057,1635.6945406349528,3.8620319875558335,1.525,6558.0,1.36,13.338687069817029,,,,,,,,
CoRoT-4 b,228.83645274816584,0.09,1066.9685351770506,1.743206379585982,1.15,6190.0,1.1,13.338687069817029,,,,,,,,
CoRoT-5 b,148.42586587971314,0.04947,1441.7037758532085,1.7485548008600942,1.186,6100.0,1.0,14.907944372148446,,,,,,,,
CoRoT-6 b,940.7720835202374,0.0855,1018.063967030447,1.2975001930855894,1.025,6090.0,1.055,13.069671532274501,,,,,,,,
CoRoT-7 Ab,6.060987713760448,0.0172,1825.3911042573936,0.541487329347578,0.87,5313.0,0.93,1.5244213794076606,,,,,,,,
CoRoT-8 b,68.58737014313081,0.063,856.3910067370681,0.35450864420013295,0.77,5080.0,0.88,6.380151832050298,,,,,,,,
CoRoT-9 Ab,266.9758615395268,0.407,413.1344594378094,0.7942118162068039,0.94,5625.0,0.99,10.53644188708236,,,,,,,,
G 9-40 b,4.131769285730772,0.0418,439.65442966189937,0.010840659778002207,0.31,3348.0,0.29,1.905526724259576,,,,,,,,
GJ 1132 b,1.6590642824242023,0.0154,578.1038515141057,0.004398678610340738,0.207,3270.0,0.181,1.1601295056521534,,,,,,,,
GJ 1214 b,8.171368333549088,0.01411,576.3346989035267,0.0035121554265828735,0.216,3026.0,0.15,2.7420529562095295,,,,,,,,
GJ 1245 Ab,10647.251620921605,1.93,40.88413397781146,0.0016289441605643626,0.1641,2865.0,0.135,9.751813235916652,,,,,,,,
GJ 143 b,22.69294823085978,0.1932,436.8804276672897,0.22177274514791068,0.73,4640.0,0.76,2.610571612235619,,,,,,,,
GJ 3090 b,3.340376553310032,0.03165,695.2180853610845,0.038224071280474205,0.516,3556.0,0.519,2.1297063388783495,,,,,,,,
GJ 3470 b,13.889101368187289,0.03557,646.9375416028054,0.036795616180762186,0.48,3652.0,0.51,4.351998858594252,,,,,,,,
GJ 3473 Ab,1.8592961785788475,0.01589,772.463119105527,0.01492849910970128,0.364,3347.0,0.36,1.264036757027955,,,,,,,,
GJ 357 b,2.0868613177006345,0.033,540.2556940344158,0.015388717275744018,0.337,3505.0,0.342,1.166966983898026,,,,,,,,
GJ 436 b,18.54846580886522,0.02887,715.501072810074,0.035604507031252466,0.464,3684.0,0.452,3.645048443893949,,,,,,,,
GJ 486 b,2.819137966494765,0.01734,700.6934001419842,0.012020542948895135,0.328,3340.0,0.323,1.3050616265031907,,,,,,,,
GJ 777 Ad,11.505388318727228,0.3886,464.0886792497766,1.161275101670956,1.168,5549.0,0.98,2.0176165315689625,,,,,,,,
GJ 7 b,3.1687492137489075,0.0675,450.6465165340091,0.03085086466580357,0.44,3650.0,0.467,1.359649362662862,,,,,,,,
GJ 9827 b,4.869131189030417,0.01866,1211.9020966449475,0.1247242108166258,0.651,4255.0,0.659,1.5290170615073455,,,,,,,,
GJ 9827 d,3.4198336549587007,0.0555,702.711182966414,0.1247242108166258,0.651,4255.0,0.659,1.9549583292830155,,,,,,,,
Gliese 12 b,0.7087573467061249,0.066,317.70889488499427,0.007274972281810494,0.269,3253.0,0.241,0.9040042959502046,,,,,,,,
GPX-1 b,6261.219609915093,0.0338,2293.164906280329,5.2460434900603365,1.56,7000.0,1.68,16.47720167447986,,,,,,,,
HAT-P-10 Ab,146.2010670335504,0.0439,1031.5086872456918,0.3623080124978502,0.81,4980.0,0.82,11.713384863830921,,,,,,,,
HAT-P-11 b,23.392170725368064,0.053,834.9998133452129,0.21864700038690793,0.683,4780.0,0.809,4.3602935043351465,,,,,,,,
HAT-P-12 b,66.89966460414915,0.0384,957.3476124732213,0.2056830110430509,0.7,4650.0,0.73,10.637322713660808,,,,,,,,
HAT-P-13 b,286.0455659352073,0.045,1600.7568138820268,2.20769977144905,1.56,5638.0,1.22,16.1409322525517,,,,,,,,
HAT-P-14 Ab,776.7726257173852,0.0606,1568.1807259800955,3.6712873947608267,1.468,6600.0,1.386,11.321070538248067,,,,,,,,
HAT-P-15 b,618.4940792332371,0.0964,902.8214891205928,1.0065490591192883,1.08,5568.0,1.013,12.016027343566266,,,,,,,,
HAT-P-16 Ab,1332.6545088514713,0.0413,1625.373623326,1.9755529179612539,1.237,6158.0,1.218,14.448376162179958,,,,,,,,
HAT-P-17 b,181.4800201655593,0.0828,817.2055240364258,0.47638117451979595,0.837,5246.0,0.857,10.984801116319908,,,,,,,,
HAT-P-18 Ab,58.16259840682549,0.0559,842.2273730188438,0.25962390988943745,0.717,4870.0,0.77,10.61490475219893,,,,,,,,
HAT-P-19 b,92.80589472564503,0.0466,1009.9318144940162,0.37430050847988555,0.82,4990.0,0.842,12.688566187422586,,,,,,,,
HAT-P-1 Bb,166.85991346220428,0.05561,1325.6727367025906,1.5824553304997662,1.174,5980.0,1.151,14.78464558410812,,,,,,,,
HAT-P-20 Ab,2302.984634185014,0.0361,971.5321205937297,0.1927753647974485,0.694,4595.0,0.756,9.718186293723836,,,,,,,,
HAT-P-21 b,1291.3368159941635,0.0494,1282.9372098009749,1.068908856967766,1.105,5588.0,0.947,11.47799626848121,,,,,,,,
HAT-P-22 Ab,682.3775889587668,0.0414,1281.4551757237089,0.7673899407923231,1.04,5302.0,0.916,12.105699189413777,,,,,,,,
HAT-P-23 Ab,664.2613697828702,0.0232,2133.1069448277494,1.840052226476795,1.29,5924.0,1.13,15.333885639924116,,,,,,,,
HAT-P-24 Ab,217.71245851735225,0.0465,1636.3939660799128,2.568844132006631,1.317,6373.0,1.191,13.921554067825841,,,,,,,,
HAT-P-25 b,180.20870653918058,0.0466,1203.2834702030334,0.7555766046548483,0.959,5500.0,1.01,13.338687069817029,,,,,,,,
HAT-P-26 b,18.592961785788475,0.0479,995.2863788753572,0.37098454379643336,0.788,5079.0,0.816,6.389119016635047,,,,,,,,
HAT-P-27 Ab,209.76674835248537,0.0403,1207.3303064627416,0.5712769239038189,0.898,5300.0,0.945,11.825474671140308,,,,,,,,
HAT-P-28 b,198.96058252826643,0.0434,1381.2297022673704,1.1369330662231671,1.103,5680.0,1.025,13.58528464589768,,,,,,,,
HAT-P-29 b,247.270500330657,0.0667,1258.7994782266749,1.8465733882381128,1.224,6087.0,1.207,12.408341669149118,,,,,,,,
HAT-P-2 b,2777.820273637458,0.0674,1537.0349358216754,3.6036930639672353,1.54,6414.0,1.34,10.659740675122684,,,,,,,,
HAT-P-30 Ab,229.78993796794987,0.0412,1712.6044562814961,2.4233373788172274,1.33,6250.0,1.18,15.804662830623538,,,,,,,,
HAT-P-31 b,690.0054707170389,0.055,1465.5906125729798,2.2469404747930186,1.36,6065.0,1.218,11.993609382104388,,,,,,,,
HAT-P-32 Ab,238.3713049460061,0.03427,1841.3795007788945,2.2399481168952726,1.387,6001.0,1.176,20.0528665276493,,,,,,,,
HAT-P-33 Ab,242.50307423173686,0.0503,1839.6837026027247,4.759449183464627,1.777,6401.0,1.403,20.47880779542497,,,,,,,,
HAT-P-34 b,1156.8954000046162,0.0861,1323.337200475669,3.3883137678562822,1.45,6509.0,1.36,12.800655994731972,,,,,,,,
HAT-P-35 Ab,334.99114055078724,0.0498,1578.0598674338455,2.5531372695766907,1.435,6096.0,1.236,14.930362333610324,,,,,,,,
HAT-P-36 b,582.2616408814442,0.0238,1826.838637724331,1.0455587331782659,1.096,5580.0,1.022,14.168151643906493,,,,,,,,
HAT-P-37 b,371.5414073091748,0.0379,1276.3186275603807,0.6318885334823474,0.877,5500.0,0.929,13.204179301045764,,,,,,,,
HAT-P-38 b,84.86018456077818,0.0523,1080.3258177483306,0.6173092263200693,0.923,5330.0,0.886,9.247409103024411,,,,,,,,
HAT-P-3 Ab,187.83658829745278,0.03866,1145.193649132304,0.42687110816650575,0.799,5224.0,0.917,9.269827064486288,,,,,,,,
HAT-P-42 b,309.88269642980794,0.0575,1427.5780734151144,2.2803027102813953,1.528,5743.0,1.179,14.313868393408693,,,,,,,,
HAT-P-43 b,209.76674835248537,0.0443,1358.876279478131,1.1111801168782398,1.104,5645.0,1.048,14.381122277794326,,,,,,,,
HAT-P-44 Bb,124.58873538511253,0.0507,1122.7130824496533,0.6764251883004899,0.979,5295.0,0.939,14.347495335601511,,,,,,,,
HAT-P-45 Ab,283.5029386824499,0.0452,1649.3798612375165,2.507811912388958,1.319,6330.0,1.259,15.984006522318557,,,,,,,,
HAT-P-46 b,156.68940445117468,0.0577,1802.312772378223,5.789209702664391,1.395,7587.0,1.763,14.392331258525266,,,,,,,,
HAT-P-47 b,65.472651758503,0.0615,1604.2471475039508,4.159993701582818,1.515,6703.0,1.387,14.717391699722487,,,,,,,,
HAT-P-48 b,53.39517230790537,0.0543,1360.7286108599596,1.6785839389812378,1.223,5946.0,1.099,12.677357206691648,,,,,,,,
HAT-P-49 b,549.8431434087873,0.0412,2193.5639339811705,6.526088491652299,1.833,6820.0,1.543,16.23060409839921,,,,,,,,
HAT-P-4 b,216.12331648437888,0.0446,1695.8198926790049,2.731781487569535,1.59,5890.0,1.26,14.235405528292125,,,,,,,,
HAT-P-50 b,432.24663296875775,0.0453,1857.1005398697368,4.02628466148704,1.698,6280.0,1.273,14.437167181449022,,,,,,,,
HAT-P-51 Ab,98.20897763775451,0.05069,1193.0040174650965,0.8577470250850494,1.041,5449.0,0.976,14.493212085103714,,,,,,,,
HAT-P-52 b,260.30146500103865,0.03694,1216.8376776979255,0.4962511271896133,0.893,5131.0,0.887,11.309861557517127,,,,,,,,
HAT-P-53 b,472.61084060628144,0.03159,1780.7787150099364,1.651436533260579,1.209,5956.0,1.093,14.773436603377181,,,,,,,,
HAT-P-54 b,241.54958901195283,0.04117,820.0645869918741,0.12694597598106502,0.617,4390.0,0.645,10.581277810006114,,,,,,,,
HAT-P-55 b,184.97613263810072,0.04604,1315.6093955920996,1.044237467587133,1.011,5808.0,1.013,13.24901522396952,,,,,,,,
HAT-P-56 b,734.1836192336988,0.0423,1881.0982802381304,3.606024830717534,1.47,6566.0,1.42,16.925560903717408,,,,,,,,
HAT-P-57 Ab,587.9825522001483,0.0406,2198.250466304266,6.391725295160639,1.5,7500.0,1.47,15.838289772816356,,,,,,,,
HAT-P-58 b,118.23216725321902,0.04994,1584.0640441116925,2.600669040093826,1.53,5931.0,1.031,14.930362333610324,,,,,,,,
HAT-P-59 b,489.4557461557992,0.05064,1276.2244488416234,1.1291651164094576,1.1,5678.0,1.0,12.587685360844139,,,,,,,,
HAT-P-5 b,336.8981109903553,0.04079,1517.3401063458346,1.4645240170650213,1.137,5960.0,1.163,14.033643875135228,,,,,,,,
HAT-P-60 b,182.43350538534332,0.06277,1786.51760174499,6.453219417348848,2.197,6212.0,1.435,18.281847572160988,,,,,,,,
HAT-P-62 b,241.86741741854752,0.03772,1513.6213188731035,1.2339206944385739,1.17,5629.0,1.023,12.027236324297204,,,,,,,,
HAT-P-63 b,195.14664164913032,0.04294,1235.8511196626162,0.7125407939348264,0.9661,5400.0,0.925,12.542849437920383,,,,,,,,
HAT-P-65 b,167.49557027539362,0.03951,1953.4258991336862,3.6006413097997845,1.86,5835.0,1.212,21.184973581474104,,,,,,,,
HAT-P-66 b,248.85964236363037,0.04363,1900.3389950774538,4.122418565196399,1.881,6002.0,1.255,17.822279362192504,,,,,,,,
HAT-P-67 Ab,143.02278296760366,0.06505,1988.938100945992,10.674674683390888,2.648,6417.0,1.292,23.987218764208777,,,,,,,,
HAT-P-68 b,230.10776637454455,0.02996,1028.1939283253134,0.16644692058371804,0.67,4508.0,0.6785,12.016027343566266,,,,,,,,
HAT-P-69 b,1137.8256956089358,0.06555,1980.8157466991513,10.984468553275567,1.854,7724.0,1.698,18.78625170505323,,,,,,,,
HAT-P-6 b,352.78953132008905,0.0494,1722.3111803636318,3.5658060676115184,1.46,6570.0,1.29,14.291450431946817,,,,,,,,
HAT-P-70 b,2154.876596711895,0.04739,2551.3468690840737,15.801880928626714,1.858,8450.0,1.89,20.960793966855334,,,,,,,,
HAT-P-7 Ab,568.9128478044679,0.039,2251.728950141284,6.493083661299557,1.993,6532.23,1.347,16.925560903717408,,,,,,,,
HAT-P-8 Ab,429.068348902811,0.0473,1697.946367002467,3.0879872059208138,1.431,6401.79,1.285,15.916752637932925,,,,,,,,
HAT-P-9 b,212.94503241843213,0.053,1528.1150532470772,2.5435090862573313,1.32,6350.0,1.28,15.692573023314152,,,,,,,,
HATS-10 b,167.17774186879893,0.0449,1458.0953819820022,1.3104618736588118,1.105,5880.0,1.1,10.861502328279581,,,,,,,,
HATS-11 b,270.15414560547356,0.0507,1543.7749625044705,2.2799934354802023,1.462,5871.0,1.06,18.03524999608034,,,,,,,,
HATS-12 b,756.431607695326,0.0441,1580.3482190842617,2.007109650273585,1.17,6357.0,1.16,7.7566146658095665,,,,,,,,
HATS-13 b,172.58082478090842,0.04057,1250.4192894305243,0.657261119782606,0.887,5523.0,0.962,13.58528464589768,,,,,,,,
HATS-14 b,340.39422346289666,0.03815,1278.0905654467049,0.638365833904195,0.933,5346.0,0.967,11.646130979445289,,,,,,,,
HATS-15 b,689.6876423104443,0.02712,1493.2420703719524,0.6072360934136176,0.922,5311.0,0.871,12.385923707687242,,,,,,,,
HATS-16 b,1039.2988895645865,0.03744,1591.0588516052037,1.491674257041176,1.238,5738.0,0.97,14.571674950220284,,,,,,,,
HATS-17 b,425.2544080236749,0.1308,814.2284753970915,1.2481744118424498,1.091,5846.0,1.131,8.709378027939355,,,,,,,,
HATS-18 b,629.3002450574561,0.01761,2062.332365998068,0.9186349859612402,1.02,5600.0,1.037,14.986407237265016,,,,,,,,
HATS-19 b,135.71272961592612,0.0589,1563.6068896720776,3.284875589117079,1.74,5896.0,1.303,18.606908013358208,,,,,,,,
HATS-1 Ab,589.5716942331218,0.0444,1371.0901281118656,1.1485175658720415,1.038,5870.0,0.986,14.594092911682162,,,,,,,,
HATS-20 b,86.76715500034622,0.04619,1187.5041261794765,0.610132843934004,0.892,5406.0,0.91,8.698169047208417,,,,,,,,
HATS-21 b,105.51903098943204,0.04676,1283.224509569686,0.9845027365870295,1.021,5695.0,1.08,12.587685360844139,,,,,,,,
HATS-22 b,870.849834069409,0.05025,858.2767104766639,0.22681894193076965,0.689,4803.0,0.759,10.682158636584562,,,,,,,,
HATS-23 b,467.2077576941719,0.03397,1658.5672679422557,1.4405895155793411,1.199,5780.0,1.121,20.848704159545946,,,,,,,,
HATS-24 b,775.5013120910064,0.02547,2091.237168744413,2.000073815756553,1.172,6346.0,1.212,16.66775434690582,,,,,,,,
HATS-25 b,194.82881324253563,0.05163,1277.30412219425,1.1736827198825288,1.107,5715.0,0.994,14.123315720982738,,,,,,,,
HATS-26 b,206.58846428653862,0.04735,1925.1416994812764,5.075651510334649,2.04,6071.0,1.299,19.615716279142692,,,,,,,,
HATS-27 b,168.44905549517765,0.0611,1674.9709600319502,4.669742312222827,1.74,6438.0,1.415,16.813471096408023,,,,,,,,
HATS-28 b,213.58068923162148,0.04131,1254.1010169927347,0.697382931807779,0.922,5498.0,0.929,13.383522992740785,,,,,,,,
HATS-29 b,207.54194950632265,0.05475,1211.3343188452075,1.0683712912016066,1.073,5670.0,1.032,14.022434894404288,,,,,,,,
HATS-2 b,427.4792068698376,0.023,1574.9256212131547,0.5404471158890692,0.898,5227.0,0.882,13.092089493736378,,,,,,,,
HATS-30 Ab,224.38685505584039,0.04354,1415.069364431553,1.2607942475926914,1.061,5943.0,1.093,13.17055235885295,,,,,,,,
HATS-31 b,279.68899780331384,0.0478,1837.4931230059328,4.20625154914776,1.87,6050.0,1.275,18.382728398739435,,,,,,,,
HATS-32 b,292.4021340671008,0.04024,1480.8086347356686,1.1405207937962587,1.097,5700.0,1.099,14.000016932942414,,,,,,,,
HATS-33 b,378.85146066085235,0.03727,1430.1029266938372,0.961725424098609,1.022,5659.0,1.062,13.787046299054577,,,,,,,,
HATS-34 b,299.07653060558897,0.03166,1443.3549835705912,0.7223900972227152,0.98,5380.0,0.955,16.02884244524231,,,,,,,,
HATS-35 b,388.3863128586926,0.03199,2033.245512387794,2.9043242994315137,1.433,6300.0,1.317,16.40994779009423,,,,,,,,
HATS-36 b,886.7412543991427,0.0523,1330.7711878904036,1.3615818796826937,1.1,5950.0,1.1,12.923954782772299,,,,,,,,
HATS-37 Ab,31.465012252872807,0.04913,1102.4031017341263,0.5556411032818177,0.877,5326.0,0.843,6.79264232294884,,,,,,,,
HATS-38 b,23.519302088005933,0.05036,1297.154887154837,1.1834224745724602,1.105,5732.0,0.89,6.882314168796349,,,,,,,,
HATS-39 b,200.2318961546451,0.06,1663.4728265562742,4.400953486876442,1.621,6572.0,1.379,17.59809974757373,,,,,,,,
HATS-40 b,505.34716648553297,0.04997,2121.9007998634374,7.986150313178959,2.26,6460.0,1.56,17.710189554883115,,,,,,,,
HATS-41 b,3082.9355439683454,0.0583,1710.6799328861805,4.471002160202719,1.71,6424.0,1.496,14.907944372148446,,,,,,,,
HATS-42 b,597.5174043979886,0.03689,1863.40248129538,2.6521889255473625,1.48,6060.0,1.273,15.692573023314152,,,,,,,,
HATS-43 b,82.95321412121012,0.04944,1000.2456081403706,0.40016825750983526,0.812,5099.0,0.837,13.226597262507642,,,,,,,,
HATS-44 b,177.9839076930179,0.03649,1192.2053254437687,0.42895545948216085,0.847,5080.0,0.86,11.959982439911572,,,,,,,,
HATS-45 b,222.47988461627233,0.05511,1530.5984658062473,2.6870818409795936,1.315,6450.0,1.272,14.414749219987144,,,,,,,,
HATS-46 b,54.98431434087873,0.05367,1107.0038325309795,0.5956064321676114,0.853,5495.0,0.917,10.12170960003763,,,,,,,,
HATS-47 Ab,117.27868203343499,0.04269,853.9759318780035,0.1603260299313206,0.6564,4512.0,0.674,12.520431476458507,,,,,,,,
HATS-48 Ab,77.23230280250597,0.03769,958.091848206756,0.19613868847449556,0.7152,4546.0,0.7279,8.967184584750944,,,,,,,,
HATS-49 b,112.19342752792019,0.04515,835.5242257425288,0.16455520609467797,0.6977,4405.0,0.7133,8.57487025916809,,,,,,,,
HATS-4 b,420.48698192475473,0.0362,1317.0250085463042,0.6546570745921085,0.925,5403.0,1.001,11.433160345557454,,,,,,,,
HATS-50 b,123.95307857192317,0.05046,1412.602639180115,1.4421291839304546,1.117,5990.0,1.168,12.666148225960708,,,,,,,,
HATS-51 b,244.09221626471023,0.04639,1569.3984259647482,2.046454796975254,1.44,5758.0,1.187,15.804662830623538,,,,,,,,
HATS-52 b,711.9356307720716,0.02498,1890.0192240135252,1.281597899389418,1.046,6010.0,1.111,15.490811370157255,,,,,,,,
HATS-53 b,189.1079019238315,0.04753,1328.2870326388875,1.102361204026573,1.1,5644.0,0.964,15.020034179457832,,,,,,,,
HATS-54 b,239.32479016579012,0.037,1565.911987999309,1.3559856510651982,1.23,5621.0,1.05,11.37711544190276,,,,,,,,
HATS-55 Ab,292.7199624736955,0.05412,1368.2211112501009,1.697275360367066,1.126,6214.0,1.1955,14.022434894404288,,,,,,,,
HATS-56 b,191.3327007699942,0.06043,1902.1671033212772,7.937409544004471,2.201,6536.0,1.573,18.920759473824493,,,,,,,,
HATS-57 Ab,1000.2059955534415,0.03493,1412.507851141495,0.8062090730017437,0.96,5587.0,1.026,12.666148225960708,,,,,,,,
HATS-59 b,256.1696957153079,0.06112,1128.0167524846925,0.9959608707515573,1.036,5670.0,1.038,12.621312303036953,,,,,,,,
HATS-5 b,75.32533236293793,0.0542,1025.3351562518617,0.5390647098377845,0.871,5304.0,0.936,10.222590426616078,,,,,,,,
HATS-60 b,210.4024051656747,0.04708,1535.045417970453,2.0060664142573152,1.46,5690.0,1.1,12.923954782772299,,,,,,,,
HATS-61 b,1080.6165824218942,0.07908,1228.0536965611266,2.3518755115707,1.667,5541.0,1.075,13.394731973471725,,,,,,,,
HATS-62 Ab,56.89128478044678,0.04163,1248.472600952331,0.6674091025988433,0.923,5435.0,0.911,11.825474671140308,,,,,,,,
HATS-63 b,305.11527033088777,0.04026,1401.8499161259374,1.029809743387443,1.07,5626.0,0.931,13.529239742242988,,,,,,,,
HATS-64 b,305.11527033088777,0.06562,1800.2005745189467,7.423434508816378,2.113,6560.0,1.562,18.819878647246046,,,,,,,,
HATS-65 Ab,260.93712181422796,0.04497,1625.422885974743,2.3395496840741834,1.296,6276.0,1.269,16.824680077138957,,,,,,,,
HATS-66 b,1694.0254071496167,0.04714,1997.1151346312693,5.858111651351728,1.851,6606.0,1.406,15.815871811354478,,,,,,,,
HATS-67 b,460.8511895622784,0.03032,2195.83363081174,3.5432908426105265,1.44,6605.0,1.44,18.88713253163168,,,,,,,,
HATS-68 b,409.9986445071305,0.05071,1743.8701167712707,3.9465671506056,1.769,6122.0,1.337,13.810585158589548,,,,,,,,
HATS-69 b,183.38699060512735,0.03211,1347.5060923623353,0.4825166727074725,0.8785,5137.0,0.892,10.592486790737052,,,,,,,,
HATS-70 b,4099.986445071305,0.03632,2762.4886820543866,12.548706958496647,1.88,7930.0,1.78,15.513229331619133,,,,,,,,
HATS-72 b,39.855682186972224,0.066517,739.4120337850044,0.2195998314728214,0.7214,4656.1,0.7311,8.097367680030104,,,,,,,,
HATS-74 Ab,464.02947362822516,0.02384,895.2754797255503,0.060572541482521926,0.5758,3776.9,0.6,11.567668114328718,,,,,,,,
HATS-75 b,156.0537476379853,0.032742,772.8447062851706,0.06337900710425523,0.5848,3790.4,0.6017,9.908738966149794,,,,,,,,
HATS-76 b,835.5708809374,0.02658,940.2552366821787,0.09151957882114908,0.626,4016.0,0.662,12.094490208682837,,,,,,,,
HATS-77 b,436.6962306610832,0.03607,829.0426202201144,0.10195696172618243,0.643,4071.0,0.655,13.058462551543563,,,,,,,,
HATS-7 b,38.13940879136097,0.04012,1083.419885842488,0.3682700475658491,0.815,4985.0,0.849,6.310656151518477,,,,,,,,
HATS-8 b,43.860320110065125,0.04667,1346.9991811232303,1.1013811899689128,1.086,5679.0,1.056,9.785440178109468,,,,,,,,
HATS-9 b,266.65803313293213,0.0312,1913.1091787171026,2.1472449821600494,1.56,5599.0,1.1,13.854300183440209,,,,,,,,
HD 106315 b,10.488337417624269,0.0907,1156.3005541614314,2.431468078348727,1.3,6327.0,1.09,2.3987218764208778,,,,,,,,
HD 106315 c,12.077479450597641,0.1536,893.1006314333902,2.431468078348727,1.3,6327.0,1.09,4.380469669650836,,,,,,,,
HD 114082 b,2542.6272527573983,0.5109,559.4409216885269,3.900415359604692,1.49,6651.0,1.47,11.20898073093868,,,,,,,,
HD 118203 b,689.6876423104443,0.07082,1521.1778205265603,4.239838506859478,1.993,5872.0,1.353,12.778238033270094,,,,,,,,
HD 1397 b,131.89878873679004,0.1097,1238.0041926230429,4.543898474471736,2.328,5528.0,1.322,11.500414229943086,,,,,,,,
HD 149026 b,88.99195384650895,0.041,1791.1198955370344,2.872678228749326,1.497,6147.0,1.3,8.294645740894623,,,,,,,,
HD 152843 b,9.82089776377545,0.1049,1123.7195181668096,2.9105833574187403,1.43,6310.0,1.15,3.049963656888415,,,,,,,,
HD 17156 b,1015.4617590699859,0.1623,964.6344656820443,2.7881862840540403,1.508,6079.0,1.275,12.273833900377856,,,,,,,,
HD 183579 b,9.598417879159179,0.1334,766.186000564951,0.977635764024033,0.985,5788.0,1.031,3.5297080321725907,,,,,,,,
HD 189733 Ab,361.68872670473985,0.031,1197.9122638994052,0.32860999644485456,0.805,4875.0,0.8,12.755820071808218,,,,,,,,
HD 190622 b,7.69144743959113,0.1236,916.9733124094238,1.790866442673231,1.205,6088.0,1.044,3.087065383107822,,,,,,,,
HD 191939 b,9.852680604434918,0.078,910.8811658190328,0.6954940728145752,0.945,5427.0,0.81,3.39632116147442,,,,,,,,
HD 191939 c,7.2147048296991185,0.17,616.9991460715778,0.6954940728145752,0.945,5427.0,0.81,3.080227904861949,,,,,,,,
HD 191939 d,5.784477000023082,0.207,559.1442342549708,0.6954940728145752,0.945,5427.0,0.81,3.03987557423057,,,,,,,,
HD 202772 Ab,320.3710338474322,0.0519,2132.605423746377,9.241742909221742,2.614,6230.0,1.703,17.50842790172622,,,,,,,,
HD 20329 b,7.421293293985656,0.018,2138.030876629065,1.1242379467512895,1.13,5596.0,0.9,1.7194576441259937,,,,,,,,
HD 207496 Ab,6.102305406617756,0.0629,818.0476318085856,0.2863326776734929,0.769,4819.0,0.8,2.249642432699393,,,,,,,,
HD 207897 b,15.89142032973374,0.1164,632.7602649998727,0.3602797787516991,0.779,5071.0,0.801,2.5049830137501763,,,,,,,,
HD 209458 b,219.3016005503256,0.04747,1478.8360899029526,1.7896222193219866,1.203,6092.0,1.148,15.468393408695379,,,,,,,,
HD 213885 Ab,8.829273135200065,0.02012,2132.401011311088,1.3899168201475565,1.101,5978.0,1.068,1.745014120192534,,,,,,,,
HD 214823 Ab,5914.786646726898,3.08,233.60014017952187,4.629651047844861,2.04,5933.0,1.31,12.128117150875653,,,,,,,,
HD 21520 b,7.9139273242074015,0.1726,696.2660698707258,1.1626255121039661,1.044,5871.0,1.09,2.696992853671156,,,,,,,,
HD 219134 b,4.268435500566482,0.037,1039.0290242358392,0.26495462440402046,0.778,4699.0,0.794,1.5020034179457833,,,,,,,,
HD 219134 c,3.960141946169648,0.062,802.6619883596784,0.26495462440402046,0.778,4699.0,0.794,1.415021727473699,,,,,,,,
HD 219666 b,16.590642824242025,0.06356,1072.8757533635005,0.8888384586283544,1.03,5527.0,0.92,4.710013703140434,,,,,,,,
HD 221416 b,60.514528615626084,0.1228,1201.2010149843193,5.178761410136207,2.943,5080.0,1.212,9.370707891064736,,,,,,,,
HD 22946 b,2.60937121814228,0.05727,1348.6422406216302,1.7874077985200003,1.157,6210.0,1.104,1.3620032486163591,,,,,,,,
HD 22946 c,6.610830857169235,0.1017,1013.3020974467842,1.7874077985200003,1.157,6210.0,1.104,2.327993208008655,,,,,,,,
HD 260655 b,2.1389851763821612,0.02933,709.6079705070119,0.036193024096895676,0.439,3803.0,0.439,1.2397132688418182,,,,,,,,
HD 260655 c,3.089292112100239,0.04749,557.6596802244017,0.036193024096895676,0.439,3803.0,0.439,1.5330522945704834,,,,,,,,
HD 2685 b,375.03751978171624,0.0568,1724.1765378081889,4.734574274739244,1.57,6801.0,1.44,16.1409322525517,,,,,,,,
HD 3167 c,9.789114923115983,0.1841,584.8560550674661,0.6346016143171981,0.87,5528.0,0.94,2.8582900863893634,,,,,,,,
HD 332231 b,77.55013120910064,0.1436,875.6955015310015,2.0125942175930427,1.277,6089.0,1.127,9.718186293723836,,,,,,,,
HD 33632 Ab,16431.728620944687,24.1,62.63793335879749,1.4786828996861245,1.1,6074.0,1.1,10.87271130901052,,,,,,,,
HD 4113 Ac,10742.600142900006,50.438,42.79555801371603,1.0792393277603538,1.084,5655.45,1.0,16.253022059861088,,,,,,,,
HD 5278 Ab,7.786795961569533,0.12,944.2677809234726,1.8949873190318538,1.194,6203.0,1.126,2.4502831877831954,,,,,,,,
HD 60779 b,14.715455225333443,0.192,711.3074609649153,1.5648705856389735,1.129,6081.0,1.05,3.2494835138991234,,,,,,,,
HD 63935 b,10.488337417624269,0.083,907.0739819222403,0.7744339141074613,0.959,5534.0,0.933,2.9905560590144398,,,,,,,,
HD 63935 c,11.09221139015415,0.148,679.2832387020175,0.7744339141074613,0.959,5534.0,0.933,2.9031260093131186,,,,,,,,
HD 73583 Ab,10.20229185168906,0.0604,746.8246874681898,0.1874124920867107,0.71,4511.0,0.66,2.7899153039306377,,,,,,,,
HD 73583 Ac,9.598417879159179,0.1233,522.5469652359832,0.1874124920867107,0.71,4511.0,0.66,2.7305077060566627,,,,,,,,
HD 80606 b,1323.4692679008854,0.4603,511.73429067142547,0.8755853092262174,0.98,5645.0,0.98,11.567668114328718,,,,,,,,
HD 83342 b,127.51275672578353,0.2652,773.9026749245583,3.675211176517805,1.61,6303.91,1.24,9.740604255185714,,,,,,,,
HD 88986   b,17.194516796771907,0.58,463.95084832873346,2.512573974733409,1.54,5861.0,1.25,2.489514620341481,,,,,,,,
HD 89345 b,34.10298802760861,0.105,1080.1146308495736,2.439929661894386,1.657,5609.0,1.12,7.196165629262633,,,,,,,,
HD 95338 b,39.42979212213535,0.231,487.38760266036496,0.4900101324532278,0.86,5212.0,0.76,3.9803090575563256,,,,,,,,
HD 97334 C,15160.414994565988,2.85,172.91187906313453,1.19892689578529,1.048,5905.0,1.07,11.62371301798341,,,,,,,,
HD 97658 b,7.80904395003116,0.08,753.1633138228095,0.34182074977178545,0.73,5170.0,0.85,2.2470643671312773,,,,,,,,
HD 984 b,19387.532802275164,28.0,71.69703694857607,2.2358372484678015,1.247,6326.0,1.2,17.93436916950189,,,,,,,,
HIP 113103 b,5.91160836266095,0.06899,782.4941564827469,0.29200212871877634,0.742,4930.0,0.761,1.8289693858672647,,,,,,,,
HIP 113103 c,8.390669934099414,0.10479,634.9130524032388,0.29200212871877634,0.742,4930.0,0.761,2.3998427744939717,,,,,,,,
HIP 116454 Ab,11.8232167253219,0.098,666.8681105296901,0.30870692936211636,0.716,5089.0,0.775,2.533229645192142,,,,,,,,
HIP 41378 f,12.077479450597641,1.37,291.85497964374895,2.261327317221397,1.306,6199.0,1.245,9.202573180100655,,,,,,,,
HIP 65 Ab,1021.1826703886901,0.01782,1410.9817410229962,0.2090057878773128,0.7242,4590.0,0.781,22.75423088380552,,,,,,,,
HIP 94235 Ab,11.187559912132553,0.0787,1084.7303048050321,1.3490725919901436,1.08,5991.0,1.094,3.2080102851946504,,,,,,,,
HIP 97166 b,20.023189615464513,0.089,770.7003371548751,0.4580872301710488,0.836,5198.0,0.898,2.7394748906414135,,,,,,,,
K2-106 b,7.786795961569533,0.01314,2339.1230951510734,0.8583420256520974,0.98,5617.0,0.97,1.6759667988899514,,,,,,,,
K2-106 c,5.720911318704146,0.1091,815.1291077359886,0.8583420256520974,0.98,5617.0,0.97,2.840355717219862,,,,,,,,
K2-108 b,59.43391203320419,0.0581,1492.1072843590628,2.7331139286402726,1.76,5599.0,1.17,5.335474827926812,,,,,,,,
K2-110 b,16.685991346220426,0.1027,628.0906305940111,0.2717240149348639,0.71,4950.0,0.75,2.5556476066540195,,,,,,,,
K2-111 b,5.288664685735388,0.057,1306.8572545650638,1.560337370566104,1.25,5775.0,0.84,1.8158548784120663,,,,,,,,
K2-113 b,406.82036044118377,0.0642,1199.4801286330523,1.416770889892126,1.24,5660.0,1.04,12.139326131606591,,,,,,,,
K2-114 b,587.9825522001483,0.0954,721.7284603075457,0.4100618942568046,0.84,5044.0,0.89,10.670949655853624,,,,,,,,
K2-115 b,266.9758615395268,0.1367,693.753437132932,0.7120337658327707,0.88,5657.0,0.95,12.498013514996629,,,,,,,,
K2-124 b,10.488337417624269,0.049,486.05378518117226,0.02218158666562481,0.39,3570.0,0.39,2.9031260093131186,,,,,,,,
K2-132 b,155.73591923139065,0.0916,1593.0054460161948,8.586997915972612,4.11,4878.0,1.19,14.571674950220284,,,,,,,,
K2-138 b,3.114718384627813,0.0338,1337.414325991873,0.5554828101093088,0.86,5378.0,0.93,1.5692573023314154,,,,,,,,
K2-138 c,6.293002450574561,0.04454,1152.672699962487,0.5554828101093088,0.86,5378.0,0.93,2.5220206644612033,,,,,,,,
K2-138 d,7.9139273242074015,0.05883,1007.6546448642481,0.5554828101093088,0.86,5378.0,0.93,2.656528433232467,,,,,,,,
K2-138 e,12.999181829722199,0.07807,872.0355521493614,0.5554828101093088,0.86,5378.0,0.93,3.295440334895972,,,,,,,,
K2-138 g,4.29068348902811,0.231,500.5951451595885,0.5554828101093088,0.86,5378.0,0.93,3.0129740204763173,,,,,,,,
K2-139 Ab,121.0926229125711,0.1796,558.5877573789862,0.5214775964961527,0.893,5195.0,0.882,9.112901334253147,,,,,,,,
K2-140 b,295.58041813304754,0.0687,1046.20210255422,0.9321450851526268,0.99,5705.0,1.0,12.251415938915978,,,,,,,,
K2-146 b,5.771763863759294,0.027,571.844629259264,0.012836691429142313,0.33,3385.0,0.33,2.0512434737617786,,,,,,,,
K2-146 c,7.4943938275024315,0.034,508.8803808982831,0.012836691429142313,0.33,3385.0,0.33,2.1857512425330428,,,,,,,,
K2-182 b,20.023189615464513,0.0526,971.4997061094887,0.40893266917364224,0.8,5165.0,0.88,2.690155375425283,,,,,,,,
K2-18 b,8.921443373112522,0.1429,283.80796992841,0.021555383871604376,0.41,3457.0,0.36,2.3650949342280616,,,,,,,,
K2-199 b,6.896876423104443,0.0382,945.6793616564796,0.19376388464701796,0.68,4648.0,0.73,1.7295457267838383,,,,,,,,
K2-199 c,12.395307857192316,0.0662,718.4122994231659,0.19376388464701796,0.68,4648.0,0.73,2.8504437998777066,,,,,,,,
K2-19 b,32.386714631997364,0.074,893.7418486276056,0.5772803178883412,0.86,5430.0,0.93,7.7454056850786275,,,,,,,,
K2-19 c,12.49065637917072,0.0971,780.2222636607994,0.5772803178883412,0.86,5430.0,0.93,4.864697637227388,,,,,,,,
K2-216 b,7.999740993987965,0.028,1101.0891351894757,0.19136535286510553,0.72,4503.0,0.7,1.7486009940264342,,,,,,,,
K2-21 b,1.980070973084824,0.076,596.1467511292943,0.120535464640477,0.65,4222.06,0.68,1.8382728398739436,,,,,,,,
K2-21 c,4.961301426942874,0.107,504.62751908419557,0.120535464640477,0.65,4222.06,0.68,2.488393722268387,,,,,,,,
K2-222 b,5.689128478044679,0.1211,879.2483961941366,1.43668183831776,1.09,6058.0,1.0,2.4099308571518163,,,,,,,,
K2-229 b,2.5903015137465992,0.0131,1990.2813089743786,0.4471546875547806,0.79,5315.0,0.87,1.1433160345557454,,,,,,,,
K2-229 c,21.294503241843213,0.0769,821.4609865704903,0.4471546875547806,0.79,5315.0,0.87,2.028825512299901,,,,,,,,
K2-229 d,25.108444120979307,0.182,545.0939212697907,0.4471546875547806,0.79,5315.0,0.87,2.649803044793904,,,,,,,,
K2-232 Ab,126.49570582468057,0.10356,1001.7588668139238,1.7327522678653624,1.16,6154.0,1.19,11.20898073093868,,,,,,,,
K2-233 b,3.3054154285846176,0.03317,1127.4093204273704,0.2951717329465016,0.74,4950.0,0.8,1.401122591367335,,,,,,,,
K2-233 d,8.295321412121012,0.1527,525.4541641323718,0.2951717329465016,0.74,4950.0,0.8,2.6453194525015284,,,,,,,,
K2-236 b,27.01541456054736,0.1493,892.9516242567602,2.353361695092776,1.39,6069.0,1.17,5.761416095702482,,,,,,,,
K2-237 Ab,392.83591055101806,0.0353,1763.3708432272208,2.0006972338914086,1.236,6180.0,1.256,18.40514636020131,,,,,,,,
K2-238 b,273.3324296714203,0.046,1596.1045623409213,2.2804384654249206,1.59,5630.0,1.19,14.571674950220284,,,,,,,,
K2-24 b,18.99978214622966,0.1673,735.176525418684,1.3552911589211094,1.185,5726.0,1.091,5.638005217854848,,,,,,,,
K2-24 c,16.39994578028522,0.262,587.2680301367365,1.3552911589211094,1.185,5726.0,1.091,7.930353867139117,,,,,,,,
K2-260 Ab,451.3163373644382,0.0404,1985.7328364374462,4.21408545838878,1.69,6367.0,1.39,17.396338094416834,,,,,,,,
K2-261 b,70.87573467061247,0.102,1100.2342627242008,2.29750524920552,1.65,5537.0,1.1,9.527633621297879,,,,,,,,
K2-265 Ab,6.540908607718407,0.03376,1424.2042031537321,0.7759141016893447,0.98,5477.0,0.92,1.714974051833618,,,,,,,,
K2-266 Ac,0.2892238500011541,0.0679,691.5748288867462,0.17497266756439447,0.7337,4362.0,0.68,0.7061657860491369,,,,,,,,
K2-266 Ad,8.899195384650895,0.1035,560.180640657983,0.17497266756439447,0.7337,4362.0,0.68,2.9255439707749957,,,,,,,,
K2-266 Ae,14.299100012694419,0.1249,509.91462544305796,0.17497266756439447,0.7337,4362.0,0.68,2.734991298349038,,,,,,,,
K2-27 Bb,30.899277689134284,0.06702,928.0097253729593,0.5354832116929066,0.8925,5231.0,0.89,4.483592292375472,,,,,,,,
K2-280 b,37.09057504959855,0.1488,825.4563533796519,1.599054337517958,1.28,5742.0,1.11,7.666942819962058,,,,,,,,
K2-285 b,9.681053264873794,0.03817,1091.387181376142,0.3432551427945666,0.79,4975.0,0.83,2.589274548846835,,,,,,,,
K2-285 c,15.678475297315307,0.0824,742.8075728887353,0.3432551427945666,0.79,4975.0,0.83,3.5308289302456846,,,,,,,,
K2-285 d,6.499590914861099,0.1178,621.2512610904749,0.3432551427945666,0.79,4975.0,0.83,2.4771847415374486,,,,,,,,
K2-285 e,10.701282450042699,0.18041,502.00682926335924,0.3432551427945666,0.79,4975.0,0.83,1.9503626471833302,,,,,,,,
K2-287 b,100.11594807732256,0.1206,844.942477987923,1.0812671250636634,1.07,5695.0,1.06,9.33708094887192,,,,,,,,
K2-290 Ab,10.901514346197345,0.0923,1229.134247953569,3.2289254626932373,1.51,6302.0,1.19,3.06005173954626,,,,,,,,
K2-290 Ac,245.9991867042783,0.305,676.1612070203163,3.2289254626932373,1.51,6302.0,1.19,11.276234615324313,,,,,,,,
K2-291 b,6.4900560626632595,0.03261,1398.3575476676092,0.6751991076186198,0.9,5520.0,0.93,1.5916752637932925,,,,,,,,
K2-292 b,24.501391864383482,0.13,799.5346505385648,1.145896755499367,1.09,5725.0,1.0,2.63411047177059,,,,,,,,
K2-295 b,106.47251620921607,0.0451,844.2442222934417,0.17158637961276665,0.7,4444.0,0.74,10.054455715651997,,,,,,,,
K2-29 Ab,232.01473681411258,0.04217,1144.0139707837288,0.5047099812675375,0.817,5387.06,0.935,13.338687069817029,,,,,,,,
K2-30 b,184.0226474183167,0.04839,1089.9206283489334,0.5487165661270723,0.84,5425.0,0.9,11.646130979445289,,,,,,,,
K2-310 b,9.239271779707195,0.098,581.8408107720105,0.17908607796309545,0.673,4581.0,0.69,2.589274548846835,,,,,,,,
K2-314 b,8.749816033551397,0.047,1580.0762263603806,2.2823490772543247,1.71,5430.0,1.05,1.9503626471833302,,,,,,,,
K2-314 c,14.670959248410188,0.13,950.2243728090274,2.2823490772543247,1.71,5430.0,1.05,3.6698202913093243,,,,,,,,
K2-314 d,10.180043863227434,0.22,732.0744441941871,2.2823490772543247,1.71,5430.0,1.05,3.939956726924946,,,,,,,,
K2-31 Ab,563.827593298953,0.022,1761.0468173611619,0.7730121275301433,1.029,5340.0,0.922,11.881519574795002,,,,,,,,
K2-329 Ab,82.63538571461545,0.1016,724.9117218977289,0.472201924116008,0.822,5282.0,0.901,8.675751085746539,,,,,,,,
K2-32 Ab,14.937935109949715,0.08035,828.7664263001354,0.5055477448143777,0.84,5315.0,0.86,4.965578463805835,,,,,,,,
K2-32 Ac,8.104624368164206,0.1399,628.1998839406184,0.5055477448143777,0.84,5315.0,0.86,2.734991298349038,,,,,,,,
K2-32 Ad,6.706179379147638,0.1862,544.5305602645445,0.5055477448143777,0.84,5315.0,0.86,3.2730223734340944,,,,,,,,
K2-32 Ae,2.0976674835248534,0.04951,1055.9180547276617,0.5055477448143777,0.84,5315.0,0.86,1.0088082657844812,,,,,,,,
K2-34 b,565.7345637385212,0.0426,1702.0408421297823,2.529044351170205,1.44,6071.0,1.15,13.95518101001866,,,,,,,,
K2-36 Bb,3.8997545489166594,0.0223,1338.1428141261094,0.2647749713115418,0.754,4772.39,0.769,1.4347495335601512,,,,,,,,
K2-36 Bc,7.799509097833319,0.054,859.9199366181408,0.2647749713115418,0.754,4772.39,0.769,3.119459337420235,,,,,,,,
K2-370 b,11.09221139015415,0.0321,1444.1602424593798,0.7076021365508551,0.971,5377.0,0.984,2.5197788683150155,,,,,,,,
K2-38 b,19.069704395680485,0.04994,1321.4668950993782,1.2381817932900592,1.141,5705.0,1.054,1.905526724259576,,,,,,,,
K2-38 c,9.90035486542412,0.0964,949.5524950429541,1.2381817932900592,1.141,5705.0,1.054,2.421139837882755,,,,,,,,
K2-39 b,28.60455659352073,0.062,1629.0127572043066,4.495092769347867,2.97,4881.0,0.66,6.277029209325661,,,,,,,,
K2-3 b,6.480521210465419,0.0775,505.00468631600364,0.06486977277220055,0.56,3896.0,0.6,2.174542261802104,,,,,,,,
K2-3 c,2.1389851763821612,0.1405,375.06634595147204,0.06486977277220055,0.56,3896.0,0.6,1.8494818206048824,,,,,,,,
K2-3 d,2.800068262099085,0.2086,307.81452374944683,0.06486977277220055,0.56,3896.0,0.6,1.513212398676722,,,,,,,,
K2-415 b,2.860455659352073,0.027,412.81136509456206,0.0035139528321732586,0.1965,3173.0,0.1635,1.0149732051864977,,,,,,,,
K2-418 b,10.392988895645866,0.124,809.0271212535328,1.0645129535269324,1.0,5868.0,0.97,2.3303470939621516,,,,,,,,
K2-419 Ab,196.10012686891434,0.1208,378.7784513439033,0.04983665412130545,0.541,3711.0,0.562,10.547650867813298,,,,,,,,
K2-55 b,43.860320110065125,0.03486,915.2215997242682,0.14049224662570808,0.63,4456.0,0.7,3.8222624292500904,,,,,,,,
K2-60 b,135.39490120933146,0.045,1323.118499779962,1.0305696136802238,1.12,5500.0,0.97,7.65573383923112,,,,,,,,
K2-66 b,21.300859809975105,0.05983,1499.7748542400477,3.0074583072521754,1.67,5887.0,1.11,2.488393722268387,,,,,,,,
K2-99 b,276.51071373736704,0.153,1250.6607483869118,9.277383219081345,2.63,6217.0,1.63,11.724593844561861,,,,,,,,
kappa And b,5403.082912109471,78.9,103.05967597864378,78.4382207624203,2.29,11361.0,2.8,15.916752637932925,,,,,,,,
KELT-11 Ab,61.976539285961586,0.06229,1711.129466414812,5.523641459597534,2.72,5370.0,1.438,14.571674950220284,,,,,,,,
KELT-12 b,301.936986264941,0.0617,1396.231870287662,2.4024693426007024,1.291,6330.0,1.239,20.06407550838024,,,,,,,,
KELT-18 Ab,373.76620615533756,0.04573,2077.531972904136,6.469200422453775,1.908,6670.0,1.524,17.57568178611185,,,,,,,,
KELT-1 Ab,8654.467511572995,0.02472,2423.828599644529,3.5021938240355106,1.471,6516.0,1.335,12.890327840579483,,,,,,,,
KELT-22 Ab,1172.7868203343498,0.0248,1838.839407886462,1.1677124485826271,1.11,5700.0,1.05,13.450776877126417,,,,,,,,
KELT-2 Ab,472.29301219968676,0.05498,1723.4556295005902,4.352163645333295,1.842,6148.0,1.31,14.638928834605917,,,,,,,,
KELT-3 Ab,467.2077576941719,0.04117,1965.4869221028762,4.2004875944084,1.61,6518.0,1.34,15.132123986767219,,,,,,,,
KELT-4 Ab,286.0455659352073,0.04321,1827.1942849718791,3.45437326216276,1.61,6207.0,1.204,19.055267242595757,,,,,,,,
KELT-6 b,139.84449890165692,0.0747,1368.4485183994996,3.248102302536479,1.529,6272.0,1.126,12.666148225960708,,,,,,,,
KELT-8 b,277.7820273637458,0.04571,1677.344706391721,2.744750686312564,1.67,5754.0,1.211,20.848704159545946,,,,,,,,
Kepler-101 b,50.85254505514797,0.0474,1569.1434062159035,2.2534741320591336,1.56,5667.0,1.17,5.716580172778727,,,,,,,,
Kepler-101 c,3.178284065946748,0.0684,1305.0307916281097,2.2534741320591336,1.56,5667.0,1.17,1.2554058418651322,,,,,,,,
Kepler-102 e,8.899195384650895,0.117,603.309543359184,0.3011548368680285,0.76,4909.0,0.81,2.219378184725859,,,,,,,,
Kepler-103 b,9.852680604434918,0.133,930.8190108007537,2.1729692270635725,1.44,5845.0,1.09,3.373903200012543,,,,,,,,
Kepler-103 c,36.23243835179293,0.6679,414.37060391295967,2.1729692270635725,1.44,5845.0,1.09,5.144922155500854,,,,,,,,
Kepler-104 Ab,9.952478724105648,0.09286,1088.6315171360172,2.011121510527505,1.35,5921.0,1.08,2.379666609178282,,,,,,,,
Kepler-104 Ac,7.144305837638397,0.15088,854.0423471825892,2.011121510527505,1.35,5921.0,1.08,2.359490443862592,,,,,,,,
Kepler-107 b,3.5088256088052097,0.04544,1594.5966805292571,2.2168556073089754,1.45,5854.0,1.24,1.5356303601385994,,,,,,,,
Kepler-107 c,9.388651130806693,0.06064,1380.3538176778568,2.2168556073089754,1.45,5854.0,1.24,1.5916752637932925,,,,,,,,
Kepler-107 e,8.6004366824519,0.12639,956.1227680303275,2.2168556073089754,1.45,5854.0,1.24,2.9031260093131186,,,,,,,,
Kepler-10 b,3.238671463199736,0.01685,2184.0673544053893,1.0708733682101925,1.06,5708.0,0.91,1.469497373826061,,,,,,,,
Kepler-10 c,17.2,0.241,578.595650226477,1.0708733682101925,1.06,5708.0,0.91,2.355006851570217,,,,,,,,
Kepler-117 b,29.87587021989943,0.1445,990.1922712808016,3.3292219167954378,1.61,6150.0,1.13,8.059257145544912,,,,,,,,
Kepler-117 c,584.8042681342016,0.2804,710.7044151103058,3.3292219167954378,1.61,6150.0,1.13,12.341087784763488,,,,,,,,
Kepler-11 b,1.9069704395680487,0.091,932.2279894678758,1.0375009591229136,1.06,5663.0,0.96,1.8046458976811277,,,,,,,,
Kepler-11 d,7.31005335167752,0.155,714.1144344539691,1.0375009591229136,1.06,5663.0,0.96,3.1160966432009536,,,,,,,,
Kepler-11 e,7.94571016486687,0.195,636.6830737316872,1.0375009591229136,1.06,5663.0,0.96,4.192158793371067,,,,,,,,
Kepler-11 g,25.108444120979307,0.466,413.0239520727758,1.0375009591229136,1.06,5663.0,0.96,3.329067277088788,,,,,,,,
Kepler-1229 Ab,2.5394489686914516,0.3006,249.67334345985645,0.05830744340206575,0.5658,3774.0,0.559,1.3394731973471723,,,,,,,,
Kepler-12 b,137.30187164889952,0.0553,1483.5594603675145,2.45983351605413,1.48,5947.0,1.17,19.660552202066444,,,,,,,,
Kepler-138 b,0.06674396538488171,0.0746,449.8156170080096,0.03783320306762837,0.44,3841.0,0.52,0.526822094354118,,,,,,,,
Kepler-13 Ab,2949.4476131985816,0.03641,2550.1107374226053,9.30968029376953,1.74,7650.0,1.72,16.947978865179284,,,,,,,,
Kepler-1513 Ab,48.309917802390565,0.5416,355.0131053767956,0.7366200153045039,0.95,5491.0,0.943,8.594037616217996,,,,,,,,
Kepler-1514 b,1678.133986819883,0.753,396.4326653518703,2.1303820751136175,1.29,6145.0,1.2,12.41955064988006,,,,,,,,
Kepler-15 b,209.76674835248537,0.05714,1107.4447764422018,0.8140348276519693,0.99,5515.0,1.02,10.760621501701133,,,,,,,,
Kepler-1647 (AB)b,483.09917802390567,2.7205,243.00242604833332,4.278218806601232,1.79,6210.0,2.1885,11.881519574795002,,,,,,,,
Kepler-1654 b,158.9142032973374,2.026,207.78280498050748,1.2268056630906334,1.18,5597.0,1.01,9.18015521863878,,,,,,,,
Kepler-1655 b,4.999440835734235,0.103,937.4911068511279,1.3608191573309036,1.03,6148.0,1.03,2.2081692039949203,,,,,,,,
Kepler-1656 b,47.80139235183909,0.1974,759.0212057279962,1.1719188342345195,1.1,5731.0,1.03,5.021623367460529,,,,,,,,
Kepler-1657 b,613.4088247277223,0.534,390.4780036975405,0.9558884519613426,0.96,5830.0,1.01,11.096890923629294,,,,,,,,
Kepler-1659 b,9.00090047476119,0.112293,761.0692303156052,0.7024754337877539,0.97,5370.0,1.02,1.905526724259576,,,,,,,,
Kepler-1659 c,4.598977043424944,0.14728,664.5569498615545,0.7024754337877539,0.97,5370.0,1.02,1.905526724259576,,,,,,,,
Kepler-167 Ae,1271.3136263786992,1.883,148.6051233541857,0.2865871979944924,0.749,4884.0,0.777,10.15982013452282,,,,,,,,
Kepler-16 (AB)b,105.83685939602671,0.7048,206.07228501346614,0.14875010708331474,0.65,4450.0,0.8499,8.449329674981577,,,,,,,,
Kepler-1704 b,1322.1661714338472,2.027,320.4159039736228,2.8184913162051908,1.697,5746.0,1.132,11.948773459180634,,,,,,,,
Kepler-1705 b,4.468667396721127,0.08,862.9389132710389,0.5890076347243404,0.768,5775.0,0.838,2.0299464103729954,,,,,,,,
Kepler-1705 c,5.418974332439205,0.0416,1196.6352959474686,0.5890076347243404,0.768,5775.0,0.838,2.0501225756886847,,,,,,,,
Kepler-1708 b,1462.0106703355038,1.64,250.4218405455791,1.6098058098050991,1.117,6157.0,1.088,9.960300277512111,,,,,,,,
Kepler-1710 Ab,3.4951589873216387,0.1157,753.5263127603297,0.7166675582433959,0.91,5572.0,0.983,2.5870327527006474,,,,,,,,
Kepler-17 b,778.6795961569533,0.02591,1774.613493229054,1.1055566607904161,1.05,5781.0,1.16,14.683764757529673,,,,,,,,
Kepler-18 b,6.992224945082845,0.0447,1284.3658074226855,0.9028743715731545,1.11,5345.0,0.97,1.9951985701070851,,,,,,,,
Kepler-18 c,17.16273395611244,0.0752,990.2242927020073,0.9028743715731545,1.11,5345.0,0.97,5.492400558159954,,,,,,,,
Kepler-18 d,16.527077142923087,0.1172,793.1926677040669,0.9028743715731545,1.11,5345.0,0.97,6.983194995374798,,,,,,,,
Kepler-1973 Ab,17.28986531875031,0.0504,1030.5001492799574,0.47223806963222253,0.818,5295.0,0.928,4.304248600680453,,,,,,,,
Kepler-197 Ac,5.403082912109472,0.0883,1065.0969974956051,1.660891179746477,1.2094,5963.52,1.093,1.3079759614932347,,,,,,,,
Kepler-19 b,8.400204786297254,0.085,851.8903434219534,0.6273072671646559,0.86,5544.0,0.94,2.219378184725859,,,,,,,,
Kepler-20 Ab,9.52309254679624,0.045862,1184.5841570572018,0.687434743439607,0.9164,5495.0,0.929,2.0069679998745706,,,,,,,,
Kepler-20 Ac,11.09221139015415,0.094,830.0178813587513,0.687434743439607,0.9164,5495.0,0.929,2.879587149778147,,,,,,,,
Kepler-20 Ad,12.946104485820888,0.349,429.36913420571074,0.687434743439607,0.9164,5495.0,0.929,2.4919805961022874,,,,,,,,
Kepler-21 Ab,6.680753106620064,0.0434281,2012.148130580569,5.13277135632225,1.902,6305.0,1.408,1.6499619635941738,,,,,,,,
Kepler-223 b,7.399045305524028,0.073,1365.404834721833,3.066363557964912,1.72,5829.0,1.12,2.992797855160628,,,,,,,,
Kepler-223 c,5.10114592584453,0.088,1246.1939679193367,3.066363557964912,1.72,5829.0,1.12,3.4411570843981747,,,,,,,,
Kepler-22 b,9.0898924286077,0.812,279.1533713705875,0.664876381945846,0.869,5596.0,0.857,2.0960793966855333,,,,,,,,
Kepler-25 Ab,10.810297593504673,0.06944,1381.4990576346459,2.9166029362897135,1.477,6212.0,1.19,2.7040545115316474,,,,,,,,
Kepler-25 Ac,24.09298236190932,0.1116,1089.7450758638322,2.9166029362897135,1.477,6212.0,1.19,4.627067245731487,,,,,,,,
Kepler-289 b,7.31005335167752,0.21,630.3499911291585,1.1558402646256034,1.0,5990.0,1.08,2.1521243003402266,,,,,,,,
Kepler-289 c,133.4879307697634,0.51,404.46617882479575,1.1558402646256034,1.0,5990.0,1.08,11.590086075790596,,,,,,,,
Kepler-289 d,4.131769285730772,0.33,502.8098089846741,1.1558402646256034,1.0,5990.0,1.08,2.6789463946943446,,,,,,,,
Kepler-297 c,41.953349670497076,0.3292,458.51292256533117,0.7953958346637297,0.89,5783.0,1.04,6.389119016635047,,,,,,,,
Kepler-29 b,4.999440835734235,0.09,738.5744352326559,0.4002390339470669,0.73,5378.0,0.76,2.5444386259230805,,,,,,,,
Kepler-29 c,4.500450237380595,0.11,668.0657131132813,0.4002390339470669,0.73,5378.0,0.76,2.342676972766184,,,,,,,,
Kepler-30 b,11.441822637408292,0.18,609.1993480862819,0.7403834161759549,0.95,5498.0,0.99,3.9007252943666604,,,,,,,,
Kepler-30 c,638.8350972552962,0.3,471.78692166743076,0.7403834161759549,0.95,5498.0,0.99,12.296251861839732,,,,,,,,
Kepler-30 d,23.201473681411258,0.5,365.46106458626247,0.7403834161759549,0.95,5498.0,0.99,8.799049873786865,,,,,,,,
Kepler-324 d,2.231155414294617,0.1949,519.9588404714613,0.4610594025066677,0.84,5194.0,0.86,1.129865257678619,,,,,,,,
Kepler-338 b,30.60687555506718,0.117,1101.650033998736,3.34546088864029,1.74,5923.0,1.1,2.4435577993446325,,,,,,,,
Kepler-34 (AB)b,69.92224945082846,1.0896,287.6952056638647,1.3280285638776048,1.1,5913.0,2.0687,8.56029858421787,,,,,,,,
Kepler-35 (AB)b,40.300641956204764,0.60347,348.06022387219923,0.8867534841382897,1.0,5606.0,1.6971,8.160137972123358,,,,,,,,
Kepler-36 b,3.8298322994658314,0.1153,1084.0292475414456,3.0484561496858724,1.63,5979.0,1.03,1.5020034179457833,,,,,,,,
Kepler-36 c,7.128891159918555,0.1283,1027.6431347784307,3.0484561496858724,1.63,5979.0,1.03,3.6765456797478873,,,,,,,,
Kepler-37 d,5.403082912109472,0.2109,506.8427226841325,0.48248082132823616,0.79,5417.0,0.87,1.9391536664523916,,,,,,,,
Kepler-39 b,6388.350972552964,0.164,896.0544434564025,2.8611557673693575,1.4,6350.0,1.29,13.899136106363963,,,,,,,,
Kepler-407 Ab,1.6689169630286371,0.0153,2194.7674745736945,0.9019745055143173,1.057,5476.0,0.96,1.1610262241106286,,,,,,,,
Kepler-40 b,699.2224945082846,0.08,1619.7914215961266,7.315999901961546,2.13,6510.0,1.48,13.114507455198256,,,,,,,,
Kepler-411 Ab,25.58518673087132,0.03831,1082.006636110999,0.33046280445358056,0.82,4837.0,0.87,1.8659590222793623,,,,,,,,
Kepler-411 Ac,26.411540588017473,0.07258,785.1357497407828,0.33046280445358056,0.82,4837.0,0.87,3.2380503535535663,,,,,,,,
Kepler-411 Ad,15.198554403357349,0.2757,403.0832302530617,0.33046280445358056,0.82,4837.0,0.87,3.3760329063514214,,,,,,,,
Kepler-412 b,299.07653060558897,0.02897,1850.2164333144776,1.6332073630120083,1.29,5750.0,1.17,15.03124316018877,,,,,,,,
Kepler-416 b,58.16259840682549,0.0658,1102.53267862486,1.0623680676999432,1.089,5620.27,1.0,2.710331540740973,,,,,,,,
Kepler-419 b,794.571016486687,0.37,779.6203483833475,4.64657464308706,1.74,6430.0,1.39,10.760621501701133,,,,,,,,
Kepler-41 b,177.9839076930179,0.03101,1788.3195098114966,1.6332073630120083,1.29,5750.0,1.15,14.459585142910898,,,,,,,,
Kepler-420 Ab,460.8511895622784,0.382,512.7198072041273,1.0643972105163153,1.13,5520.0,0.99,10.53644188708236,,,,,,,,
Kepler-423 b,189.1079019238315,0.03585,1380.2091847070358,0.7743492940241123,0.95,5560.0,0.85,13.361105031278907,,,,,,,,
Kepler-425 b,79.4571016486687,0.0464,1088.8630758334111,0.47440537911655567,0.86,5170.0,0.93,10.96238315485803,,,,,,,,
Kepler-426 b,108.06165824218944,0.0414,1306.7441047213565,0.8163344952905178,0.92,5725.0,0.91,12.217788996723163,,,,,,,,
Kepler-427 b,92.17023791245568,0.091,1131.452863714847,1.8516975036360752,1.35,5800.0,0.96,13.787046299054577,,,,,,,,
Kepler-428 b,403.64207637523697,0.0433,1074.0753954126371,0.40420289525061315,0.8,5150.0,0.87,12.105699189413777,,,,,,,,
Kepler-432 b,1719.4516796771907,0.301,919.0895539639256,9.212649897045848,4.06,4995.0,1.32,12.83428293692479,,,,,,,,
Kepler-433 b,896.2761065969828,0.0679,1772.4908279776052,7.503015968024689,2.26,6360.0,1.46,16.253022059861088,,,,,,,,
Kepler-434 b,908.9892428607699,0.1143,1003.6278033153092,2.1821355568132383,1.38,5977.0,1.2,12.666148225960708,,,,,,,,
Kepler-435 b,266.9758615395268,0.0948,1731.581710687836,13.329241291675265,3.21,6161.0,1.54,22.305871654567973,,,,,,,,
Kepler-43 b,1026.5857533007995,0.046,1618.6066851119617,2.411029707216345,1.42,6041.0,1.32,13.663747511014252,,,,,,,,
Kepler-447 b,435.4249170347045,0.0769,980.622734906563,0.9011716568120212,1.05,5493.0,1.0,18.494818206048823,,,,,,,,
Kepler-448 b,349.6112472541423,0.154,1032.9065606864428,4.215676636157236,1.491,6779.23,1.454,13.787046299054577,,,,,,,,
Kepler-44 b,317.8284065946748,0.0446,1539.5639604226405,1.8516975036360752,1.35,5800.0,1.12,12.217788996723163,,,,,,,,
Kepler-454 Ab,5.403082912109472,0.09528,917.2637996983797,1.0671804292364377,1.066,5687.0,1.03,2.369578526520437,,,,,,,,
Kepler-45 b,160.50334533031076,0.03,789.9111696184455,0.05783215296875251,0.55,3820.0,0.59,10.760621501701133,,,,,,,,
Kepler-46 b,1906.9704395680487,0.1968,512.9233271473383,0.4451389671518178,0.79,5309.0,0.902,9.056856430598454,,,,,,,,
Kepler-494 b,11759.651044002967,0.08,1220.9652101279771,2.280613037582081,1.4,6000.0,1.1,8.967184584750944,,,,,,,,
Kepler-4 b,24.472787307789957,0.0456,1646.1050323471216,2.535229001659868,1.595,5772.0,1.22,4.001606120945109,,,,,,,,
Kepler-538 Ab,10.599577359932404,0.3548,418.3651524190647,0.6398545182730524,0.8717,5534.0,0.892,2.219378184725859,,,,,,,,
Kepler-539 b,308.2935543968345,0.4988,395.3773473272481,0.9296718458768972,0.95,5820.0,1.05,8.373108606011195,,,,,,,,
Kepler-56 b,22.247988461627237,0.1028,1497.4047770328568,8.815616948039217,4.23,4840.0,1.32,6.512417804675373,,,,,,,,
Kepler-56 c,181.1621917589646,0.1652,1180.983477463381,8.815616948039217,4.23,4840.0,1.32,9.796649158840406,,,,,,,,
Kepler-5 b,670.9357663213585,0.0538,1751.4686524648123,4.5230497534524385,1.79,6297.0,1.37,15.984006522318557,,,,,,,,
Kepler-63 b,120.13913769278707,0.08,927.7180098610716,0.7030182659293105,0.9,5576.0,0.98,6.108894498361582,,,,,,,,
Kepler-65 d,10.806165824218944,0.084,1228.5995192418056,2.6562862373454803,1.41,6211.0,1.25,1.5244213794076606,,,,,,,,
Kepler-68 b,7.650129746733823,0.0617,1261.8481907593728,1.6027142710948714,1.259,5793.0,1.064,2.309050030573368,,,,,,,,
Kepler-68 c,2.040458370337812,0.09059,1041.3807886049613,1.6027142710948714,1.259,5793.0,1.064,0.9269827064486288,,,,,,,,
Kepler-6 b,212.30937560524276,0.04852,1457.4648500293292,1.76397035140795,1.39,5647.0,1.21,14.61651087314404,,,,,,,,
Kepler-74 b,200.2318961546451,0.0781,1095.6404121283697,1.4595923440525322,1.12,6000.0,1.18,10.760621501701133,,,,,,,,
Kepler-75 b,3210.066906606215,0.0818,868.7283199493731,0.5199767409450345,0.89,5200.0,0.91,11.769429767485615,,,,,,,,
Kepler-77 b,136.66621483571015,0.04501,1248.3474152599304,0.8169909202185299,0.99,5520.0,0.95,10.760621501701133,,,,,,,,
Kepler-79 b,10.901514346197345,0.117,992.4094341500877,2.204670723624908,1.3,6174.0,1.17,3.474784026590991,,,,,,,,
Kepler-79 c,6.038739725298821,0.187,785.0542625285437,2.204670723624908,1.3,6174.0,1.17,3.721381602671642,,,,,,,,
Kepler-79 e,4.131769285730772,0.386,546.3686406613228,2.204670723624908,1.3,6174.0,1.17,3.48599300732193,,,,,,,,
Kepler-7 b,140.16232730825158,0.06067,1632.2976765660108,4.317380995670204,1.97,5933.0,1.36,18.18096674558254,,,,,,,,
Kepler-82 b,12.150579984114417,0.1683,605.2752624979291,0.631298714034928,0.9,5428.0,0.91,4.068860005330741,,,,,,,,
Kepler-82 c,13.898636220385129,0.2626,484.5623766653194,0.631298714034928,0.9,5428.0,0.91,5.335474827926812,,,,,,,,
Kepler-84 Ac,20.213886659421316,0.1072,945.4018301892595,1.5244481728320862,1.131,6036.0,0.987,3.1497235853937697,,,,,,,,
Kepler-86 b,108.80855499768691,0.824,302.0877624355859,0.9013957881792491,1.0,5629.0,0.94,9.489523086812687,,,,,,,,
Kepler-87 b,324.18497472656827,0.481,525.3574338897871,2.92472753508075,1.82,5600.0,1.1,13.495612800050171,,,,,,,,
Kepler-89 Ab,5.757461585462534,0.05119,1588.068119271492,2.679722020425982,1.4286,6184.0,1.183,1.6379683542120695,,,,,,,,
Kepler-89 Ac,6.206553123980809,0.1013,1148.8200783966545,2.679722020425982,1.4286,6184.0,1.183,3.864071927376491,,,,,,,,
Kepler-89 Ad,79.60206318491653,0.1684,868.58702832647,2.679722020425982,1.4286,6184.0,1.183,10.311029284583183,,,,,,,,
Kepler-8 b,187.51875989085812,0.0474,1679.7266583583148,2.9700822827024105,1.49,6213.0,1.21,15.87191671500917,,,,,,,,
Kepler-91 b,257.4410093416866,0.0731,2037.948808057928,15.272749034011989,6.3,4550.0,1.31,15.322676659193176,,,,,,,,
Kepler-93 b,4.54494621430385,0.053,1175.478954058771,0.8905709184943679,0.98,5669.0,1.09,1.5692573023314154,,,,,,,,
Kepler-95 Ab,13.030964670381668,0.10228,1035.0713822556427,1.9939762565452694,1.451,5699.0,1.0,3.1149757451278592,,,,,,,,
Kepler-99 Bb,3.8130191767569728,0.05069,882.5365553698965,0.25884080034951873,0.745,4774.0,0.769,1.812043824963547,,,,,,,,
Kepler-9 b,43.39946892050284,0.143,721.737696061274,0.9196871406600409,0.96,5774.0,1.02,8.294645740894623,,,,,,,,
Kepler-9 c,29.901296492427004,0.227,572.89673898951,0.9196871406600409,0.96,5774.0,1.02,8.081675107006788,,,,,,,,
KOI-134 b,317.8284065946748,0.364,660.1038069442425,4.1722037365366935,1.8,6154.0,1.17,12.105699189413777,,,,,,,,
KPS-1 b,346.4329631881956,0.0269,1446.2092241607943,0.5256375802547306,0.907,5165.0,0.892,11.545250152866842,,,,,,,,
L 168-9 b,4.020529343422636,0.0208,998.3980896547178,0.07136640975775638,0.604,3842.0,0.614,1.5602901177466642,,,,,,,,
L 98-59 b,0.4131769285730772,0.02191,600.8899110021529,0.010340447640439539,0.291,3415.0,0.32,0.8496407394051521,,,,,,,,
L 98-59 c,2.21844227803083,0.0304,510.1674124631735,0.010340447640439539,0.291,3415.0,0.32,1.3849816591147834,,,,,,,,
L 98-59 d,1.9387532802275163,0.0486,403.227791529857,0.010340447640439539,0.291,3415.0,0.32,1.5210586851883787,,,,,,,,
LHS 1140 b,6.979511808819058,0.0936,212.9269819112811,0.0029850299211340403,0.186,3131.0,0.146,1.7269676612157228,,,,,,,,
LHS 1140 c,1.8084436335236995,0.02675,403.17713654539125,0.0029850299211340403,0.186,3131.0,0.146,1.281971126197457,,,,,,,,
LHS 1815 b,4.195334967049707,0.0404,618.6152891570758,0.03969197110601233,0.501,3643.0,0.502,1.0880557595522178,,,,,,,,
LP 714-47 b,30.797572599023987,0.0417,712.9444917469403,0.0745426120077782,0.584,3950.0,0.59,4.696562926263307,,,,,,,,
LP 791-18 d,0.8899195384650894,0.0199,417.1795363079099,0.001991843518816355,0.17,2960.0,0.139,1.0301053291732647,,,,,,,,
LTT 1445 Ab,2.860455659352073,0.03813,429.22906362407673,0.00814524075117541,0.27,3340.0,0.256,1.300241764788887,,,,,,,,
LTT 1445 Ac,1.5414677719841727,0.0266,516.4043523464508,0.00814524075117541,0.27,3340.0,0.256,1.1470149981969553,,,,,,,,
LTT 3780 b,2.459991867042783,0.01195,913.1073430018976,0.016484678831806796,0.38,3358.0,0.38,1.3250136122042613,,,,,,,,
LTT 3780 c,8.041058686845272,0.0757,362.8182518015359,0.016484678831806796,0.38,3358.0,0.38,2.3897546918361265,,,,,,,,
LTT 9779 b,29.319670508358747,0.01679,1943.568033739046,0.6679711736902522,0.92,5445.0,1.0,4.7201017857982785,,,,,,,,
MASCARA-1 b,1175.9651044002967,0.043,2545.5738321720696,12.892497066702912,2.1,7554.0,1.72,16.813471096408023,,,,,,,,
MASCARA-3 Ab,1646.3511461604153,0.06971,1427.142582877542,3.335357412243387,1.513,6347.0,1.309,14.257823489754003,,,,,,,,
MASCARA-4 Ab,532.3625810460803,0.047,2403.9730015417613,12.250995998248467,1.92,7800.0,1.75,17.14974051833618,,,,,,,,
NGTS-10 Ab,687.1450150576869,0.0143,1481.2704004914547,0.16348081418853083,0.697,4400.0,0.696,13.506821780781111,,,,,,,,
NGTS-11 b,60.06956884639354,0.195,503.76722646521034,0.40420594325632325,0.832,5050.0,0.862,9.079274392060332,,,,,,,,
NGTS-11 c,20.023189615464513,0.099,705.9415461410813,0.40420594325632325,0.832,5050.0,0.862,4.808652733572694,,,,,,,,
NGTS-13 b,1538.2894879182259,0.0549,1630.0797075453124,3.520670668264206,1.788,5918.0,1.3,12.800655994731972,,,,,,,,
NGTS-14 Ab,29.24021340671008,0.0403,1143.2812169551041,0.46076523597956554,0.842,5187.0,0.898,4.931951521613019,,,,,,,,
NGTS-15 b,238.68913335260078,0.0441,1255.9611836829847,0.803598999310938,0.954,5600.0,0.995,12.32987880403255,,,,,,,,
NGTS-16 b,211.9915471986481,0.0523,1288.860271410393,1.253383762248327,1.213,5550.0,1.002,14.571674950220284,,,,,,,,
NGTS-17 b,242.82090263833155,0.0391,1593.158813933571,1.6354871477684578,1.337,5650.0,1.025,13.899136106363963,,,,,,,,
NGTS-18 b,129.99181829722198,0.0448,1507.9146817402848,1.7231395294003158,1.392,5610.0,1.003,13.562866684435804,,,,,,,,
NGTS-1 b,258.07666615487597,0.0326,791.6958913721595,0.06932190778727355,0.573,3916.0,0.617,14.907944372148446,,,,,,,,
NGTS-20 b,947.1286516521309,0.313,705.6443929567085,3.6377702790699833,1.78,5980.0,1.47,11.993609382104388,,,,,,,,
NGTS-21 b,750.0750395634325,0.0236,1356.4770132812266,0.31313462968982014,0.86,4660.0,0.72,14.907944372148446,,,,,,,,
NGTS-23 b,194.82881324253563,0.0504,1448.726638669347,1.8580790849279836,1.24,6057.0,1.01,14.201778586099307,,,,,,,,
NGTS-24 b,165.2707714292309,0.0479,1642.1410202474867,2.770576616809421,1.64,5820.0,1.26,13.607702607359558,,,,,,,,
NGTS-25 b,203.0923518139972,0.0388,1207.9804885770561,0.5323049049513431,0.86,5321.0,0.91,11.46678728775027,,,,,,,,
NGTS-26 b,92.17023791245568,0.049,1302.1386672399983,1.1462476037495342,1.16,5550.0,0.96,14.907944372148446,,,,,,,,
NGTS-27 b,188.47224511064215,0.0446,1731.5193822938556,2.969179717688915,1.77,5700.0,1.07,15.647737100390398,,,,,,,,
NGTS-29 b,123.95307857192317,0.347,472.18716563917667,0.9795012152298836,1.006,5730.0,1.034,9.60609648641445,,,,,,,,
NGTS-2 b,212.94503241843213,0.0584,1686.3495295898608,4.580083713896545,1.702,6478.0,1.64,17.216994402721813,,,,,,,,
NGTS-30 b,305.11527033088777,0.408,397.834417904882,0.6626910490094845,0.913,5455.0,0.94,10.424352079772973,,,,,,,,
NGTS-34 b,19.101487236339956,0.257,682.1733750876414,2.375213459317802,1.367,6134.0,1.266,3.6496441259936345,,,,,,,,
NGTS-35 b,151.92197835225454,0.16,495.7156994063626,0.25202521111881726,0.753,4717.0,0.789,10.895129270472397,,,,,,,,
NGTS-3 Ab,756.431607695326,0.023,1707.9141995803786,0.7474415004036098,0.93,5570.0,1.017,16.589291481789246,,,,,,,,
NGTS-4 b,20.595280747334925,0.019,1648.9696589584387,0.4432157645649227,0.84,5143.0,0.75,3.1799878333673037,,,,,,,,
NGTS-5 Ab,72.78270511018053,0.0382,1057.7017034256899,0.30327518721678337,0.739,4987.0,0.661,12.73340211034634,,,,,,,,
NGTS-6 Ab,422.71178077091747,0.016623018,1335.884372520646,0.1461344355596794,0.656,4410.0,0.7876,14.246614509023063,,,,,,,,
NGTS-8 b,295.58041813304754,0.035,1337.3094149656974,0.6505779205665411,0.98,5241.0,0.89,12.217788996723163,,,,,,,,
NGTS-9 b,921.7023791245568,0.058,1489.5611591650872,2.7451339614771975,1.38,6330.0,1.34,11.993609382104388,,,,,,,,
OGLE-TR-10 b,216.12331648437888,0.04162,1600.2555425862186,1.8863351201450034,1.242,6075.0,1.14,19.27944685721453,,,,,,,,
OGLE-TR-111 b,171.6273395611244,0.047,1056.372172151464,0.4567944965962621,0.979,4800.0,0.78,12.072072247220959,,,,,,,,
OGLE-TR-113 b,394.10722417739674,0.0229,1321.4477449235462,0.26553897824177786,0.817,4588.0,0.73,12.441968611341936,,,,,,,,
OGLE-TR-132 b,371.8592357157695,0.0306,1901.6113663794913,2.0332334687009976,1.234,6210.0,1.19,13.787046299054577,,,,,,,,
OGLE-TR-182 b,336.8981109903553,0.051,1414.224205120001,1.7277096351601418,1.25,5924.0,1.08,16.47720167447986,,,,,,,,
OGLE-TR-211 b,238.3713049460061,0.051,1671.6221696227701,3.3724861889489026,1.532,6325.0,1.25,14.123315720982738,,,,,,,,
OGLE-TR-56 b,413.17692857307725,0.0225,2234.5206836444318,2.0958485227587453,1.32,6050.0,1.17,13.450776877126417,,,,,,,,
pi Men c,3.629600403311186,0.06702,1182.725631500143,1.442980969664804,1.1,6037.0,1.094,1.874029488405638,,,,,,,,
Qatar-10 b,233.92170725368064,0.0286,1955.3937896753662,1.985758046028252,1.254,6124.0,1.156,17.194576441259937,,,,,,,,
Qatar-1 Ab,411.2699581335092,0.02332,1418.4841978071358,0.36560526294506196,0.803,5013.0,0.838,12.811864975462912,,,,,,,,
Qatar-2 b,792.664046047119,0.02153,1348.1688941503562,0.2542860926684822,0.78,4645.0,0.74,14.056061836597106,,,,,,,,
Qatar-6 Ab,212.30937560524276,0.0423,1006.4566061201853,0.30487252839567885,0.722,5052.0,0.822,11.90393753625688,,,,,,,,
Qatar-7 b,597.5174043979886,0.0352,2052.944726617628,3.654699652357095,1.564,6387.0,1.409,19.055267242595757,,,,,,,,
Qatar-8 b,117.91433884662435,0.0474,1444.409152437119,1.6239585814184803,1.315,5687.0,1.029,14.403540239256204,,,,,,,,
Qatar-9 b,378.215803847663,0.0234,1133.1997838573723,0.14993912959334083,0.696,4309.0,0.719,11.309861557517127,,,,,,,,
Ross 176 b,4.570372486831424,0.0464,691.9079414942426,0.07933634689038599,0.57,4061.0,0.58,1.8405146360201314,,,,,,,,
tau Boo Ab,1837.0481901172204,0.046,1737.466867395567,3.191867976677227,1.426,6466.27,1.32,11.881519574795002,,,,,,,,
TIC 139270665 b,147.15455225333443,0.163,705.8223226652369,1.0895112083402407,1.02,5844.0,1.035,7.229792571455449,,,,,,,,
TIC 237913194 b,617.2227656068584,0.1207,881.0771673611954,1.1927856629636064,1.088,5788.0,1.026,12.520431476458507,,,,,,,,
TIC 241249530 Ab,1582.7854648414807,0.641,575.7382129193727,2.5327797403768377,1.397,6166.0,1.271,13.338687069817029,,,,,,,,
TIC 279401253 b,1951.466416491303,0.369,500.3186144292724,1.2652083848282047,1.06,5951.0,1.13,11.20898073093868,,,,,,,,
TIC 365102760 b,19.196835758318358,0.0622,1668.2494148789567,4.547449821241907,3.23,4694.0,1.21,6.20977532494003,,,,,,,,
TIC 434398831 b,6.610830857169235,0.04641,1203.4317222099444,0.7495810218822699,0.909,5638.0,0.992,3.509531866856901,,,,,,,,
TOI-1011 b,4.039599047818317,0.0346,1361.3609396515983,0.682814411190608,0.92,5475.0,0.91,1.4504421065834652,,,,,,,,
TOI-1052 Ab,16.9084712308367,0.09103,1108.9070304210582,2.046703354713357,1.264,6146.0,1.204,2.8694990671203024,,,,,,,,
TOI-1062 b,10.170509011029594,0.052,1036.8199973334918,0.5105120136580656,0.84,5328.0,0.94,2.2639899280349947,,,,,,,,
TOI-1064 b,13.50770728027368,0.06152,784.4075236980914,0.237671324050147,0.726,4734.0,0.748,2.5870327527006474,,,,,,,,
TOI-1107 b,1064.7251620921606,0.0561,1728.7144996426073,4.665953434336837,1.81,6311.0,1.35,14.571674950220284,,,,,,,,
TOI-1117 b,8.899195384650895,0.033,1532.7273174484935,0.9980327886110334,1.05,5635.0,0.97,2.4603712704410405,,,,,,,,
TOI-1130 b,19.80070973084824,0.0453,798.3611460698314,0.1382482759791808,0.687,4250.0,0.684,3.659732208651479,,,,,,,,
TOI-1130 c,335.94462577057124,0.0731,628.3881239043569,0.1382482759791808,0.687,4250.0,0.684,13.00241764788887,,,,,,,,
TOI-1135 b,20.430009975905698,0.082,1111.0033046161257,1.696992056159355,1.16,6122.0,1.125,8.967184584750944,,,,,,,,
TOI-1136 b,3.4961124725414225,0.05106,1211.562921888345,0.932490674054982,0.968,5770.0,1.022,1.905526724259576,,,,,,,,
TOI-1136 c,6.3184287231021345,0.0669,1059.9725232505564,0.932490674054982,0.968,5770.0,1.022,2.8790267007416004,,,,,,,,
TOI-1136 e,6.070522565958288,0.139,734.5203897457843,0.932490674054982,0.968,5770.0,1.022,2.639042423292203,,,,,,,,
TOI-1136 f,8.21904259453829,0.174,656.2550434653481,0.932490674054982,0.968,5770.0,1.022,3.8805491290509715,,,,,,,,
TOI-1136 g,12.077479450597641,0.229,572.158002940622,0.932490674054982,0.968,5770.0,1.022,2.52986695097286,,,,,,,,
TOI-1173 Ab,26.093712181422802,0.07,940.4341997227567,0.6361676121576332,0.93,5350.0,0.91,8.104093068468666,,,,,,,,
TOI-1194 b,144.92975340717172,0.0343,1365.3849391774763,0.677030341378452,0.963,5340.0,1.0,8.597288220629968,,,,,,,,
TOI-1199 b,75.96098917612727,0.04988,1484.7012183445681,2.0066469406032224,1.45,5710.0,1.23,10.514023925620481,,,,,,,,
TOI-1201 Ab,6.280289314310774,0.0287,705.1864736085713,0.03382493926841854,0.508,3476.0,0.512,2.4149748984807387,,,,,,,,
TOI-1203 Ab,3.5088256088052097,0.04869,1362.0699294755964,1.3519403791585292,1.179,5737.0,0.886,1.519937787115285,,,,,,,,
TOI-1203 Ad,7.389510453326189,0.1632,743.6534399590802,1.3519403791585292,1.179,5737.0,0.886,2.9180339536852666,,,,,,,,
TOI-1231 b,15.414677719841727,0.1288,330.5104668489171,0.03274764665884139,0.476,3562.0,0.485,3.6496441259936345,,,,,,,,
TOI-1238 b,3.759910050015003,0.0139,1283.9869078601823,0.08443353243520182,0.58,4089.0,0.59,1.2094490208682835,,,,,,,,
TOI-1238 c,8.320747684648586,0.037,782.8867580692215,0.08443353243520182,0.58,4089.0,0.59,2.1095301735626597,,,,,,,,
TOI-1259 Ab,131.89878873679004,0.0408,961.1947555799208,0.23595176750481603,0.711,4775.0,0.744,11.601295056521533,,,,,,,,
TOI-125 b,9.503069357180776,0.05186,1042.3394593459107,0.5171645688355595,0.848,5320.0,0.859,2.726024113764287,,,,,,,,
TOI-125 c,6.6299005615649165,0.0814,828.4525588431777,0.5171645688355595,0.848,5320.0,0.859,2.758978517113247,,,,,,,,
TOI-125 d,13.603055802252081,0.137,640.526056594409,0.5171645688355595,0.848,5320.0,0.859,2.9300275630673713,,,,,,,,
TOI-1266 b,4.389210295072458,0.0728,419.5540811309166,0.026601070470357382,0.42,3600.0,0.45,2.6195387968203696,,,,,,,,
TOI-1268 b,92.17023791245568,0.072,897.2342027766504,0.5556221607573252,0.92,5200.0,0.96,9.191364199369717,,,,,,,,
TOI-1273 b,70.5579062640178,0.0549,1206.081875486693,1.0574292658376432,1.06,5690.0,1.06,11.096890923629294,,,,,,,,
TOI-1278 b,5879.8255220014835,0.095,449.91168733973,0.06140121259564237,0.573,3799.0,0.55,12.217788996723163,,,,,,,,
TOI-1288 b,41.953349670497076,0.0429,1223.135155282187,0.6826191324695634,1.01,5225.0,0.89,5.240198491713834,,,,,,,,
TOI-1294 b,62.19901917057786,0.0489,1567.6593551519607,2.3922976512603493,1.581,5714.0,1.02,9.190243301296624,,,,,,,,
TOI-1295 b,451.3163373644382,0.047,1839.4523453179927,4.198383492327158,1.74,6269.0,1.32,15.692573023314152,,,,,,,,
TOI-1298 b,113.14691274770422,0.059,1389.3824630467695,2.1529113163399183,1.412,5889.0,1.44,9.42675279471943,,,,,,,,
TOI-132 Ab,22.40690266492457,0.026,1531.826571615017,0.6170000808952489,0.9,5397.0,0.97,3.4198600210093915,,,,,,,,
TOI-1333 Ab,753.2533236293793,0.0626,1678.7888669717524,5.155016443898887,1.925,6274.0,1.464,15.647737100390398,,,,,,,,
TOI-1347 b,12.204610813235512,0.0171,1835.629292719367,0.551301884832292,0.83,5464.0,0.913,1.8046458976811277,,,,,,,,
TOI-1406 b,14620.10670335504,0.101,1108.9880104797264,2.561301174241629,1.35,6290.0,1.18,9.639723428607265,,,,,,,,
TOI-1408 b,593.0678067056632,0.05778,1517.8505493756336,2.9425734589628596,1.53,6117.0,1.31,24.996027029993257,,,,,,,,
TOI-1408 c,7.596098917612728,0.03587,1930.8778175856771,2.9425734589628596,1.53,6117.0,1.31,2.220499082798953,,,,,,,,
TOI-1416 b,3.480221052211689,0.019,1521.488752727679,0.3212473290985909,0.793,4884.0,0.798,1.6196977156206391,,,,,,,,
TOI-1420 b,25.108444120979307,0.071,958.531917506945,0.6963576130759259,0.923,5493.0,0.987,11.890486759379751,,,,,,,,
TOI-1422 b,9.503069357180776,0.107,869.2171300233028,1.084401941080807,1.019,5840.0,0.981,3.8301087157617473,,,,,,,,
TOI-1422 c,13.98444989016569,0.205,629.406021667755,1.084401941080807,1.019,5840.0,0.981,2.610571612235619,,,,,,,,
TOI-1430 b,4.150838990126453,0.0706,811.9726477339323,0.3597761248422226,0.789,5037.0,0.843,1.9795059970837712,,,,,,,,
TOI-1431 b,997.9811967072789,0.047,2370.100445738487,11.574396251948713,1.92,7690.0,1.9,16.90314294225553,,,,,,,,
TOI-1448 b,19.514664164913032,0.0567,433.3888450695654,0.017570892149606582,0.38,3412.0,0.37,2.749562973299258,,,,,,,,
TOI-1452 Ab,4.821456928041217,0.061,326.09501807016125,0.00698704699248897,0.275,3185.0,0.249,1.672043655634123,,,,,,,,
TOI-1470 b,7.31958820387536,0.0285,734.1316510449753,0.0373734808504782,0.469,3709.0,0.471,2.1801467521675733,,,,,,,,
TOI-1470 c,7.240131102226692,0.106,389.97876710916586,0.0373734808504782,0.469,3709.0,0.471,2.470459353098885,,,,,,,,
TOI-1478 b,269.20066038568956,0.0903,920.0641373768369,0.9699949906250692,1.05,5595.0,0.946,11.881519574795002,,,,,,,,
TOI-150 b,797.7493005526336,0.0643,1440.5871267148211,2.85361422283105,1.551,6029.0,1.249,14.067270817328042,,,,,,,,
TOI-1516 Ab,969.3766401137581,0.0322,2010.0200085595625,2.790107597435813,1.35,6426.0,1.1,17.59809974757373,,,,,,,,
TOI-1518 b,581.6259840682549,0.03712,2551.3786017424363,9.695075445596535,1.95,7300.0,1.79,21.050465812702843,,,,,,,,
TOI-157 b,375.03751978171624,0.0318,1578.5942123493337,1.0427821857150001,1.167,5404.0,0.948,14.414749219987144,,,,,,,,
TOI-1601 b,314.65012252872805,0.06864,1618.866739711501,5.370004930645194,2.186,5948.0,1.517,13.887927125633027,,,,,,,,
TOI-1605 b,221.30391951187207,0.08258,1197.543354573045,2.2358533209826796,1.593,5597.0,0.989,10.340284724290933,,,,,,,,
TOI-1634 Ab,4.910448881887725,0.01545,926.8543797256331,0.028875463864933865,0.45,3550.0,0.502,1.7900742227309074,,,,,,,,
TOI-163 b,387.7506560455032,0.058,1669.464006470676,4.339318882449694,1.648,6495.0,1.4352,16.690172308367696,,,,,,,,
TOI-1670 b,13.793752846208886,0.103,1121.9026439583502,2.253424254671276,1.316,6170.0,1.21,2.0602106583465294,,,,,,,,
TOI-1670 c,184.34047582491135,0.249,684.3700180763365,2.253424254671276,1.316,6170.0,1.21,10.87271130901052,,,,,,,,
TOI-1685 b,3.0702224077045583,0.01164,1076.5634963896846,0.03022190935576073,0.492,3434.0,0.495,1.420177858609931,,,,,,,,
TOI-1695 b,5.784477000023082,0.033548,696.6107003035074,0.04378937727592053,0.53,3630.0,0.54,1.905526724259576,,,,,,,,
TOI-1696 Ab,56.79593625846839,0.0235,527.7646494427598,0.00711466165243443,0.2775,3185.0,0.255,3.240516329314373,,,,,,,,
TOI-169 b,251.40226961638777,0.03524,1714.157035563336,1.7804572900104783,1.288,5880.0,1.147,12.172953073799407,,,,,,,,
TOI-1710 Ab,18.40226474183167,0.164,666.5603430309023,0.8664448032288163,0.968,5665.0,0.984,5.150526645866324,,,,,,,,
TOI-1728 b,26.7802215396673,0.0391,767.1871564496057,0.08780302691336844,0.6243,3980.0,0.646,5.049645819287876,,,,,,,,
TOI-172 Ab,1719.4516796771907,0.0913,1223.3536066250008,2.8671194120025874,1.774,5644.0,1.124,10.816666405355827,,,,,,,,
TOI-1736 Ab,12.299959335213913,0.073,1111.405685102592,1.3501857331706317,1.15,5807.0,1.08,3.1799878333673037,,,,,,,,
TOI-1749 Ad,4.29068348902811,0.0707,535.9761654668199,0.0684903225909392,0.55,3985.0,0.58,2.5197788683150155,,,,,,,,
TOI-1751 b,17.099168274793502,0.2115,699.7424745107206,1.7196187042770572,1.17,6116.0,1.15,2.7899153039306377,,,,,,,,
TOI-1759 Ab,6.8015279011260406,0.1176,439.59872051900186,0.08576254512841795,0.6,4036.0,0.61,3.06005173954626,,,,,,,,
TOI-1778 b,8.381135081901574,0.072,1252.0491009363718,2.0587598617427885,1.31,6046.0,1.17,2.7050633197974316,,,,,,,,
TOI-179 Ab,24.091393219876352,0.0476,1019.1081743224718,0.381660092614108,0.798,5083.0,0.807,2.7305077060566627,,,,,,,,
TOI-1807 b,2.571231809350919,0.012,1726.7532519445003,0.21258908413220723,0.68,4757.0,0.75,1.3697374453207067,,,,,,,,
TOI-1811 b,309.56486802321325,0.04393,945.6721562737281,0.2558189085969767,0.773,4673.0,0.819,11.20898073093868,,,,,,,,
TOI-181 b,41.317692857307726,0.05578,881.1593283186542,0.3058074922386116,0.74,4994.0,0.781,6.930512785939386,,,,,,,,
TOI-1820 Ab,731.0053351677519,0.069,1293.764957897296,2.2129682287025894,1.51,5734.0,1.04,12.554058418651323,,,,,,,,
TOI-1824 Ab,18.497613263810074,0.149,578.781867623756,0.41370383120052495,0.8,5180.0,0.85,2.6296268794782147,,,,,,,,
TOI-1828 b,58.51220965407963,0.08587,1209.8719535648647,2.494354034515015,1.562,5809.0,1.04,8.619706182091846,,,,,,,,
TOI-1836 Ab,29.24021340671008,0.1577,983.6979316759337,3.834127989209735,1.611,6369.0,1.29,8.764077853906336,,,,,,,,
TOI-1836 Ac,7.94571016486687,0.03089,2217.90715913114,3.834127989209735,1.611,6369.0,1.29,2.600483529577774,,,,,,,,
TOI-1885 b,516.4075950350276,0.0728,1476.6169931165603,4.180650203377878,1.757,6232.0,1.2,13.660384816794968,,,,,,,,
TOI-1899 b,212.94503241843213,0.1525,369.6087379136404,0.07200209626582957,0.607,3841.0,0.627,11.096890923629294,,,,,,,,
TOI-1937 Ab,638.8350972552962,0.01932,2096.122414089938,1.1965701112781033,1.08,5814.0,1.072,13.977598971480536,,,,,,,,
TOI-1994 b,7024.007785742313,0.0613,2274.6829152783566,16.695871847628176,2.3,7700.0,1.86,13.67495649174519,,,,,,,,
TOI-199 Ab,54.03082912109472,0.48,331.66081341010744,0.4603722271183363,0.82,5255.0,0.936,10.87271130901052,,,,,,,,
TOI-2000 b,10.297640373667463,0.0426,1381.9955242824565,1.0992667272800372,1.113,5607.0,1.074,2.639714962136059,,,,,,,,
TOI-2000 c,75.70672645085153,0.0875,964.7842943160055,1.0992667272800372,1.113,5607.0,1.074,7.9695852996974015,,,,,,,,
TOI-2010 Ab,408.72733088075177,0.5516,401.4239193236746,1.2821335354143255,1.075,5929.0,1.112,11.81426569040937,,,,,,,,
TOI-2015 b,9.1852409505861,0.0293,519.6325909223393,0.010361404871071197,0.333,3194.0,0.342,3.3100120098461923,,,,,,,,
TOI-2019 b,34.611513478160084,0.1203,1042.4912869545728,2.8269118986916912,1.797,5588.0,0.987,5.660535269124034,,,,,,,,
TOI-201 b,133.4879307697634,0.3,652.6350313679612,2.6028707769185235,1.317,6394.0,1.316,11.20898073093868,,,,,,,,
TOI-201 c,4513.163373644382,4.28,182.67690254387497,2.6028707769185235,1.317,6394.0,1.316,11.096890923629294,,,,,,,,
TOI-2025 b,1398.4449890165693,0.089,1219.436260619237,2.611854807015487,1.56,5880.0,1.32,12.554058418651323,,,,,,,,
TOI-2031 Ab,254.26272527573985,0.066,1357.0377143643673,2.453086599385469,1.241,6490.0,1.174,14.201778586099307,,,,,,,,
TOI-2045 b,211.0062791382046,0.093,1271.4544922253526,3.7534144178516144,1.723,6125.85,1.157,12.68408259513021,,,,,,,,
TOI-2093 c,15.796071807755338,0.257,359.4528322458283,0.18310121444656954,0.729,4426.0,0.745,2.2978410498424293,,,,,,,,
TOI-2120 b,6.8015279011260406,0.0377,390.1156536634627,0.005179108018732534,0.245,3131.0,0.21,2.121972142174002,,,,,,,,
TOI-2136 b,4.703860417601187,0.054,404.62152371793786,0.012947149003453326,0.34,3342.0,0.34,2.090474906320064,,,,,,,,
TOI-2141 b,20.086755296783448,0.1322,732.5237931062677,0.8169837566634536,0.95,5635.0,0.896,3.147033430018344,,,,,,,,
TOI-2145 b,1754.4128044026047,0.11,1498.1915927863975,9.875051022061722,2.738,6189.0,1.72,12.307460842570672,,,,,,,,
TOI-2152 Ab,899.4543906629297,0.05064,1804.5094529224864,4.507904618878362,1.612,6630.0,1.516,14.35870431633245,,,,,,,,
TOI-2154 b,292.4021340671008,0.0513,1582.432644570794,2.7214473789785694,1.396,6280.0,1.233,16.286649002053903,,,,,,,,
TOI-2158 b,260.61929340763334,0.074,1194.240987645712,1.8487572469635083,1.41,5673.0,1.12,10.760621501701133,,,,,,,,
TOI-2169 Ab,329.58805763867775,0.0896,1362.644375087356,4.596248161164229,1.82,6270.0,1.42,12.509222495727569,,,,,,,,
TOI-216 b,17.734825087982856,0.1293,586.6529167953104,0.32454611575360376,0.747,5045.0,0.77,7.690481679497029,,,,,,,,
TOI-216 c,167.8133986819883,0.2068,462.3614200585602,0.32454611575360376,0.747,5045.0,0.77,10.099291638575751,,,,,,,,
TOI-2180 b,875.617260168329,0.828,393.10006040577497,2.527737911751589,1.636,5695.0,1.111,11.321070538248067,,,,,,,,
TOI-2193 Ab,298.7587021989943,0.03319,1764.0878683078076,1.7715470724713012,1.248,5966.0,1.082,19.839895893761465,,,,,,,,
TOI-2196 b,26.061929340763335,0.02234,1856.3108807707217,0.9840711896490277,1.043,5634.0,1.032,3.509531866856901,,,,,,,,
TOI-2202 b,310.83618164959194,0.09564,714.8593003300559,0.3963103133901144,0.794,5144.0,0.823,11.20898073093868,,,,,,,,
TOI-2207 b,203.41018022059188,0.0854,1263.8418837759245,3.042763004607585,1.564,6101.0,1.296,11.152935827283986,,,,,,,,
TOI-220 b,13.603055802252081,0.0892,792.4140056409044,0.5207303868703641,0.858,5298.0,0.825,3.0196994089148803,,,,,,,,
TOI-2257 b,5.689128478044679,0.145,250.93043820034427,0.012019538366150344,0.311,3430.0,0.33,2.1940458882739375,,,,,,,,
TOI-2285 b,19.514664164913032,0.1363,314.27803924833455,0.028709517005181394,0.464,3491.0,0.454,1.7396338094416832,,,,,,,,
TOI-2295 b,278.09985577034047,0.199,757.6064270158743,2.041987700193181,1.451,5733.0,1.17,16.47720167447986,,,,,,,,
TOI-2322 b,2.3106125159432858,0.0924,601.9838617911629,0.18618327944059862,0.662,4664.0,0.703,0.9940124112196421,,,,,,,,
TOI-2322 c,18.084436335236994,0.1362,495.82940684870596,0.18618327944059862,0.662,4664.0,0.703,1.874029488405638,,,,,,,,
TOI-2338 b,1900.6138714361555,0.158,748.7882974311049,0.960322751414537,1.05,5581.0,0.99,11.20898073093868,,,,,,,,
TOI-2346 b,394.10722417739674,0.0473,1687.7855973344774,3.014732106296551,1.38,6480.0,1.271,16.118514291089824,,,,,,,,
TOI-2364 b,71.51139148380183,0.04871,1091.2100059356585,0.5586334747631023,0.886,5306.0,0.954,8.608497201360906,,,,,,,,
TOI-2373 b,2955.804181330476,0.112,855.3251007954802,1.1078402231603302,1.1,5651.0,1.04,10.424352079772973,,,,,,,,
TOI-2374 Bb,379.48711747404167,0.04818,878.1564369162209,0.22728843284770262,0.69,4802.0,0.75,7.487599128267039,,,,,,,,
TOI-2379 b,1830.6916219853267,0.05263,623.1430310235505,0.06517248082340807,0.62,3707.0,0.645,11.724593844561861,,,,,,,,
TOI-2382 b,235.19302088005935,0.059,1425.691441251941,2.388160613982131,1.417,6033.0,1.26,12.251415938915978,,,,,,,,
TOI-2384 Ab,624.8506473651306,0.0279,889.7716792702663,0.08101772774267188,0.611,3943.0,0.635,11.489205249212146,,,,,,,,
TOI-238 c,6.706179379147638,0.0749,788.7182185106759,0.3363317800009694,0.75,5080.0,0.788,2.1801467521675733,,,,,,,,
TOI-2406 b,9.0898924286077,0.0228,448.8517985846539,0.0033832963799851454,0.202,3100.0,0.162,2.9401156457252156,,,,,,,,
TOI-2407 b,16.84490554951776,0.033,706.1404904386338,0.04481830927290706,0.567,3530.0,0.548,4.260533575829792,,,,,,,,
TOI-2416 b,953.4852197840244,0.0831,1094.7961803168357,1.5607520071331997,1.236,5808.0,1.118,9.863903043226038,,,,,,,,
TOI-2420 b,295.58041813304754,0.0684,1620.168246973922,5.3450545454584395,2.369,5707.0,1.158,15.020034179457832,,,,,,,,
TOI-2431 b,6.197653928596158,0.0063,2014.1400194139567,0.108466861009469,0.651,4109.0,0.661,1.5359666295605277,,,,,,,,
TOI-2449 b,222.47988461627233,0.45,447.21470235015965,1.3383332079648182,1.065,6021.0,1.079,11.20898073093868,,,,,,,,
TOI-2458 b,13.31065366818498,0.0482,1516.7786810326659,2.034184961049152,1.32,6005.0,1.05,2.830267634562017,,,,,,,,
TOI-2485 b,765.9664598931663,0.109,1152.6136719591402,3.4801201172779814,1.72,6016.4,1.16,12.105699189413777,,,,,,,,
TOI-2497 b,1655.8859983582556,0.1167,1603.1500797548158,14.648372951979468,2.358,7360.0,1.86,11.20898073093868,,,,,,,,
TOI-2498 b,34.62104833035792,0.0491,1443.8744923844097,1.7330505395124907,1.26,5905.0,1.12,6.059574983145451,,,,,,,,
TOI-2524 b,203.41018022059188,0.073,1101.3463593624926,1.301963295303111,1.12,5831.0,1.01,11.20898073093868,,,,,,,,
TOI-2525 b,26.697586153952685,0.1511,562.1566067625855,0.37311913389379553,0.785,5096.0,0.849,8.675751085746539,,,,,,,,
TOI-2525 c,208.81326313270134,0.249,437.67602276300045,0.37311913389379553,0.785,5096.0,0.849,10.132918580768568,,,,,,,,
TOI-2537 b,413.17692857307725,0.3715,342.2392257035078,0.2928396346597015,0.77,4843.0,0.77,11.20898073093868,,,,,,,,
TOI-257 b,42.589006483686425,0.1523,1049.4901337553765,4.536158536135296,1.926,6075.0,1.389,7.016821937567614,,,,,,,,
TOI-2580 Ab,200.2318961546451,0.048,1718.1922460930427,3.3237827069178687,1.64,6091.0,1.37,17.373920132954954,,,,,,,,
TOI-2583 Ab,79.4571016486687,0.0571,1455.792184873664,2.43179571877636,1.477,5936.0,1.215,14.459585142910898,,,,,,,,
TOI-2587 Ab,69.2865926376391,0.0635,1448.0691932257862,2.9441643271565217,1.726,5760.0,1.15,12.072072247220959,,,,,,,,
TOI-2589 b,1112.3994230813619,0.3,528.6772254184033,0.9958261599884346,1.07,5579.0,0.93,12.105699189413777,,,,,,,,
TOI-260 b,9.41089911926832,0.0943,492.54460622614033,0.08690864806996226,0.607,4026.0,0.616,1.6297857982784842,,,,,,,,
TOI-269 b,8.803846862672492,0.0345,590.0403403560446,0.021685213515085323,0.398,3514.0,0.3917,2.769739138614948,,,,,,,,
TOI-270 b,1.4810803747311845,0.0306,575.3955235132504,0.01704141050526494,0.38,3386.0,0.4,1.2469991063169283,,,,,,,,
TOI-270 c,6.197653928596158,0.0472,463.2784528706998,0.01704141050526494,0.38,3386.0,0.4,2.3303470939621516,,,,,,,,
TOI-270 d,4.195334967049707,0.0733,371.7586767123362,0.01704141050526494,0.38,3386.0,0.4,2.1297063388783495,,,,,,,,
TOI-2714 b,227.8829675283818,0.036,1615.1656169182702,1.4448082493565007,1.25,5665.0,1.07,13.719792414668945,,,,,,,,
TOI-2796 b,139.84449890165692,0.04089,1421.142303173348,1.1325094349685485,1.069,5764.0,1.063,17.822279362192504,,,,,,,,
TOI-2803 Ab,309.88269642980794,0.03185,1893.315101518698,2.1645509240488883,1.245,6280.0,1.118,18.11371286119691,,,,,,,,
TOI-2818 b,225.6581686822191,0.0493,1377.3925428251077,1.4527205721501715,1.229,5721.0,0.977,15.277840736269422,,,,,,,,
TOI-2842 b,117.59651044002968,0.0475,1470.6835564496407,1.7527561692168088,1.265,5910.0,1.135,12.845491917655727,,,,,,,,
TOI-2844 b,17162.73395611244,0.0537,1965.4846718773078,6.485488953459587,1.78,6910.0,1.58,8.686960066477477,,,,,,,,
TOI-286 b,4.529054793974116,0.0503,974.5031658588916,0.3789015012720777,0.78,5132.0,0.83,1.420177858609931,,,,,,,,
TOI-286 c,3.718592357157695,0.213,473.56265326835813,0.3789015012720777,0.78,5132.0,0.83,1.8797460685784166,,,,,,,,
TOI-2876 b,54.03082912109472,0.0654,928.633960058035,0.5281911036708807,0.873,5271.0,0.939,9.639723428607265,,,,,,,,
TOI-2886 b,444.95976923254466,0.02871,1978.2773653780775,2.096391796442056,1.241,6240.0,1.229,18.640534955551026,,,,,,,,
TOI-2969 b,368.6809516498227,0.0261,1183.1971654089307,0.2217005831232605,0.7,4738.0,0.71,12.32987880403255,,,,,,,,
TOI-2977 Ab,533.9517230790536,0.03386,1544.821366385119,1.0842871631443096,1.073,5691.0,0.936,13.15934337812201,,,,,,,,
TOI-2981 b,637.8816120355124,0.048,1358.8688523574704,1.3037184773241903,1.08,5940.0,1.03,13.394731973471725,,,,,,,,
TOI-2986 b,96.61983560478113,0.04489,1623.0455181524867,2.322091604678197,1.458,5906.0,1.122,9.292245025948166,,,,,,,,
TOI-2989 b,953.4852197840244,0.0384,1002.2528869325594,0.24707514039387563,0.76,4672.0,0.77,12.554058418651323,,,,,,,,
TOI-2992 b,1058.3685939602672,0.0434,1726.2509290991313,2.777489967364473,1.545,6000.0,1.21,13.753419356861762,,,,,,,,
TOI-3023 b,197.05361208869837,0.0505,1596.276482454887,2.7496192278943963,1.668,5760.0,1.12,16.432365751556105,,,,,,,,
TOI-3071 b,68.20597605521722,0.0249,2163.179079382545,2.24307361320792,1.31,6177.0,1.29,7.16029689092363,,,,,,,,
TOI-3135 b,327.36325879251507,0.04756,1292.5453359517376,1.04839313863263,0.985,5890.0,1.044,13.652538530283312,,,,,,,,
TOI-3160 Ab,378.215803847663,0.0505,1540.9934321776964,2.388049065556142,1.346,6190.0,1.088,13.764628337592699,,,,,,,,
TOI-3235 Ab,211.35589038545874,0.02709,603.5907792652712,0.016168250812320744,0.3697,3388.0,0.3939,11.399533403364638,,,,,,,,
TOI-3261 b,30.289047148472505,0.01714,1719.959974041267,0.4269257353816404,0.849,5068.0,0.86,3.820020633103902,,,,,,,,
TOI-3288 Ab,670.6179379147637,0.0215,1097.75765365154,0.11147055238638368,0.672,4072.0,0.643,11.20898073093868,,,,,,,,
TOI-329 b,40.395990478183165,0.0638,1374.8889091773249,2.2240341330082014,1.61,5560.0,0.98,4.7201017857982785,,,,,,,,
TOI-3321 Ab,176.07693725344984,0.047,1620.0352911899377,2.5229975551866564,1.549,5850.0,1.041,15.580483216004765,,,,,,,,
TOI-332 b,57.20911318704146,0.0159,1872.9939746128816,0.5166508023999903,0.87,5251.0,0.88,3.1945595083175236,,,,,,,,
TOI-3331 Ab,721.4704829699118,0.03144,1488.3187166317202,0.8053899141126667,0.952,5609.0,1.016,12.979999686426991,,,,,,,,
TOI-333 b,20.086755296783448,0.049,1425.8892111146038,1.6481344241611875,1.1,6241.0,1.2,4.260533575829792,,,,,,,,
TOI-3362 b,1271.3136263786992,0.155,1185.7779218157798,5.473654909798484,1.83,6532.0,1.445,13.450776877126417,,,,,,,,
TOI-3364 b,530.7734390131069,0.0675,1261.54973429544,1.9163833547924005,1.419,5706.0,1.186,12.2289979774541,,,,,,,,
TOI-3464 b,397.2855082433435,0.0515,1690.5632145958036,3.597472277351914,1.56,6370.0,1.363,13.764628337592699,,,,,,,,
TOI-3474 b,193.8753280227516,0.0502,1452.0205077600624,1.8601834393682584,1.256,6020.0,1.121,14.672555776798733,,,,,,,,
TOI-3486 b,99.16246285753853,0.03138,1191.288244460321,0.32932950540745837,0.788,4930.0,0.837,10.570068829275176,,,,,,,,
TOI-3523 Ab,435.4249170347045,0.03559,1983.8704079149259,3.2581157711167017,1.448,6450.0,1.131,15.97279754158762,,,,,,,,
TOI-3540 Ab,375.03751978171624,0.04289,1499.0999528314755,1.5427366359700068,1.228,5810.0,1.081,23.53885953497123,,,,,,,,
TOI-3568 b,26.37975774735801,0.0485,922.7040196506786,0.2829595118511144,0.719,4969.0,0.78,5.301847885733996,,,,,,,,
TOI-3577 b,17099.1682747935,0.0623,1514.272005665659,3.3887629397449555,1.753,5920.0,1.11,11.20898073093868,,,,,,,,
TOI-3593 b,565.7345637385212,0.0481,1170.7843787203556,0.7178733394933283,0.918,5550.0,1.015,11.029637039243662,,,,,,,,
TOI-3629 b,82.63538571461545,0.043,697.3030217240351,0.07249981371582298,0.6,3870.0,0.63,8.294645740894623,,,,,,,,
TOI-3682 Ab,69.2865926376391,0.048,1653.3537710748594,2.858926395874008,1.735,5703.0,1.32,12.800655994731972,,,,,,,,
TOI-3688 Ab,311.4718384627813,0.0456,1533.110063249232,1.9075694617897696,1.302,5950.0,1.2,13.080880513005441,,,,,,,,
TOI-3714 Ab,218.9837721437309,0.0263,777.2674432385751,0.04190397515704644,0.51,3660.0,0.53,11.141726846553048,,,,,,,,
TOI-3757 b,85.30514433001072,0.03845,759.5658061228039,0.08091206784272559,0.62,3913.0,0.64,11.993609382104388,,,,,,,,
TOI-375 b,236.78216291303272,0.099,1374.0828001044429,5.780022143815046,2.9,5260.0,1.44,10.771830482432073,,,,,,,,
TOI-3785 b,14.950648246213502,0.043,588.9012269404241,0.036704607051148884,0.5,3576.0,0.52,5.140438563208479,,,,,,,,
TOI-3807 b,330.5415428584618,0.0421,1643.5450023597823,2.147572977495526,1.468,5772.0,1.181,22.41796146187736,,,,,,,,
TOI-3819 b,352.78953132008905,0.04611,1631.6890627349976,2.502633149088998,1.538,5859.0,1.242,13.136925416660134,,,,,,,,
TOI-3856 b,171.6273395611244,0.0325,1544.5738875794302,0.9982948120846415,1.055,5622.0,1.096,13.59649362662862,,,,,,,,
TOI-3862 b,53.71300071450004,0.0254,1538.1827684845825,0.5996110986455826,0.92,5300.0,0.9,5.5305110926451455,,,,,,,,
TOI-3877 b,99.79811967072789,0.0529,1444.3411803305237,2.022310598225233,1.445,5731.0,1.16,11.679757921638105,,,,,,,,
TOI-3884 b,16.495294302263623,0.0354,468.4488833823271,0.009494106888481397,0.3043,3269.0,0.2813,6.309535253445383,,,,,,,,
TOI-3912 b,129.03833307743798,0.0463,1513.6933778397781,1.8688350230182016,1.392,5725.0,1.088,14.280241451215879,,,,,,,,
TOI-396 Ab,3.550143301662517,0.0489,1566.015561746333,2.27813809580659,1.31,6201.0,1.145,1.9951985701070851,,,,,,,,
TOI-396 Ac,0.8899195384650894,0.0687,1311.7416578332038,2.27813809580659,1.31,6201.0,1.145,1.9795059970837712,,,,,,,,
TOI-396 Ad,7.087573467061248,0.1046,1069.0475596446558,2.27813809580659,1.31,6201.0,1.145,2.0176165315689625,,,,,,,,
TOI-3976 Ab,55.61997115406808,0.0743,1294.9921824188111,2.578122521999028,1.501,5975.0,1.254,12.273833900377856,,,,,,,,
TOI-3980 b,187.51875989085812,0.0494,1615.633840241144,2.76110549835458,1.626,5840.0,1.24,14.459585142910898,,,,,,,,
TOI-3984 Ab,43.860320110065125,0.041,567.6190920515505,0.028953783109591635,0.47,3476.0,0.49,7.9583763189664625,,,,,,,,
TOI-4010 b,11.123994230813619,0.0229,1481.8837943528406,0.41974871708433203,0.83,5104.0,0.88,3.0196994089148803,,,,,,,,
TOI-4010 c,20.309235181399718,0.058,931.1462382018422,0.41974871708433203,0.83,5104.0,0.88,5.929550806666563,,,,,,,,
TOI-4010 d,38.148943643558816,0.113,667.4372592524948,0.41974871708433203,0.83,5104.0,0.88,6.179511076966495,,,,,,,,
TOI-402 Ac,6.788814764862254,0.1235,645.6325849401964,0.43804881528779854,0.839,5131.0,0.851,2.526055897524341,,,,,,,,
TOI-4087 b,232.01473681411258,0.04469,1457.6496016730061,1.4972371725493236,1.112,6060.0,1.178,13.047253570812623,,,,,,,,
TOI-4145 Ab,136.66621483571015,0.04823,1074.7004142218225,0.5152779133523118,0.859,5281.0,0.905,13.305060127624214,,,,,,,,
TOI-4201 b,822.8577446736131,0.03939,750.3800789806761,0.08149260053219966,0.62,3920.0,0.63,12.699775168153526,,,,,,,,
TOI-4214 b,165.2707714292309,0.05018,1642.0333646017896,3.0398108573168434,1.434,6370.0,1.382,10.682158636584562,,,,,,,,
TOI-421 Ab,6.706179379147638,0.0554,1020.3105870864166,0.5476527695489322,0.871,5325.0,0.852,2.639714962136059,,,,,,,,
TOI-421 Ac,14.11158125280356,0.117,703.8255996845317,0.5476527695489322,0.871,5325.0,0.852,5.089998149919255,,,,,,,,
TOI-431 b,3.0702224077045583,0.0113,1881.0247207626087,0.26545581184949246,0.731,4850.0,0.78,1.2800655994731973,,,,,,,,
TOI-431 d,9.884463445094386,0.098,638.7349598960701,0.26545581184949246,0.731,4850.0,0.78,3.2898358445305025,,,,,,,,
TOI-4377 b,304.16178511110377,0.0579,1870.601037479335,6.80924531258548,3.52,4974.0,1.36,15.132123986767219,,,,,,,,
TOI-4379 b,353.74301653987305,0.0477,1868.4507783139306,4.604159659719181,1.976,6020.0,1.372,16.690172308367696,,,,,,,,
TOI-4438 b,5.403082912109472,0.0534,436.6050268336986,0.017037129731869396,0.372,3422.0,0.368,2.5197788683150155,,,,,,,,
TOI-4463 Ab,252.3557548361718,0.04035,1395.2527611817284,1.024603840166895,1.062,5640.0,1.056,13.26022420470046,,,,,,,,
TOI-4465 b,1872.0093148426345,0.416,420.5597935460573,0.8727154043064792,1.014,5545.0,0.93,14.01122591367335,,,,,,,,
TOI-4487 Ab,397.2855082433435,0.05448,1638.9003414590982,3.555835973085252,1.634,6206.0,1.378,14.6053018924131,,,,,,,,
TOI-4495 b,7.69144743959113,0.03957,1723.6257989138949,2.287895708296834,1.309,6210.0,1.247,2.4830134115175366,,,,,,,,
TOI-4495 c,23.201473681411258,0.06323,1362.579515673765,2.287895708296834,1.309,6210.0,1.247,4.029628572772456,,,,,,,,
TOI-4504 b,9.852680604434918,0.0339,1335.151755923596,0.606428020423596,0.92,5315.0,0.89,2.690155375425283,,,,,,,,
TOI-4504 c,1197.2596076421398,0.3546,412.8203661673851,0.606428020423596,0.92,5315.0,0.89,10.760621501701133,,,,,,,,
TOI-4507 b,29.87587021989943,0.449,457.499101915989,1.4647633206770945,1.039,6235.0,1.15,8.219545569997335,,,,,,,,
TOI-4515 b,635.6568131893496,0.118,728.5978709971533,0.5785571331440882,0.86,5433.0,0.95,12.217788996723163,,,,,,,,
TOI-4551 b,473.56432582606544,0.0994,1412.6718526260668,6.501489604818456,3.55,4896.0,1.31,11.881519574795002,,,,,,,,
TOI-4603 b,4096.808161005358,0.0888,1675.5268884238928,9.759974935043676,2.722,6189.0,1.752,11.679757921638105,,,,,,,,
TOI-4641 b,1229.9959335213914,0.173,988.9763765985558,4.741337277921074,1.72,6500.0,1.42,8.182555933585236,,,,,,,,
TOI-4666 b,222.47988461627233,0.0333,766.6055459753221,0.06359656116249164,0.585,3793.0,0.576,12.441968611341936,,,,,,,,
TOI-469 b,5.91160836266095,0.107,778.7929647770121,0.6993796197005566,1.0,5283.0,0.91,3.4803885169564603,,,,,,,,
TOI-4734 b,61.65871087936691,0.074,1466.2636930482468,4.203093987726826,1.857,6070.0,1.391,10.917547231934275,,,,,,,,
TOI-4773 b,1687.668839017723,0.0322,2255.0326104048454,4.451368132190974,1.55,6740.0,1.452,15.244213794076607,,,,,,,,
TOI-4776 Ab,10170.509011029593,0.0962,1032.2456143101065,1.7446049607857634,1.22,6011.0,1.06,11.433160345557454,,,,,,,,
TOI-4791 b,734.1836192336988,0.0555,1471.8771792216849,2.4006541172101006,1.409,6058.0,1.242,12.441968611341936,,,,,,,,
TOI-4794 b,308.2935543968345,0.0492,1673.3443082028907,3.151583276948701,1.451,6390.0,1.25,14.35870431633245,,,,,,,,
TOI-481 b,486.27746208985246,0.097,1147.4157508331243,2.6763345144832322,1.66,5735.0,1.14,11.096890923629294,,,,,,,,
TOI-4860 b,212.94503241843213,0.0185,709.1805334846532,0.014359780800863253,0.348,3390.0,0.335,8.473989432589642,,,,,,,,
TOI-4914 b,226.92948230859778,0.098,914.9841974847475,1.0195286303787605,1.0,5805.0,1.03,12.870151675263795,,,,,,,,
TOI-4940 b,88.99195384650895,0.165,704.6275318201749,1.114457882232543,1.163,5504.0,1.012,6.602089650522882,,,,,,,,
TOI-4961 b,572.0911318704146,0.0726,923.3648429047832,0.6256181060229177,0.912,5380.0,0.912,12.341087784763488,,,,,,,,
TOI-4994 b,88.99195384650895,0.1515,727.3749272635389,1.0111413362147232,1.055,5640.0,1.0,8.541243316975274,,,,,,,,
TOI-5005 b,32.704543038592035,0.06614,1039.5251127944962,0.8482535024452463,0.93,5749.0,0.97,6.250127655571408,,,,,,,,
TOI-5081 b,16622.42566490149,0.0645,1456.5512964557,3.0820909951981252,1.484,6283.43,1.23,9.796649158840406,,,,,,,,
TOI-5108 b,32.10066906606215,0.073,1177.3167709260051,1.7001074919816233,1.29,5808.0,1.1,6.602089650522882,,,,,,,,
TOI-5110 b,921.7023791245568,0.2157,1086.1248923917963,7.17206973179468,2.36,6154.0,1.46,11.982400401373448,,,,,,,,
TOI-5153 b,1036.1206054986396,0.158,905.213110496509,2.7720994010125035,1.4,6300.0,1.24,11.881519574795002,,,,,,,,
TOI-5181 Ab,330.5415428584618,0.0522,1582.0360875770264,2.834417940017267,1.53,6060.0,1.25,13.349896050547969,,,,,,,,
TOI-5205 b,343.2546791222488,0.0195,745.4491054927715,0.019494480967802395,0.394,3439.0,0.392,10.53644188708236,,,,,,,,
TOI-5210 b,81.9997289014261,0.0557,1285.7087412189453,1.407790775540052,1.209,5723.0,1.105,10.726994559508316,,,,,,,,
TOI-5218 b,253.94489686914517,0.0469,792.5083973968628,0.14408491502346957,0.708,4230.0,0.739,9.8526940624951,,,,,,,,
TOI-521 b,5.307734390131069,0.0195,794.0553081175299,0.025103228218674497,0.421,3544.0,0.42,1.9795059970837712,,,,,,,,
TOI-5261 b,3651.8483917728136,0.05134,1249.0448430006568,1.0518559523415956,1.021,5790.0,1.037,11.601295056521533,,,,,,,,
TOI-5293 Ab,171.6273395611244,0.034,676.79064732934,0.040145637430076826,0.52,3586.0,0.54,11.881519574795002,,,,,,,,
TOI-5300 b,190.69704395680486,0.0295,1043.4698222744512,0.17132508055070453,0.65,4610.0,0.67,9.863903043226038,,,,,,,,
TOI-530 b,127.13136263786993,0.052,568.5791310056395,0.046927529072898766,0.54,3659.0,0.53,9.303454006679104,,,,,,,,
TOI-5322 b,184.0226474183167,0.0604,1350.3719439369434,2.014395955212016,1.462,5692.0,0.998,16.611709443251126,,,,,,,,
TOI-532 b,61.49979667606957,0.0296,867.6192987988361,0.08244371915318677,0.612,3957.0,0.639,5.819702795503363,,,,,,,,
TOI-5340 b,270.15414560547356,0.0628,1339.2053715045363,2.1065188822801626,1.35,5990.0,1.842,15.076079083112525,,,,,,,,
TOI-5344 b,133.4879307697634,0.04,693.0609721734459,0.06118992971661619,0.588,3747.0,0.612,9.751813235916652,,,,,,,,
TOI-5350 b,2094.489199458907,0.0796,1194.7656366800882,2.1436741439175098,1.263,6220.0,1.167,12.441968611341936,,,,,,,,
TOI-5386 Ab,155.10026241820128,0.04856,1487.9251493000268,1.9192830692791203,1.245,6094.0,1.165,14.706182718991549,,,,,,,,
TOI-5422 b,8803.846862672492,0.0616,1359.1647492650973,2.1407782589750566,1.48,5744.0,1.05,9.135319295715025,,,,,,,,
TOI-5542 b,419.53349670497073,0.332,490.68133395954777,1.0608678494401782,1.058,5700.0,0.89,11.309861557517127,,,,,,,,
TOI-5573 b,111.23994230813616,0.0712,528.2115438039382,0.06536123651650545,0.594,3790.0,0.619,9.751813235916652,,,,,,,,
TOI-558 b,1147.360547806776,0.1291,1073.7920843414474,3.51233974395073,1.496,6466.0,1.349,12.172953073799407,,,,,,,,
TOI-5592 b,285.72773752861264,0.03935,1790.2804838366862,2.6413814370894717,1.393,6240.0,1.194,17.14974051833618,,,,,,,,
TOI-559 b,1910.1487236339954,0.0723,1183.230746579721,1.6821708455506843,1.233,5925.0,1.026,12.2289979774541,,,,,,,,
TOI-5610 b,12840.26762642486,0.0647,502.94441985929126,0.041597905808769396,0.52,3618.0,0.53,9.94236590834261,,,,,,,,
TOI-5616 b,254.8983820889292,0.0272,939.0540376423628,0.0955338948613662,0.646,3996.0,0.666,10.771830482432073,,,,,,,,
TOI-561 b,2.0213886659421316,0.01064,2271.0427482092296,0.5000827001428279,0.832,5326.0,0.805,1.396975268496888,,,,,,,,
TOI-561 c,5.930678067056632,0.0889,791.0351154203626,0.5000827001428279,0.832,5326.0,0.805,2.865015474827927,,,,,,,,
TOI-561 d,13.32972337258066,0.1587,588.936588788589,0.5000827001428279,0.832,5326.0,0.805,2.6150552045279944,,,,,,,,
TOI-561 e,12.395307857192316,0.33,408.07242104102517,0.5000827001428279,0.832,5326.0,0.805,2.5169766231322805,,,,,,,,
TOI-561 f,19.101487236339956,1.034,230.56023484693284,0.5000827001428279,0.832,5326.0,0.805,2.320259011304307,,,,,,,,
TOI-5634 Ab,183.06916219853267,0.0272,837.0755828549579,0.06031895963129361,0.54,3896.0,0.556,10.345889214656403,,,,,,,,
TOI-564 Ab,464.9829588480092,0.02734,1686.201368155767,1.000837315096076,1.04,5666.0,1.1,11.433160345557454,,,,,,,,
TOI-5678 b,20.023189615464513,0.249,514.6195284973063,0.7149945546154598,0.938,5485.0,0.905,4.909533560151142,,,,,,,,
TOI-5688 Ab,123.95307857192317,0.03379,736.8827345052688,0.05544214675468469,0.57,3713.0,0.6,10.301053291732648,,,,,,,,
TOI-5713 b,4.29068348902811,0.06,349.4460611934534,0.008653625105373217,0.2985,3225.0,0.2653,1.7698980574152179,,,,,,,,
TOI-5786 b,73.1005335167752,0.114,1038.4528537770834,2.509655891756024,1.36,6235.0,1.23,8.639882347407536,,,,,,,,
TOI-5789 Ac,5.085254505514797,0.1009,718.3878459945684,0.45027265752149315,0.833,5185.0,0.821,2.8605318825355512,,,,,,,,
TOI-5795 b,23.659146586907593,0.064,1142.291029865378,1.1212694518921258,1.082,5715.0,0.901,5.620182938492654,,,,,,,,
TOI-5800 b,10.806165824218944,0.0345,1144.9138132844046,0.31272242619450363,0.8,4830.0,0.79,2.6800672927674385,,,,,,,,
TOI-5817 b,10.297640373667463,0.1223,955.265217731933,2.0264772319681326,1.427,5770.0,0.97,3.080227904861949,,,,,,,,
TOI-6002 b,3.8139408791360974,0.05722,300.2503025735272,0.004368629795034152,0.21,3241.0,0.24,1.6499619635941738,,,,,,,,
TOI-6016 b,371.8592357157695,0.055,1609.5967902554976,3.3717169320539875,1.7,6004.0,1.04,13.67495649174519,,,,,,,,
TOI-6029 b,519.6494447822932,0.0731,1698.8228135610245,7.3600158130563145,2.338,6223.0,1.548,14.392331258525266,,,,,,,,
TOI-6034 Bb,253.62706846255048,0.02949,713.9070730510609,0.0374822720818336,0.489,3635.0,0.514,11.915146516987816,,,,,,,,
TOI-603 b,47.51534678590388,0.1281,1020.9857625930038,2.8884280821890584,1.629,5900.75,1.072,7.930353867139117,,,,,,,,
TOI-6054 b,12.395307857192316,0.0763,1365.3196720898616,3.3159841282071016,1.662,6047.0,1.107,2.649803044793904,,,,,,,,
TOI-6054 c,9.1852409505861,0.1,1206.0018407961072,3.3159841282071016,1.662,6047.0,1.107,2.80224518273467,,,,,,,,
TOI-6130 b,333.71982692440855,0.036,1666.014232149375,1.656897196653901,1.27,5816.0,1.09,14.347495335601511,,,,,,,,
TOI-6158 b,135.07707280273678,0.03275,637.6381098532086,0.02939136809710296,0.476,3467.0,0.503,10.424352079772973,,,,,,,,
TOI-620 b,15.414677719841727,0.04825,606.4593717227064,0.05134223978951232,0.55,3708.0,0.577,3.7594921371568333,,,,,,,,
TOI-6255 b,1.439762681873877,0.0054,1365.4957542799348,0.016834734623008912,0.37,3421.0,0.353,1.0789764851601573,,,,,,,,
TOI-628 b,2011.8538137442915,0.0486,1586.4375541071836,2.478307367129196,1.345,6250.0,1.311,11.881519574795002,,,,,,,,
TOI-6303 b,2491.7747077022505,0.076,543.3363103391357,0.08357426460609346,0.61,3977.0,0.64,11.545250152866842,,,,,,,,
TOI-6324 b,1.1696085362684032,0.00432,1321.2288110632103,0.009443586746945306,0.293,3327.0,0.269,1.0590244994590865,,,,,,,,
TOI-6330 b,3178.284065946748,0.0576,505.4399516605081,0.033814653413482866,0.49,3539.0,0.53,10.87271130901052,,,,,,,,
TOI-6383 Ab,330.5415428584618,0.02292,741.7936664732331,0.026380043120322317,0.457,3444.0,0.458,11.28968539220144,,,,,,,,
TOI-640 Ab,279.68899780331384,0.06608,1749.0694255454932,6.7776954793140325,2.082,6460.0,1.536,19.851104874492403,,,,,,,,
TOI-6420 b,2606.192934076333,0.075,1215.1072917958215,2.0297575473750937,1.312,6020.0,1.165,11.20898073093868,,,,,,,,
TOI-6651 b,61.02305406617756,0.0633,1498.6267579325208,3.342509376919434,1.802,5818.93,1.047,5.089998149919255,,,,,,,,
TOI-6695 b,66.7439653848817,0.402,599.625321207064,3.466423237281696,1.517,6400.0,1.338,9.527633621297879,,,,,,,,
TOI-674 b,23.487519247346466,0.0231,722.4403240800339,0.024016339306238012,0.421,3505.0,0.442,5.260374657029523,,,,,,,,
TOI-677 b,392.2002537378287,0.1038,1098.1003080689939,2.3099012129251317,1.28,6295.0,1.18,13.114507455198256,,,,,,,,
TOI-6883 Ab,1379.3752846208886,0.129,851.5333150934459,1.1623403688444478,1.086,5756.0,1.082,12.184162054530345,,,,,,,,
TOI-6883 Ac,113.46474115429889,0.079,1050.4911760866844,1.1623403688444478,1.086,5756.0,1.082,8.877512738903436,,,,,,,,
TOI-6894 b,53.39517230790537,0.02604,422.02631125926706,0.0035702768138159264,0.2276,2960.0,0.207,9.583678524952571,,,,,,,,
TOI-700 b,1.2903833307743797,0.0677,418.26264354816243,0.023227693485610913,0.42,3480.0,0.416,0.91398028880074,,,,,,,,
TOI-700 d,2.4154958901195283,0.1633,269.17823497693064,0.023227693485610913,0.42,3480.0,0.416,1.0730357253727598,,,,,,,,
TOI-7019 b,19482.881324253565,0.2535,544.7047039757732,0.8599598173265152,0.92,5800.0,0.78,9.191364199369717,,,,,,,,
TOI-7041 b,114.41822637408292,0.091,1521.5608189762086,7.364608672399247,4.1,4700.0,1.07,11.433160345557454,,,,,,,,
TOI-712 b,5.593779956066276,0.07928,678.4635921630395,0.1861358759831578,0.674,4622.0,0.732,2.049001677615591,,,,,,,,
TOI-712 c,8.708498340694089,0.2447,370.2609579916568,0.1861358759831578,0.674,4622.0,0.732,2.7013643561562217,,,,,,,,
TOI-712 d,7.500750395634324,0.3405,313.77959426089956,0.1861358759831578,0.674,4622.0,0.732,2.4740462269327854,,,,,,,,
TOI-7149 b,224.0690266492457,0.026,596.2911162810504,0.014148559712209905,0.351,3363.0,0.344,13.226597262507642,,,,,,,,
TOI-7166 b,6.3883509725529635,0.0503,329.05752945539814,0.004925843838980733,0.245,3092.0,0.221,2.3897546918361265,,,,,,,,
TOI-733 b,5.720911318704146,0.0618,1056.1826596101578,0.7883706545767715,0.95,5585.0,0.956,1.9895940797416156,,,,,,,,
TOI-7497 b,11839.108145651637,0.06048,1158.0837347852623,1.072646800616449,1.01,5850.0,0.99,10.794248443893949,,,,,,,,
TOI-7510 b,18.084436335236994,0.102,887.8364019878254,1.0717236437122701,1.02,5820.0,1.02,7.297046455841081,,,,,,,,
TOI-7510 c,130.30964670381667,0.1595,709.709178786838,1.0717236437122701,1.02,5820.0,1.02,10.805457424624887,,,,,,,,
TOI-7510 d,177.9839076930179,0.2672,548.43488271364,1.0717236437122701,1.02,5820.0,1.02,10.53644188708236,,,,,,,,
TOI-756 Ab,9.83043261597329,0.018,969.8868392149515,0.0409518124355913,0.505,3657.0,0.505,2.810091469246327,,,,,,,,
TOI-757 b,10.488337417624269,0.122,653.9874825504902,0.4163197951691873,0.773,5278.0,0.8,2.4996027029993257,,,,,,,,
TOI-763 Ab,9.789114923115983,0.06,1016.3360368292948,0.6373256902842805,0.897,5450.0,0.917,2.279906680672928,,,,,,,,
TOI-763 Ac,9.318728881355865,0.1,787.2505089580612,0.6373256902842805,0.897,5450.0,0.917,2.6296268794782147,,,,,,,,
TOI-771 b,2.469526719240623,0.0208,526.6953133883536,0.005520316248736179,0.242,3201.0,0.22,1.359649362662862,,,,,,,,
TOI-776 c,6.896876423104443,0.1,415.26256549125776,0.049179308110464205,0.538,3709.0,0.544,2.0501225756886847,,,,,,,,
TOI-778 b,889.9195384650893,0.06,1779.8232374108723,5.865074872702663,1.71,6875.0,1.4,15.401139524309748,,,,,,,,
TOI-782 b,19.101487236339956,0.0578,436.3854961254548,0.01975196178303023,0.413,3370.0,0.397,2.7339824900832537,,,,,,,,
TOI-784 b,9.671518412675953,0.038,1309.373917153768,0.7048217114946492,0.907,5558.0,0.91,1.9301864818676406,,,,,,,,
TOI-815 Ab,7.596098917612728,0.0903,685.605921367745,0.2991789808069949,0.77,4869.0,0.776,2.9401156457252156,,,,,,,,
TOI-836 b,4.529054793974116,0.0422,871.6514453041239,0.17046798748846317,0.665,4552.0,0.678,1.703989250717298,,,,,,,,
TOI-836 c,9.598417879159179,0.075,654.1043418548019,0.17046798748846317,0.665,4552.0,0.678,2.5870327527006474,,,,,,,,
TOI-849 b,41.79443546719973,0.0155,1995.850062826908,0.6330417933228702,0.919,5375.3,0.929,3.444071419388219,,,,,,,,
TOI-858 Bb,349.6112472541423,0.04445,1527.798390607484,1.7673535842650512,1.3,5842.0,1.08,14.067270817328042,,,,,,,,
TOI-892 b,301.936986264941,0.092,1175.8323814542082,2.6655997898200963,1.39,6261.0,1.28,11.993609382104388,,,,,,,,
TOI-905 Ab,211.9915471986481,0.04666,1263.340747722042,0.9206694043003296,1.14,5300.0,0.85,13.125716435929196,,,,,,,,
TOI-912 b,5.085254505514797,0.041,579.5908678135531,0.02566045640655075,0.419,3572.0,0.418,1.9301864818676406,,,,,,,,
TOI-954 Ab,55.30214274747341,0.04963,1704.2465428437965,3.4164669745481535,1.892,5710.0,1.201,9.550051582759755,,,,,,,,
TRAPPIST-1 b,0.858136697805622,0.01111,400.5983577170662,0.000527864085299942,0.117,2560.0,0.08,1.0860381430206487,,,,,,,,
TRAPPIST-1 c,1.3793752846208887,0.01521,342.3746387165875,0.000527864085299942,0.117,2560.0,0.08,1.0559980746617332,,,,,,,,
TRAPPIST-1 d,0.4131769285730772,0.02144,288.3724741044083,0.000527864085299942,0.117,2560.0,0.08,0.7722987723616751,,,,,,,,
TRAPPIST-1 e,0.6356568131893496,0.02817,251.57885007454576,0.000527864085299942,0.117,2560.0,0.08,0.9180155218638779,,,,,,,,
TRAPPIST-1 f,0.667439653848817,0.0371,219.22226883392196,0.000527864085299942,0.117,2560.0,0.08,1.0450132735454132,,,,,,,,
TRAPPIST-1 g,1.3412358758295275,0.0451,198.82827296371437,0.000527864085299942,0.117,2560.0,0.08,1.1265025634593375,,,,,,,,
TrES-1 Ab,241.86741741854752,0.0393,1180.5717346101849,0.4982094530533766,0.857,5242.82,0.896,12.31866982330161,,,,,,,,
TrES-2 Ab,398.2389934631275,0.03555,1496.1301033171285,1.051511421053278,1.0,5850.0,0.98,13.327478089086092,,,,,,,,
TrES-3 b,607.0522565958288,0.0226,1654.323274534013,0.6352661814741964,0.813,5720.0,0.924,14.627719853874977,,,,,,,,
TrES-4 Ab,291.4486488473168,0.05084,1777.9398333790602,4.288808575787274,1.798,6200.0,1.388,19.12252112698139,,,,,,,,
WASP-100 Ab,645.1916653871898,0.0457,2022.8357481330443,5.806737834042568,1.774,6733.0,1.44,18.94317743528637,,,,,,,,
WASP-101 b,158.9142032973374,0.0496,1573.8643157180206,2.5066277678120703,1.29,6400.0,1.34,15.244213794076607,,,,,,,,
WASP-102 b,197.37144049529303,0.041,1672.7057158068433,2.1852605003077814,1.375,5990.0,1.08,14.907944372148446,,,,,,,,
WASP-104 Ab,404.27773318842634,0.02918,1483.6403310076955,0.6850818093345642,0.93,5450.0,1.02,12.74461109107728,,,,,,,,
WASP-105 b,572.0911318704146,0.075,846.8995072485502,0.48051548314724274,0.9,5070.0,0.89,10.760621501701133,,,,,,,,
WASP-106 b,611.819682694749,0.0917,1299.5283088141548,3.9823459801656496,1.85,6000.0,1.27,12.161744093068467,,,,,,,,
WASP-107 b,30.51152703308878,0.055,740.7457369974101,0.1506236979798633,0.66,4430.0,0.69,10.53644188708236,,,,,,,,
WASP-108 Ab,370.9057504959855,0.0397,1600.5801765902775,1.7177030517370449,1.215,6000.0,1.167,13.618911588090498,,,,,,,,
WASP-109 b,289.22385000115406,0.0463,1695.1687122221276,2.939483539265357,1.346,6520.0,1.203,16.174559194744518,,,,,,,,
WASP-10 b,1004.3377648391723,0.0371,1036.0614251142908,0.26293022604374927,0.783,4675.0,0.71,12.105699189413777,,,,,,,,
WASP-110 b,163.68162939625753,0.0457,1143.2913345517543,0.5925396081507893,0.881,5400.0,0.892,13.876718144902087,,,,,,,,
WASP-111 Ab,587.9825522001483,0.03914,2218.023562445528,6.156921307870531,1.954,6510.0,1.336,16.163350214013576,,,,,,,,
WASP-112 b,279.68899780331384,0.0382,1385.4738667354927,0.8928477693119317,1.002,5610.0,0.807,13.349896050547969,,,,,,,,
WASP-113 Ab,150.9684931324705,0.05885,1484.6305097299492,2.7939832476068966,1.608,5890.0,1.318,15.793453849892602,,,,,,,,
WASP-114 Ab,562.2384512659796,0.02851,2028.6025671831715,2.2856429306243453,1.43,5940.0,1.289,15.008825198726893,,,,,,,,
WASP-116 b,203.41018022059188,0.065,1411.6154388767686,2.7857981795057607,1.426,6250.0,1.25,13.67495649174519,,,,,,,,
WASP-117 b,95.34852197840243,0.0714,1193.179437981326,1.6357239319829673,1.17,6040.0,1.126,10.984801116319908,,,,,,,,
WASP-118 Ab,163.36380098966285,0.05453,1779.1237599598558,4.947126009863596,1.81,6404.0,1.29,16.1409322525517,,,,,,,,
WASP-119 b,390.92894011145,0.0363,1567.1190315323531,1.3174884397674043,1.2,5650.0,1.02,15.692573023314152,,,,,,,,
WASP-120 Ab,1608.2117373690544,0.0522,1800.7604624965013,4.749686259074005,1.684,6572.0,1.36,16.9816058073721,,,,,,,,
WASP-121 b,376.3088334080949,0.02544,2358.347201796015,3.323805864661398,1.458,6460.0,1.353,20.90474906320064,,,,,,,,
WASP-122 Ab,445.2775976391394,0.03107,1973.6548806528729,2.4323423232065937,1.508,5875.0,1.06,20.086493469842114,,,,,,,,
WASP-123 Ab,292.4021340671008,0.0431,1471.8360227999503,1.4476033874824947,1.22,5737.0,1.025,14.874317429955628,,,,,,,,
WASP-124 b,190.69704395680486,0.0499,1319.0284919049323,1.251446741895201,1.02,6050.0,1.07,13.899136106363963,,,,,,,,
WASP-126 b,90.29505031354711,0.0449,1493.5783127995699,1.6387395904606998,1.27,5800.0,1.12,10.760621501701133,,,,,,,,
WASP-128 b,11820.038441255954,0.0359,1625.284070398907,1.4933559990532408,1.152,5950.0,1.155,10.502814944889545,,,,,,,,
WASP-129 Ab,317.8284065946748,0.0628,1078.2745856392055,0.8812184782426223,0.9,5900.0,1.0,10.424352079772973,,,,,,,,
WASP-12 Ab,467.2077576941719,0.02344,2578.5340101767883,4.033332345835818,1.657,6360.0,1.434,21.297063388783492,,,,,,,,
WASP-130 Ab,390.92894011145,0.1012,835.4129149096592,0.8283675982528186,0.96,5625.0,1.04,9.975992850535427,,,,,,,,
WASP-131 Ab,85.8136697805622,0.0602,1465.8788531959624,2.778706263575802,1.53,6030.0,1.06,13.338687069817029,,,,,,,,
WASP-132 b,136.0305580225208,0.067,760.0588302245952,0.2487356747531928,0.758,4686.0,0.789,10.099291638575751,,,,,,,,
WASP-132 c,6.261219609915093,0.01833,1453.078083428624,0.2487356747531928,0.758,4686.0,0.789,1.840962995249369,,,,,,,,
WASP-133 b,368.6809516498227,0.0345,1782.263273147062,1.965237020843223,1.44,5700.0,1.16,13.562866684435804,,,,,,,,
WASP-134 b,448.77371011168077,0.0956,959.9683896956587,1.2752811223218754,1.16,5700.0,1.131,11.074472962167416,,,,,,,,
WASP-135 b,603.873972529882,0.0243,1721.5280892782826,0.8612442566438937,0.96,5680.0,0.98,14.571674950220284,,,,,,,,
WASP-137 Ab,216.44114489097356,0.0519,1662.6315339361527,3.3843693891789868,1.65,6100.0,1.216,14.235405528292125,,,,,,,,
WASP-139 Ab,37.18592357157695,0.062,917.5171367993402,0.4523738118312409,0.846,5151.0,0.87,8.967184584750944,,,,,,,,
WASP-140 Ab,775.5013120910064,0.0323,1316.7322096779067,0.5202019929433541,0.87,5260.0,0.9,16.1409322525517,,,,,,,,
WASP-141 b,854.9584137396752,0.0469,1537.6559450274717,2.0419246442142938,1.37,5900.0,1.25,13.562866684435804,,,,,,,,
WASP-142 b,266.9758615395268,0.0347,1992.3468910572246,3.150475553047188,1.64,6010.0,1.33,17.14974051833618,,,,,,,,
WASP-143 b,230.4255947811392,0.049,1285.249063390556,1.087924047213114,1.0,5900.0,1.087,13.831882221978331,,,,,,,,
WASP-144 b,139.84449890165692,0.0316,1208.4744278964727,0.35365627097552915,0.81,4950.0,0.81,9.527633621297879,,,,,,,,
WASP-145 Ab,282.8672818692606,0.0261,1206.0451888838274,0.23932753920279276,0.68,4900.0,0.76,10.088082657844813,,,,,,,,
WASP-146 b,352.78953132008905,0.0451,1577.6298733149392,2.0686608266419664,1.29,6100.0,1.057,13.764628337592699,,,,,,,,
WASP-147 b,87.40281181353558,0.0549,1402.7828670522579,1.9380449217952882,1.429,5702.0,1.044,12.498013514996629,,,,,,,,
WASP-148 b,91.21675269267166,0.08215,937.4362740472822,0.8465167386218222,1.03,5460.0,1.0,8.473989432589642,,,,,,,,
WASP-149 b,314.96795093532273,0.024,1859.9762527651073,1.144746750926751,1.08,5750.0,1.05,15.244213794076607,,,,,,,,
WASP-14 Ab,2333.1783328115075,0.036,1882.3737957519213,2.6917577660886325,1.306,6475.0,1.211,14.35870431633245,,,,,,,,
WASP-150 b,2688.828319790949,0.0694,1484.9792450047044,3.6014160523925702,1.706,6093.0,1.346,11.993609382104388,,,,,,,,
WASP-151 b,98.52680604434919,0.055,1288.8917953399418,1.386272327485572,1.14,5871.0,1.077,12.666148225960708,,,,,,,,
WASP-153 Ab,123.95307857192317,0.048,1712.0523924893394,3.287062916615271,1.73,5914.0,1.336,17.373920132954954,,,,,,,,
WASP-154 b,198.96058252826643,0.044,995.6100958367563,0.31587834865085207,0.823,4774.0,0.8,10.760621501701133,,,,,,,,
WASP-155 b,276.8285421439617,0.043,1465.6367420980373,1.416770889892126,1.24,5660.0,1.09,13.450776877126417,,,,,,,,
WASP-156 b,41.41304137928613,0.0451,971.9262574807323,0.3014003018267599,0.76,4910.0,0.842,6.20977532494003,,,,,,,,
WASP-157 b,183.06916219853267,0.0499,1306.7896616846576,1.2058164098263346,1.1,5772.0,1.06,11.186562769476803,,,,,,,,
WASP-158 b,886.7412543991427,0.0517,1587.702584344339,2.8204280908848647,1.39,6350.0,1.38,11.993609382104388,,,,,,,,
WASP-159 b,174.80562362707116,0.0538,1811.901723186422,5.180365971744481,2.11,6000.0,1.41,15.468393408695379,,,,,,,,
WASP-15 b,172.26299637431376,0.0499,1652.775331350428,3.085415935811943,1.477,6300.0,1.18,16.006424483780435,,,,,,,,
WASP-160 Bb,89.30978225310362,0.0455,1119.2460371037616,0.5394887506836444,0.872,5302.0,0.89,12.251415938915978,,,,,,,,
WASP-162 b,1652.707714292309,0.0871,936.4635575830775,0.872850702553429,1.11,5300.0,0.95,11.20898073093868,,,,,,,,
WASP-164 b,676.9745060466572,0.02818,1610.0812447946778,0.8861974183586165,0.932,5806.0,0.946,12.643730264498831,,,,,,,,
WASP-165 b,209.13109153929602,0.04823,1626.3130941281756,2.7021440490898874,1.75,5599.0,1.248,14.123315720982738,,,,,,,,
WASP-166 b,32.418497472656824,0.0668,1246.7528124337994,1.790324231677064,1.22,6050.0,1.19,6.899127639892758,,,,,,,,
WASP-168 Ab,133.4879307697634,0.0519,1344.032840778269,1.4595923440525322,1.12,6000.0,1.08,16.813471096408023,,,,,,,,
WASP-169 b,178.30173609961258,0.0681,1601.057714042122,5.0603378362024305,2.011,6110.0,1.337,14.61651087314404,,,,,,,,
WASP-16 b,271.74328763844693,0.0421,1268.617801552761,0.7623330265733637,0.946,5550.0,1.022,11.298652576786191,,,,,,,,
WASP-171 b,344.5259927486275,0.0504,1639.2787808170106,3.045998468800643,1.637,5965.0,1.171,11.074472962167416,,,,,,,,
WASP-172 b,149.37935109949714,0.0694,1745.4979253397635,7.424267772543786,1.91,6900.0,1.49,17.59809974757373,,,,,,,,
WASP-175 Ab,314.65012252872805,0.044,1571.2255545939515,1.9593716824392775,1.204,6229.0,1.212,13.540448722973926,,,,,,,,
WASP-176 b,271.74328763844693,0.0535,1715.9926163233474,4.12122724096866,1.945,5902.0,1.27,16.869516000062713,,,,,,,,
WASP-178 b,448.1380532984914,0.0558,2366.937537580819,16.228296181728563,1.801,8640.0,1.93,21.74542261802104,,,,,,,,
WASP-17 b,154.46460560501194,0.0515,1660.0969411778274,3.343761429460548,1.38,6650.0,1.2,22.317080635298915,,,,,,,,
WASP-182 b,47.038604176011866,0.0451,1481.9122825044362,1.628922464502759,1.34,5638.0,1.076,9.527633621297879,,,,,,,,
WASP-184 b,181.1621917589646,0.0627,1484.201102643216,3.1678413238863343,1.65,6000.0,1.23,14.907944372148446,,,,,,,,
WASP-188 Ab,458.62639071611574,0.072,1665.264277900202,6.619954359611729,1.83,6850.0,1.5,14.818272526300937,,,,,,,,
WASP-189 Ab,632.4785291234028,0.05053,2618.239645400985,19.924779029688477,2.33,7996.0,1.887,18.147339803389723,,,,,,,,
WASP-18 Ab,3314.8231494198203,0.02047,2392.275047056688,2.2788757586220063,1.23,6400.0,1.24,13.058462551543563,,,,,,,,
WASP-193 Ab,44.1781485166598,0.0676,1247.717511375676,1.8362582837556323,1.225,6076.0,1.12,16.40994779009423,,,,,,,,
WASP-194 Ab,373.1305493421482,0.047,1691.0599320384988,2.9997775623365865,1.409,6405.0,1.29,15.479602389426319,,,,,,,,
WASP-195 b,33.054154285846174,0.063,1520.3972380290816,3.5218165126891945,1.578,6300.0,1.3,10.312262272463586,,,,,,,,
WASP-197 b,403.3242479686423,0.065,1662.9490795796023,5.365372218262388,2.112,6050.0,1.36,14.448376162179958,,,,,,,,
WASP-19 Ab,362.0065551113346,0.016634,2060.466907586668,0.8281494417279052,1.004,5500.0,0.904,15.804662830623538,,,,,,,,
WASP-1 Ab,300.983501045157,0.03958,1853.878440926531,3.072797453471615,1.564,6116.0,1.153,16.970396826641164,,,,,,,,
WASP-20 Ab,99.48029126413321,0.06003,1381.610768427328,2.1804034638954435,1.392,5950.0,1.202,16.353902886439535,,,,,,,,
WASP-21 b,95.34852197840243,0.052,1262.7359710104038,1.1416007215832615,1.06,5800.0,1.01,13.562866684435804,,,,,,,,
WASP-22 b,196.10012686891434,0.04698,1418.9505599307108,1.4857728508615096,1.13,6000.0,1.1,13.439567896395479,,,,,,,,
WASP-24 Ab,340.39422346289666,0.03651,1641.9327771504256,1.608801619303217,1.147,6075.0,1.129,14.571674950220284,,,,,,,,
WASP-25 b,184.34047582491135,0.0474,1241.29147954107,0.8857458356579155,0.95,5750.0,1.0,14.123315720982738,,,,,,,,
WASP-26 Ab,326.7276019793257,0.03985,1663.751652609221,2.0205424984778886,1.34,5950.0,1.12,14.35870431633245,,,,,,,,
WASP-28 b,288.27036478137006,0.04469,1467.6648388154742,1.5371832267311387,1.094,6150.0,1.021,13.59649362662862,,,,,,,,
WASP-29 Ab,77.23230280250597,0.047,982.1089479090115,0.34111137767049854,0.846,4800.0,0.825,8.686960066477477,,,,,,,,
WASP-2 Ab,269.20066038568956,0.03138,1280.2567744104238,0.43929023282646157,0.834,5150.0,0.84,12.094490208682837,,,,,,,,
WASP-30 b,19343.03682535191,0.05325,1221.760566082267,1.049158194753196,0.889,6201.0,1.166,9.964783869804487,,,,,,,,
WASP-31 b,151.92197835225454,0.04657,1542.7043742337626,2.039861391575398,1.24,6200.0,1.16,17.22820338345275,,,,,,,,
WASP-32 b,1144.1822637408293,0.0394,1561.327837908966,1.531636923565631,1.11,6100.0,1.1,13.226597262507642,,,,,,,,
WASP-33 Ab,889.9195384650893,0.02558,2681.0094457853843,5.613733547051601,1.444,7400.0,1.495,17.967996111694706,,,,,,,,
WASP-34 b,184.34047582491135,0.0545,1135.6116087622106,0.8197017261416396,0.93,5700.0,1.01,14.123315720982738,,,,,,,,
WASP-36 Ab,724.3309386292639,0.02624,1700.0371357377578,0.9550335597851135,0.943,5881.0,1.02,14.224196547561185,,,,,,,,
WASP-37 b,572.0911318704146,0.04339,1327.1308605115203,0.9698211064187868,0.977,5800.0,0.849,13.00241764788887,,,,,,,,
WASP-38 b,861.9506386847581,0.07551,1261.0388621104112,2.393074922233393,1.365,6150.0,1.216,12.094490208682837,,,,,,,,
WASP-39 b,88.99195384650895,0.0486,1117.4302929347941,0.6115213720078515,0.895,5400.0,0.93,14.235405528292125,,,,,,,,
WASP-3 Ab,575.2694159363614,0.0313,2019.0220997410788,2.7033999675893576,1.36,6352.0,1.26,15.602901177466642,,,,,,,,
WASP-41 b,298.7587021989943,0.04,1320.6787853181686,0.8080147458691049,1.01,5450.0,0.95,13.226597262507642,,,,,,,,
WASP-43 b,652.1838903322727,0.01526,1440.9803142507233,0.16672316145199803,0.667,4520.0,0.717,11.612504037252474,,,,,,,,
WASP-44 b,282.5494534626659,0.03473,1347.7769923769326,0.6609050320524166,0.927,5410.0,0.951,12.778238033270094,,,,,,,,
WASP-45 Ab,320.0532054408375,0.04054,1196.6591031451899,0.5596372615829924,0.945,5140.0,0.909,13.00241764788887,,,,,,,,
WASP-46 b,667.7574822554117,0.02448,1658.626403124209,0.753137831309041,0.917,5620.0,0.956,14.683764757529673,,,,,,,,
WASP-47 b,363.09670654595436,0.052,1253.5276984120337,1.1086591924289184,1.14,5552.0,1.04,12.632521283767893,,,,,,,,
WASP-47 d,13.100886919832496,0.088,963.6170731399309,1.1086591924289184,1.14,5552.0,1.04,3.5756648531694393,,,,,,,,
WASP-47 e,6.830132457719561,0.0173,2173.5068312651447,1.1086591924289184,1.14,5552.0,1.04,1.8046458976811277,,,,,,,,
WASP-48 b,311.4718384627813,0.03444,2058.9584052831638,3.5397608104159106,1.75,5990.0,1.19,18.718997820667596,,,,,,,,
WASP-49 Ab,126.81353423127524,0.03873,1385.0483751059237,0.9166680636882327,1.02,5597.0,0.989,13.428358915664539,,,,,,,,
WASP-4 b,380.5677340564636,0.02312,1870.4776254500712,1.0865181075351527,1.15,5500.0,0.93,15.519954720057697,,,,,,,,
WASP-50 b,456.7194202765477,0.02913,1410.7311958358182,0.5580817215093656,0.855,5400.0,0.861,12.755820071808218,,,,,,,,
WASP-52 b,146.2010670335504,0.0272,1299.3686844059134,0.35020692514324325,0.79,5000.0,0.87,14.235405528292125,,,,,,,,
WASP-53 b,677.6101628598467,0.04101,1053.5573635679198,0.3440880772592202,0.798,4953.0,0.839,12.038445305028144,,,,,,,,
WASP-55 Ab,193.8753280227516,0.0533,1286.5745430197007,1.2925625604939008,1.09,5900.0,1.11,14.907944372148446,,,,,,,,
WASP-56 Ab,190.3792155502102,0.05614,1245.7022057995166,1.2560127846060607,1.113,5797.0,1.04,12.24020695818504,,,,,,,,
WASP-58 Ab,282.8672818692606,0.0561,1277.2408250018136,1.3908305693977627,1.17,5800.0,0.94,15.356303601385994,,,,,,,,
WASP-59 Ab,274.28591489120436,0.0697,665.8029262810767,0.1577332640339514,0.613,4650.0,0.719,8.686960066477477,,,,,,,,
WASP-5 b,520.2851015954826,0.02729,1732.2917088786853,1.1136494756770614,1.084,5700.0,1.0,13.125716435929196,,,,,,,,
WASP-60 b,163.36380098966285,0.0531,1318.2278254710727,1.4138660917581627,1.14,5900.0,1.078,9.639723428607265,,,,,,,,
WASP-61 b,654.7265175850301,0.0514,1550.24810753897,2.533893841291393,1.36,6250.0,1.22,13.899136106363963,,,,,,,,
WASP-62 b,184.34047582491135,0.0581,1410.0621761044902,2.215963770865504,1.28,6230.0,1.25,15.580483216004765,,,,,,,,
WASP-63 b,120.77479450597642,0.0574,1531.6137599641404,3.010774026971131,1.88,5550.0,1.32,16.02884244524231,,,,,,,,
WASP-64 Bb,388.06848445209795,0.02648,1752.922957592274,1.0993718583402214,1.0954,5652.0,1.0,14.246614509023063,,,,,,,,
WASP-66 b,737.3619032996454,0.0546,1801.772426363116,5.217258669256134,1.75,6600.0,1.3,15.580483216004765,,,,,,,,
WASP-67 b,133.4879307697634,0.0517,1028.6106017468144,0.4968695811403821,0.87,5200.0,0.87,15.692573023314152,,,,,,,,
WASP-68 Ab,301.936986264941,0.06206,1453.4666645803195,2.854310292401202,1.74,5692.5,1.011,13.899136106363963,,,,,,,,
WASP-69 b,82.63538571461545,0.04525,963.720230713367,0.29329077916697655,0.813,4715.0,0.826,11.847892632602186,,,,,,,,
WASP-6 b,159.86768851712142,0.0421,1195.107330000522,0.5995356937048578,0.87,5450.0,0.888,13.719792414668945,,,,,,,,
WASP-70 Ab,187.51875989085812,0.04853,1390.480525572067,1.4619669809260278,1.215,5763.0,1.106,13.047253570812623,,,,,,,,
WASP-71 Ab,717.6565420907757,0.04631,2064.882171017788,6.474228127236381,2.32,6050.0,1.572,16.813471096408023,,,,,,,,
WASP-72 Ab,459.57987593589974,0.03711,2357.1175617921085,7.058321838750905,2.66,5773.47,1.03,14.235405528292125,,,,,,,,
WASP-73 b,600.6956884639353,0.049,1889.8952900221,5.086282399417298,2.07,6030.0,1.34,13.114507455198256,,,,,,,,
WASP-75 Ab,340.07639505630203,0.0375,1705.0329316206046,1.973562843805532,1.26,6100.0,1.14,14.235405528292125,,,,,,,,
WASP-76 Ab,292.4021340671008,0.033,2182.1238537666463,4.100178891436531,1.73,6250.0,1.46,20.512434737617788,,,,,,,,
WASP-77 Ab,559.0601672000329,0.02345,1692.5290996957094,0.7492867123060475,0.955,5500.0,1.002,13.562866684435804,,,,,,,,
WASP-78 b,282.8672818692606,0.0415,2194.5479498908708,6.633364002790815,2.31,6100.0,2.02,19.055267242595757,,,,,,,,
WASP-79 b,265.38671950655345,0.05014,1820.1492144599224,4.5819882177408315,1.64,6600.0,1.56,17.710189554883115,,,,,,,,
WASP-7 b,305.11527033088777,0.0617,1486.7645548843545,3.088847460934955,1.432,6400.0,1.276,14.907944372148446,,,,,,,,
WASP-80 b,176.07693725344984,0.0346,853.4080148633606,0.1051888648156689,0.63,4145.0,0.58,10.670949655853624,,,,,,,,
WASP-81 b,231.69690840751792,0.03908,1621.8379175609364,1.754673218736883,1.283,5870.0,1.08,16.017633464511377,,,,,,,,
WASP-82 b,394.10722417739674,0.0448,2186.4315938603704,7.61652625729858,2.18,6500.0,1.63,18.27063859143005,,,,,,,,
WASP-83 b,95.34852197840243,0.059,1114.762882879013,0.892670867906149,1.05,5480.0,1.11,11.657339960176229,,,,,,,,
WASP-84 b,219.93725736351493,0.0778,794.5401505608446,0.40057138852294927,0.748,5314.0,0.842,10.720269171069754,,,,,,,,
WASP-87 Ab,702.4007785742313,0.02946,2311.375032298103,4.113433628724123,1.627,6450.0,1.204,15.524438312350073,,,,,,,,
WASP-88 b,177.9839076930179,0.06431,1763.6167711115004,6.644024696390499,2.08,6431.0,1.45,19.055267242595757,,,,,,,,
WASP-89 b,1875.1875989085813,0.0427,1089.8459330977764,0.419112399241254,0.88,4955.0,0.92,11.657339960176229,,,,,,,,
WASP-8 Ab,713.2069443984503,0.0801,943.2709699158613,0.801915188355317,0.953,5600.0,1.033,11.63492199871435,,,,,,,,
WASP-90 b,200.2318961546451,0.0562,1840.3850982742076,6.016789282190022,1.98,6430.0,1.55,18.27063859143005,,,,,,,,
WASP-91 b,425.89006483686427,0.037,1143.7912350088593,0.38908800592165294,0.86,4920.0,0.84,11.545250152866842,,,,,,,,
WASP-92 b,255.85186730871322,0.0348,1879.8262443440765,2.5112309803064843,1.341,6280.0,1.19,16.376320847901415,,,,,,,,
WASP-94 Ab,143.658439780793,0.055,1479.471390336751,2.4066282077955634,1.36,6170.0,1.29,18.662952917012905,,,,,,,,
WASP-95 b,383.3010583531778,0.0312,1633.8177779483945,1.151810401685487,1.13,5630.0,1.11,12.307460842570672,,,,,,,,
WASP-96 b,152.55763516544388,0.0453,1286.14108308757,0.9324127142927638,1.05,5540.0,1.06,13.450776877126417,,,,,,,,
WASP-97 b,419.53349670497073,0.03303,1540.6750429801095,1.0207483258425132,1.06,5640.0,1.12,12.666148225960708,,,,,,,,
WASP-98 Ab,263.7975774735801,0.036,1190.0224380095458,0.4316014952975004,0.718,5526.0,0.97,12.32987880403255,,,,,,,,
WASP-99 b,883.5629703331958,0.0717,1476.4492684787342,4.0566707981836885,1.76,6180.0,1.48,12.32987880403255,,,,,,,,
Wolf 503 b,6.261219609915093,0.05706,809.2018470794255,0.21143841619524884,0.69,4716.0,0.688,2.043060917828193,,,,,,,,
WTS-1 b,1274.4919104446458,0.047,1492.6531680411472,1.8117834153913634,1.15,6250.0,1.2,16.701381289098634,,,,,,,,
WTS-2 b,355.9678153860358,0.01855,1544.2715607573746,0.32496744863944904,0.761,5000.0,0.82,14.571674950220284,,,,,,,,
XO-2N b,197.05361208869837,0.0369,1326.9394310071684,0.7002841560763579,0.998,5290.0,0.96,10.906338251203335,,,,,,,,
XO-3 Ab,3747.1969137512156,0.0454,1889.696100476017,4.214422230842542,1.49,6781.0,1.41,13.641329549552376,,,,,,,,
XO-4 b,513.6107050569944,0.05485,1461.1193310057486,2.2769492392823323,1.55,5700.0,1.32,14.762227622646241,,,,,,,,
XO-5 b,342.3011939024647,0.0487,1239.5765412391631,0.9298409227340765,1.06,5510.0,0.88,11.545250152866842,,,,,,,,
XO-6 b,1420.6929774781963,0.0742,1652.6438535317334,6.819966479249987,1.93,6720.0,1.47,24.323488186136935,,,,,,,,
XO-7 b,230.7434231877339,0.04329,1691.9988355006074,2.5487014273060153,1.48,6000.0,1.405,15.087288063843465,,,,,,,,
Mercury,0.0553,0.387,450.20561879063024,1.0,1.0,5777.0,1.0,0.383,,,,,,,,
Venus,0.815,0.723,327.6190727663178,1.0,1.0,5777.0,1.0,0.949,,,,,,,,
Earth,1.0,1.0,278.58091245157533,1.0,1.0,5777.0,1.0,1.0,,,,,,,,
Mars,0.107,1.52,226.20160464726825,1.0,1.0,5777.0,1.0,0.532,,,,,,,,
Jupiter,317.8,5.2,122.1981111382211,1.0,1.0,5777.0,1.0,11.21,,,,,,,,
Saturn,95.2,9.58,90.03877461368754,1.0,1.0,5777.0,1.0,9.45,,,,,,,,
Uranus,14.5,19.2,63.591642667926635,1.0,1.0,5777.0,1.0,4.01,,,,,,,,
Neptune,17.1,30.05,50.81828403741417,1.0,1.0,5777.0,1.0,3.88,,,,,,,,
